source_id,source_table_key,state_ut_original,sl_no_original,row_type,block,year,reported_cases_raw,raw_value_text,measure_type,category,source_name,source_file,table_page,source_url,notes
S01,S01,Andhra Pradesh,1,state_ut,states,2014,282,282,registered cases (CR),"Total cyber crimes (IT Act + IPC + SLL, NCRB definition)","NCRB 'Crime in India' via MHA reply, Lok Sabha USQ 438 (02.12.2025)",S01_LS_USQ438_2025-12-02_AnnexII_2014-2023.txt,Annexure-II 'State/UT-wise Cases Registered under Cyber Crimes during 2014-2023'; annexure page header 'L.S. US.Q. NO. 438 FOR 02.12.2025'; no printed page no.,https://www.mha.gov.in/MHA1/Par2017/pdfs/par2025-pdfs/LS02122025/438.pdf,
S01,S01,Andhra Pradesh,1,state_ut,states,2015,536,536,registered cases (CR),"Total cyber crimes (IT Act + IPC + SLL, NCRB definition)","NCRB 'Crime in India' via MHA reply, Lok Sabha USQ 438 (02.12.2025)",S01_LS_USQ438_2025-12-02_AnnexII_2014-2023.txt,Annexure-II 'State/UT-wise Cases Registered under Cyber Crimes during 2014-2023'; annexure page header 'L.S. US.Q. NO. 438 FOR 02.12.2025'; no printed page no.,https://www.mha.gov.in/MHA1/Par2017/pdfs/par2025-pdfs/LS02122025/438.pdf,
S01,S01,Andhra Pradesh,1,state_ut,states,2016,616,616,registered cases (CR),"Total cyber crimes (IT Act + IPC + SLL, NCRB definition)","NCRB 'Crime in India' via MHA reply, Lok Sabha USQ 438 (02.12.2025)",S01_LS_USQ438_2025-12-02_AnnexII_2014-2023.txt,Annexure-II 'State/UT-wise Cases Registered under Cyber Crimes during 2014-2023'; annexure page header 'L.S. US.Q. NO. 438 FOR 02.12.2025'; no printed page no.,https://www.mha.gov.in/MHA1/Par2017/pdfs/par2025-pdfs/LS02122025/438.pdf,
S01,S01,Andhra Pradesh,1,state_ut,states,2017,931,931,registered cases (CR),"Total cyber crimes (IT Act + IPC + SLL, NCRB definition)","NCRB 'Crime in India' via MHA reply, Lok Sabha USQ 438 (02.12.2025)",S01_LS_USQ438_2025-12-02_AnnexII_2014-2023.txt,Annexure-II 'State/UT-wise Cases Registered under Cyber Crimes during 2014-2023'; annexure page header 'L.S. US.Q. NO. 438 FOR 02.12.2025'; no printed page no.,https://www.mha.gov.in/MHA1/Par2017/pdfs/par2025-pdfs/LS02122025/438.pdf,
S01,S01,Andhra Pradesh,1,state_ut,states,2018,1207,1207,registered cases (CR),"Total cyber crimes (IT Act + IPC + SLL, NCRB definition)","NCRB 'Crime in India' via MHA reply, Lok Sabha USQ 438 (02.12.2025)",S01_LS_USQ438_2025-12-02_AnnexII_2014-2023.txt,Annexure-II 'State/UT-wise Cases Registered under Cyber Crimes during 2014-2023'; annexure page header 'L.S. US.Q. NO. 438 FOR 02.12.2025'; no printed page no.,https://www.mha.gov.in/MHA1/Par2017/pdfs/par2025-pdfs/LS02122025/438.pdf,
S01,S01,Andhra Pradesh,1,state_ut,states,2019,1886,1886,registered cases (CR),"Total cyber crimes (IT Act + IPC + SLL, NCRB definition)","NCRB 'Crime in India' via MHA reply, Lok Sabha USQ 438 (02.12.2025)",S01_LS_USQ438_2025-12-02_AnnexII_2014-2023.txt,Annexure-II 'State/UT-wise Cases Registered under Cyber Crimes during 2014-2023'; annexure page header 'L.S. US.Q. NO. 438 FOR 02.12.2025'; no printed page no.,https://www.mha.gov.in/MHA1/Par2017/pdfs/par2025-pdfs/LS02122025/438.pdf,
S01,S01,Andhra Pradesh,1,state_ut,states,2020,1899,1899,registered cases (CR),"Total cyber crimes (IT Act + IPC + SLL, NCRB definition)","NCRB 'Crime in India' via MHA reply, Lok Sabha USQ 438 (02.12.2025)",S01_LS_USQ438_2025-12-02_AnnexII_2014-2023.txt,Annexure-II 'State/UT-wise Cases Registered under Cyber Crimes during 2014-2023'; annexure page header 'L.S. US.Q. NO. 438 FOR 02.12.2025'; no printed page no.,https://www.mha.gov.in/MHA1/Par2017/pdfs/par2025-pdfs/LS02122025/438.pdf,
S01,S01,Andhra Pradesh,1,state_ut,states,2021,1875,1875,registered cases (CR),"Total cyber crimes (IT Act + IPC + SLL, NCRB definition)","NCRB 'Crime in India' via MHA reply, Lok Sabha USQ 438 (02.12.2025)",S01_LS_USQ438_2025-12-02_AnnexII_2014-2023.txt,Annexure-II 'State/UT-wise Cases Registered under Cyber Crimes during 2014-2023'; annexure page header 'L.S. US.Q. NO. 438 FOR 02.12.2025'; no printed page no.,https://www.mha.gov.in/MHA1/Par2017/pdfs/par2025-pdfs/LS02122025/438.pdf,
S01,S01,Andhra Pradesh,1,state_ut,states,2022,2341,2341,registered cases (CR),"Total cyber crimes (IT Act + IPC + SLL, NCRB definition)","NCRB 'Crime in India' via MHA reply, Lok Sabha USQ 438 (02.12.2025)",S01_LS_USQ438_2025-12-02_AnnexII_2014-2023.txt,Annexure-II 'State/UT-wise Cases Registered under Cyber Crimes during 2014-2023'; annexure page header 'L.S. US.Q. NO. 438 FOR 02.12.2025'; no printed page no.,https://www.mha.gov.in/MHA1/Par2017/pdfs/par2025-pdfs/LS02122025/438.pdf,
S01,S01,Andhra Pradesh,1,state_ut,states,2023,2341,2341,registered cases (CR),"Total cyber crimes (IT Act + IPC + SLL, NCRB definition)","NCRB 'Crime in India' via MHA reply, Lok Sabha USQ 438 (02.12.2025)",S01_LS_USQ438_2025-12-02_AnnexII_2014-2023.txt,Annexure-II 'State/UT-wise Cases Registered under Cyber Crimes during 2014-2023'; annexure page header 'L.S. US.Q. NO. 438 FOR 02.12.2025'; no printed page no.,https://www.mha.gov.in/MHA1/Par2017/pdfs/par2025-pdfs/LS02122025/438.pdf,"Value 2341 identical to 2022 in S01, S02 and S03 - verify against Crime in India 2023 Table 9A.1."
S01,S01,Arunachal Pradesh,2,state_ut,states,2014,18,18,registered cases (CR),"Total cyber crimes (IT Act + IPC + SLL, NCRB definition)","NCRB 'Crime in India' via MHA reply, Lok Sabha USQ 438 (02.12.2025)",S01_LS_USQ438_2025-12-02_AnnexII_2014-2023.txt,Annexure-II 'State/UT-wise Cases Registered under Cyber Crimes during 2014-2023'; annexure page header 'L.S. US.Q. NO. 438 FOR 02.12.2025'; no printed page no.,https://www.mha.gov.in/MHA1/Par2017/pdfs/par2025-pdfs/LS02122025/438.pdf,
S01,S01,Arunachal Pradesh,2,state_ut,states,2015,6,6,registered cases (CR),"Total cyber crimes (IT Act + IPC + SLL, NCRB definition)","NCRB 'Crime in India' via MHA reply, Lok Sabha USQ 438 (02.12.2025)",S01_LS_USQ438_2025-12-02_AnnexII_2014-2023.txt,Annexure-II 'State/UT-wise Cases Registered under Cyber Crimes during 2014-2023'; annexure page header 'L.S. US.Q. NO. 438 FOR 02.12.2025'; no printed page no.,https://www.mha.gov.in/MHA1/Par2017/pdfs/par2025-pdfs/LS02122025/438.pdf,
S01,S01,Arunachal Pradesh,2,state_ut,states,2016,4,4,registered cases (CR),"Total cyber crimes (IT Act + IPC + SLL, NCRB definition)","NCRB 'Crime in India' via MHA reply, Lok Sabha USQ 438 (02.12.2025)",S01_LS_USQ438_2025-12-02_AnnexII_2014-2023.txt,Annexure-II 'State/UT-wise Cases Registered under Cyber Crimes during 2014-2023'; annexure page header 'L.S. US.Q. NO. 438 FOR 02.12.2025'; no printed page no.,https://www.mha.gov.in/MHA1/Par2017/pdfs/par2025-pdfs/LS02122025/438.pdf,
S01,S01,Arunachal Pradesh,2,state_ut,states,2017,1,1,registered cases (CR),"Total cyber crimes (IT Act + IPC + SLL, NCRB definition)","NCRB 'Crime in India' via MHA reply, Lok Sabha USQ 438 (02.12.2025)",S01_LS_USQ438_2025-12-02_AnnexII_2014-2023.txt,Annexure-II 'State/UT-wise Cases Registered under Cyber Crimes during 2014-2023'; annexure page header 'L.S. US.Q. NO. 438 FOR 02.12.2025'; no printed page no.,https://www.mha.gov.in/MHA1/Par2017/pdfs/par2025-pdfs/LS02122025/438.pdf,
S01,S01,Arunachal Pradesh,2,state_ut,states,2018,7,7,registered cases (CR),"Total cyber crimes (IT Act + IPC + SLL, NCRB definition)","NCRB 'Crime in India' via MHA reply, Lok Sabha USQ 438 (02.12.2025)",S01_LS_USQ438_2025-12-02_AnnexII_2014-2023.txt,Annexure-II 'State/UT-wise Cases Registered under Cyber Crimes during 2014-2023'; annexure page header 'L.S. US.Q. NO. 438 FOR 02.12.2025'; no printed page no.,https://www.mha.gov.in/MHA1/Par2017/pdfs/par2025-pdfs/LS02122025/438.pdf,
S01,S01,Arunachal Pradesh,2,state_ut,states,2019,8,8,registered cases (CR),"Total cyber crimes (IT Act + IPC + SLL, NCRB definition)","NCRB 'Crime in India' via MHA reply, Lok Sabha USQ 438 (02.12.2025)",S01_LS_USQ438_2025-12-02_AnnexII_2014-2023.txt,Annexure-II 'State/UT-wise Cases Registered under Cyber Crimes during 2014-2023'; annexure page header 'L.S. US.Q. NO. 438 FOR 02.12.2025'; no printed page no.,https://www.mha.gov.in/MHA1/Par2017/pdfs/par2025-pdfs/LS02122025/438.pdf,
S01,S01,Arunachal Pradesh,2,state_ut,states,2020,30,30,registered cases (CR),"Total cyber crimes (IT Act + IPC + SLL, NCRB definition)","NCRB 'Crime in India' via MHA reply, Lok Sabha USQ 438 (02.12.2025)",S01_LS_USQ438_2025-12-02_AnnexII_2014-2023.txt,Annexure-II 'State/UT-wise Cases Registered under Cyber Crimes during 2014-2023'; annexure page header 'L.S. US.Q. NO. 438 FOR 02.12.2025'; no printed page no.,https://www.mha.gov.in/MHA1/Par2017/pdfs/par2025-pdfs/LS02122025/438.pdf,
S01,S01,Arunachal Pradesh,2,state_ut,states,2021,47,47,registered cases (CR),"Total cyber crimes (IT Act + IPC + SLL, NCRB definition)","NCRB 'Crime in India' via MHA reply, Lok Sabha USQ 438 (02.12.2025)",S01_LS_USQ438_2025-12-02_AnnexII_2014-2023.txt,Annexure-II 'State/UT-wise Cases Registered under Cyber Crimes during 2014-2023'; annexure page header 'L.S. US.Q. NO. 438 FOR 02.12.2025'; no printed page no.,https://www.mha.gov.in/MHA1/Par2017/pdfs/par2025-pdfs/LS02122025/438.pdf,
S01,S01,Arunachal Pradesh,2,state_ut,states,2022,14,14,registered cases (CR),"Total cyber crimes (IT Act + IPC + SLL, NCRB definition)","NCRB 'Crime in India' via MHA reply, Lok Sabha USQ 438 (02.12.2025)",S01_LS_USQ438_2025-12-02_AnnexII_2014-2023.txt,Annexure-II 'State/UT-wise Cases Registered under Cyber Crimes during 2014-2023'; annexure page header 'L.S. US.Q. NO. 438 FOR 02.12.2025'; no printed page no.,https://www.mha.gov.in/MHA1/Par2017/pdfs/par2025-pdfs/LS02122025/438.pdf,
S01,S01,Arunachal Pradesh,2,state_ut,states,2023,24,24,registered cases (CR),"Total cyber crimes (IT Act + IPC + SLL, NCRB definition)","NCRB 'Crime in India' via MHA reply, Lok Sabha USQ 438 (02.12.2025)",S01_LS_USQ438_2025-12-02_AnnexII_2014-2023.txt,Annexure-II 'State/UT-wise Cases Registered under Cyber Crimes during 2014-2023'; annexure page header 'L.S. US.Q. NO. 438 FOR 02.12.2025'; no printed page no.,https://www.mha.gov.in/MHA1/Par2017/pdfs/par2025-pdfs/LS02122025/438.pdf,
S01,S01,Assam,3,state_ut,states,2014,379,379,registered cases (CR),"Total cyber crimes (IT Act + IPC + SLL, NCRB definition)","NCRB 'Crime in India' via MHA reply, Lok Sabha USQ 438 (02.12.2025)",S01_LS_USQ438_2025-12-02_AnnexII_2014-2023.txt,Annexure-II 'State/UT-wise Cases Registered under Cyber Crimes during 2014-2023'; annexure page header 'L.S. US.Q. NO. 438 FOR 02.12.2025'; no printed page no.,https://www.mha.gov.in/MHA1/Par2017/pdfs/par2025-pdfs/LS02122025/438.pdf,
S01,S01,Assam,3,state_ut,states,2015,483,483,registered cases (CR),"Total cyber crimes (IT Act + IPC + SLL, NCRB definition)","NCRB 'Crime in India' via MHA reply, Lok Sabha USQ 438 (02.12.2025)",S01_LS_USQ438_2025-12-02_AnnexII_2014-2023.txt,Annexure-II 'State/UT-wise Cases Registered under Cyber Crimes during 2014-2023'; annexure page header 'L.S. US.Q. NO. 438 FOR 02.12.2025'; no printed page no.,https://www.mha.gov.in/MHA1/Par2017/pdfs/par2025-pdfs/LS02122025/438.pdf,
S01,S01,Assam,3,state_ut,states,2016,696,696,registered cases (CR),"Total cyber crimes (IT Act + IPC + SLL, NCRB definition)","NCRB 'Crime in India' via MHA reply, Lok Sabha USQ 438 (02.12.2025)",S01_LS_USQ438_2025-12-02_AnnexII_2014-2023.txt,Annexure-II 'State/UT-wise Cases Registered under Cyber Crimes during 2014-2023'; annexure page header 'L.S. US.Q. NO. 438 FOR 02.12.2025'; no printed page no.,https://www.mha.gov.in/MHA1/Par2017/pdfs/par2025-pdfs/LS02122025/438.pdf,
S01,S01,Assam,3,state_ut,states,2017,1120,1120,registered cases (CR),"Total cyber crimes (IT Act + IPC + SLL, NCRB definition)","NCRB 'Crime in India' via MHA reply, Lok Sabha USQ 438 (02.12.2025)",S01_LS_USQ438_2025-12-02_AnnexII_2014-2023.txt,Annexure-II 'State/UT-wise Cases Registered under Cyber Crimes during 2014-2023'; annexure page header 'L.S. US.Q. NO. 438 FOR 02.12.2025'; no printed page no.,https://www.mha.gov.in/MHA1/Par2017/pdfs/par2025-pdfs/LS02122025/438.pdf,
S01,S01,Assam,3,state_ut,states,2018,2022,2022,registered cases (CR),"Total cyber crimes (IT Act + IPC + SLL, NCRB definition)","NCRB 'Crime in India' via MHA reply, Lok Sabha USQ 438 (02.12.2025)",S01_LS_USQ438_2025-12-02_AnnexII_2014-2023.txt,Annexure-II 'State/UT-wise Cases Registered under Cyber Crimes during 2014-2023'; annexure page header 'L.S. US.Q. NO. 438 FOR 02.12.2025'; no printed page no.,https://www.mha.gov.in/MHA1/Par2017/pdfs/par2025-pdfs/LS02122025/438.pdf,
S01,S01,Assam,3,state_ut,states,2019,2231,2231,registered cases (CR),"Total cyber crimes (IT Act + IPC + SLL, NCRB definition)","NCRB 'Crime in India' via MHA reply, Lok Sabha USQ 438 (02.12.2025)",S01_LS_USQ438_2025-12-02_AnnexII_2014-2023.txt,Annexure-II 'State/UT-wise Cases Registered under Cyber Crimes during 2014-2023'; annexure page header 'L.S. US.Q. NO. 438 FOR 02.12.2025'; no printed page no.,https://www.mha.gov.in/MHA1/Par2017/pdfs/par2025-pdfs/LS02122025/438.pdf,
S01,S01,Assam,3,state_ut,states,2020,3530,3530,registered cases (CR),"Total cyber crimes (IT Act + IPC + SLL, NCRB definition)","NCRB 'Crime in India' via MHA reply, Lok Sabha USQ 438 (02.12.2025)",S01_LS_USQ438_2025-12-02_AnnexII_2014-2023.txt,Annexure-II 'State/UT-wise Cases Registered under Cyber Crimes during 2014-2023'; annexure page header 'L.S. US.Q. NO. 438 FOR 02.12.2025'; no printed page no.,https://www.mha.gov.in/MHA1/Par2017/pdfs/par2025-pdfs/LS02122025/438.pdf,
S01,S01,Assam,3,state_ut,states,2021,4846,4846,registered cases (CR),"Total cyber crimes (IT Act + IPC + SLL, NCRB definition)","NCRB 'Crime in India' via MHA reply, Lok Sabha USQ 438 (02.12.2025)",S01_LS_USQ438_2025-12-02_AnnexII_2014-2023.txt,Annexure-II 'State/UT-wise Cases Registered under Cyber Crimes during 2014-2023'; annexure page header 'L.S. US.Q. NO. 438 FOR 02.12.2025'; no printed page no.,https://www.mha.gov.in/MHA1/Par2017/pdfs/par2025-pdfs/LS02122025/438.pdf,
S01,S01,Assam,3,state_ut,states,2022,1733,1733,registered cases (CR),"Total cyber crimes (IT Act + IPC + SLL, NCRB definition)","NCRB 'Crime in India' via MHA reply, Lok Sabha USQ 438 (02.12.2025)",S01_LS_USQ438_2025-12-02_AnnexII_2014-2023.txt,Annexure-II 'State/UT-wise Cases Registered under Cyber Crimes during 2014-2023'; annexure page header 'L.S. US.Q. NO. 438 FOR 02.12.2025'; no printed page no.,https://www.mha.gov.in/MHA1/Par2017/pdfs/par2025-pdfs/LS02122025/438.pdf,
S01,S01,Assam,3,state_ut,states,2023,909,909,registered cases (CR),"Total cyber crimes (IT Act + IPC + SLL, NCRB definition)","NCRB 'Crime in India' via MHA reply, Lok Sabha USQ 438 (02.12.2025)",S01_LS_USQ438_2025-12-02_AnnexII_2014-2023.txt,Annexure-II 'State/UT-wise Cases Registered under Cyber Crimes during 2014-2023'; annexure page header 'L.S. US.Q. NO. 438 FOR 02.12.2025'; no printed page no.,https://www.mha.gov.in/MHA1/Par2017/pdfs/par2025-pdfs/LS02122025/438.pdf,
S01,S01,Bihar,4,state_ut,states,2014,114,114,registered cases (CR),"Total cyber crimes (IT Act + IPC + SLL, NCRB definition)","NCRB 'Crime in India' via MHA reply, Lok Sabha USQ 438 (02.12.2025)",S01_LS_USQ438_2025-12-02_AnnexII_2014-2023.txt,Annexure-II 'State/UT-wise Cases Registered under Cyber Crimes during 2014-2023'; annexure page header 'L.S. US.Q. NO. 438 FOR 02.12.2025'; no printed page no.,https://www.mha.gov.in/MHA1/Par2017/pdfs/par2025-pdfs/LS02122025/438.pdf,
S01,S01,Bihar,4,state_ut,states,2015,242,242,registered cases (CR),"Total cyber crimes (IT Act + IPC + SLL, NCRB definition)","NCRB 'Crime in India' via MHA reply, Lok Sabha USQ 438 (02.12.2025)",S01_LS_USQ438_2025-12-02_AnnexII_2014-2023.txt,Annexure-II 'State/UT-wise Cases Registered under Cyber Crimes during 2014-2023'; annexure page header 'L.S. US.Q. NO. 438 FOR 02.12.2025'; no printed page no.,https://www.mha.gov.in/MHA1/Par2017/pdfs/par2025-pdfs/LS02122025/438.pdf,
S01,S01,Bihar,4,state_ut,states,2016,309,309,registered cases (CR),"Total cyber crimes (IT Act + IPC + SLL, NCRB definition)","NCRB 'Crime in India' via MHA reply, Lok Sabha USQ 438 (02.12.2025)",S01_LS_USQ438_2025-12-02_AnnexII_2014-2023.txt,Annexure-II 'State/UT-wise Cases Registered under Cyber Crimes during 2014-2023'; annexure page header 'L.S. US.Q. NO. 438 FOR 02.12.2025'; no printed page no.,https://www.mha.gov.in/MHA1/Par2017/pdfs/par2025-pdfs/LS02122025/438.pdf,
S01,S01,Bihar,4,state_ut,states,2017,433,433,registered cases (CR),"Total cyber crimes (IT Act + IPC + SLL, NCRB definition)","NCRB 'Crime in India' via MHA reply, Lok Sabha USQ 438 (02.12.2025)",S01_LS_USQ438_2025-12-02_AnnexII_2014-2023.txt,Annexure-II 'State/UT-wise Cases Registered under Cyber Crimes during 2014-2023'; annexure page header 'L.S. US.Q. NO. 438 FOR 02.12.2025'; no printed page no.,https://www.mha.gov.in/MHA1/Par2017/pdfs/par2025-pdfs/LS02122025/438.pdf,
S01,S01,Bihar,4,state_ut,states,2018,374,374,registered cases (CR),"Total cyber crimes (IT Act + IPC + SLL, NCRB definition)","NCRB 'Crime in India' via MHA reply, Lok Sabha USQ 438 (02.12.2025)",S01_LS_USQ438_2025-12-02_AnnexII_2014-2023.txt,Annexure-II 'State/UT-wise Cases Registered under Cyber Crimes during 2014-2023'; annexure page header 'L.S. US.Q. NO. 438 FOR 02.12.2025'; no printed page no.,https://www.mha.gov.in/MHA1/Par2017/pdfs/par2025-pdfs/LS02122025/438.pdf,
S01,S01,Bihar,4,state_ut,states,2019,1050,1050,registered cases (CR),"Total cyber crimes (IT Act + IPC + SLL, NCRB definition)","NCRB 'Crime in India' via MHA reply, Lok Sabha USQ 438 (02.12.2025)",S01_LS_USQ438_2025-12-02_AnnexII_2014-2023.txt,Annexure-II 'State/UT-wise Cases Registered under Cyber Crimes during 2014-2023'; annexure page header 'L.S. US.Q. NO. 438 FOR 02.12.2025'; no printed page no.,https://www.mha.gov.in/MHA1/Par2017/pdfs/par2025-pdfs/LS02122025/438.pdf,
S01,S01,Bihar,4,state_ut,states,2020,1512,1512,registered cases (CR),"Total cyber crimes (IT Act + IPC + SLL, NCRB definition)","NCRB 'Crime in India' via MHA reply, Lok Sabha USQ 438 (02.12.2025)",S01_LS_USQ438_2025-12-02_AnnexII_2014-2023.txt,Annexure-II 'State/UT-wise Cases Registered under Cyber Crimes during 2014-2023'; annexure page header 'L.S. US.Q. NO. 438 FOR 02.12.2025'; no printed page no.,https://www.mha.gov.in/MHA1/Par2017/pdfs/par2025-pdfs/LS02122025/438.pdf,
S01,S01,Bihar,4,state_ut,states,2021,1413,1413,registered cases (CR),"Total cyber crimes (IT Act + IPC + SLL, NCRB definition)","NCRB 'Crime in India' via MHA reply, Lok Sabha USQ 438 (02.12.2025)",S01_LS_USQ438_2025-12-02_AnnexII_2014-2023.txt,Annexure-II 'State/UT-wise Cases Registered under Cyber Crimes during 2014-2023'; annexure page header 'L.S. US.Q. NO. 438 FOR 02.12.2025'; no printed page no.,https://www.mha.gov.in/MHA1/Par2017/pdfs/par2025-pdfs/LS02122025/438.pdf,
S01,S01,Bihar,4,state_ut,states,2022,1621,1621,registered cases (CR),"Total cyber crimes (IT Act + IPC + SLL, NCRB definition)","NCRB 'Crime in India' via MHA reply, Lok Sabha USQ 438 (02.12.2025)",S01_LS_USQ438_2025-12-02_AnnexII_2014-2023.txt,Annexure-II 'State/UT-wise Cases Registered under Cyber Crimes during 2014-2023'; annexure page header 'L.S. US.Q. NO. 438 FOR 02.12.2025'; no printed page no.,https://www.mha.gov.in/MHA1/Par2017/pdfs/par2025-pdfs/LS02122025/438.pdf,
S01,S01,Bihar,4,state_ut,states,2023,4450,4450,registered cases (CR),"Total cyber crimes (IT Act + IPC + SLL, NCRB definition)","NCRB 'Crime in India' via MHA reply, Lok Sabha USQ 438 (02.12.2025)",S01_LS_USQ438_2025-12-02_AnnexII_2014-2023.txt,Annexure-II 'State/UT-wise Cases Registered under Cyber Crimes during 2014-2023'; annexure page header 'L.S. US.Q. NO. 438 FOR 02.12.2025'; no printed page no.,https://www.mha.gov.in/MHA1/Par2017/pdfs/par2025-pdfs/LS02122025/438.pdf,
S01,S01,Chhattisgarh,5,state_ut,states,2014,123,123,registered cases (CR),"Total cyber crimes (IT Act + IPC + SLL, NCRB definition)","NCRB 'Crime in India' via MHA reply, Lok Sabha USQ 438 (02.12.2025)",S01_LS_USQ438_2025-12-02_AnnexII_2014-2023.txt,Annexure-II 'State/UT-wise Cases Registered under Cyber Crimes during 2014-2023'; annexure page header 'L.S. US.Q. NO. 438 FOR 02.12.2025'; no printed page no.,https://www.mha.gov.in/MHA1/Par2017/pdfs/par2025-pdfs/LS02122025/438.pdf,
S01,S01,Chhattisgarh,5,state_ut,states,2015,103,103,registered cases (CR),"Total cyber crimes (IT Act + IPC + SLL, NCRB definition)","NCRB 'Crime in India' via MHA reply, Lok Sabha USQ 438 (02.12.2025)",S01_LS_USQ438_2025-12-02_AnnexII_2014-2023.txt,Annexure-II 'State/UT-wise Cases Registered under Cyber Crimes during 2014-2023'; annexure page header 'L.S. US.Q. NO. 438 FOR 02.12.2025'; no printed page no.,https://www.mha.gov.in/MHA1/Par2017/pdfs/par2025-pdfs/LS02122025/438.pdf,
S01,S01,Chhattisgarh,5,state_ut,states,2016,90,90,registered cases (CR),"Total cyber crimes (IT Act + IPC + SLL, NCRB definition)","NCRB 'Crime in India' via MHA reply, Lok Sabha USQ 438 (02.12.2025)",S01_LS_USQ438_2025-12-02_AnnexII_2014-2023.txt,Annexure-II 'State/UT-wise Cases Registered under Cyber Crimes during 2014-2023'; annexure page header 'L.S. US.Q. NO. 438 FOR 02.12.2025'; no printed page no.,https://www.mha.gov.in/MHA1/Par2017/pdfs/par2025-pdfs/LS02122025/438.pdf,
S01,S01,Chhattisgarh,5,state_ut,states,2017,171,171,registered cases (CR),"Total cyber crimes (IT Act + IPC + SLL, NCRB definition)","NCRB 'Crime in India' via MHA reply, Lok Sabha USQ 438 (02.12.2025)",S01_LS_USQ438_2025-12-02_AnnexII_2014-2023.txt,Annexure-II 'State/UT-wise Cases Registered under Cyber Crimes during 2014-2023'; annexure page header 'L.S. US.Q. NO. 438 FOR 02.12.2025'; no printed page no.,https://www.mha.gov.in/MHA1/Par2017/pdfs/par2025-pdfs/LS02122025/438.pdf,
S01,S01,Chhattisgarh,5,state_ut,states,2018,139,139,registered cases (CR),"Total cyber crimes (IT Act + IPC + SLL, NCRB definition)","NCRB 'Crime in India' via MHA reply, Lok Sabha USQ 438 (02.12.2025)",S01_LS_USQ438_2025-12-02_AnnexII_2014-2023.txt,Annexure-II 'State/UT-wise Cases Registered under Cyber Crimes during 2014-2023'; annexure page header 'L.S. US.Q. NO. 438 FOR 02.12.2025'; no printed page no.,https://www.mha.gov.in/MHA1/Par2017/pdfs/par2025-pdfs/LS02122025/438.pdf,
S01,S01,Chhattisgarh,5,state_ut,states,2019,175,175,registered cases (CR),"Total cyber crimes (IT Act + IPC + SLL, NCRB definition)","NCRB 'Crime in India' via MHA reply, Lok Sabha USQ 438 (02.12.2025)",S01_LS_USQ438_2025-12-02_AnnexII_2014-2023.txt,Annexure-II 'State/UT-wise Cases Registered under Cyber Crimes during 2014-2023'; annexure page header 'L.S. US.Q. NO. 438 FOR 02.12.2025'; no printed page no.,https://www.mha.gov.in/MHA1/Par2017/pdfs/par2025-pdfs/LS02122025/438.pdf,
S01,S01,Chhattisgarh,5,state_ut,states,2020,297,297,registered cases (CR),"Total cyber crimes (IT Act + IPC + SLL, NCRB definition)","NCRB 'Crime in India' via MHA reply, Lok Sabha USQ 438 (02.12.2025)",S01_LS_USQ438_2025-12-02_AnnexII_2014-2023.txt,Annexure-II 'State/UT-wise Cases Registered under Cyber Crimes during 2014-2023'; annexure page header 'L.S. US.Q. NO. 438 FOR 02.12.2025'; no printed page no.,https://www.mha.gov.in/MHA1/Par2017/pdfs/par2025-pdfs/LS02122025/438.pdf,
S01,S01,Chhattisgarh,5,state_ut,states,2021,352,352,registered cases (CR),"Total cyber crimes (IT Act + IPC + SLL, NCRB definition)","NCRB 'Crime in India' via MHA reply, Lok Sabha USQ 438 (02.12.2025)",S01_LS_USQ438_2025-12-02_AnnexII_2014-2023.txt,Annexure-II 'State/UT-wise Cases Registered under Cyber Crimes during 2014-2023'; annexure page header 'L.S. US.Q. NO. 438 FOR 02.12.2025'; no printed page no.,https://www.mha.gov.in/MHA1/Par2017/pdfs/par2025-pdfs/LS02122025/438.pdf,
S01,S01,Chhattisgarh,5,state_ut,states,2022,439,439,registered cases (CR),"Total cyber crimes (IT Act + IPC + SLL, NCRB definition)","NCRB 'Crime in India' via MHA reply, Lok Sabha USQ 438 (02.12.2025)",S01_LS_USQ438_2025-12-02_AnnexII_2014-2023.txt,Annexure-II 'State/UT-wise Cases Registered under Cyber Crimes during 2014-2023'; annexure page header 'L.S. US.Q. NO. 438 FOR 02.12.2025'; no printed page no.,https://www.mha.gov.in/MHA1/Par2017/pdfs/par2025-pdfs/LS02122025/438.pdf,
S01,S01,Chhattisgarh,5,state_ut,states,2023,473,473,registered cases (CR),"Total cyber crimes (IT Act + IPC + SLL, NCRB definition)","NCRB 'Crime in India' via MHA reply, Lok Sabha USQ 438 (02.12.2025)",S01_LS_USQ438_2025-12-02_AnnexII_2014-2023.txt,Annexure-II 'State/UT-wise Cases Registered under Cyber Crimes during 2014-2023'; annexure page header 'L.S. US.Q. NO. 438 FOR 02.12.2025'; no printed page no.,https://www.mha.gov.in/MHA1/Par2017/pdfs/par2025-pdfs/LS02122025/438.pdf,
S01,S01,Goa,6,state_ut,states,2014,62,62,registered cases (CR),"Total cyber crimes (IT Act + IPC + SLL, NCRB definition)","NCRB 'Crime in India' via MHA reply, Lok Sabha USQ 438 (02.12.2025)",S01_LS_USQ438_2025-12-02_AnnexII_2014-2023.txt,Annexure-II 'State/UT-wise Cases Registered under Cyber Crimes during 2014-2023'; annexure page header 'L.S. US.Q. NO. 438 FOR 02.12.2025'; no printed page no.,https://www.mha.gov.in/MHA1/Par2017/pdfs/par2025-pdfs/LS02122025/438.pdf,
S01,S01,Goa,6,state_ut,states,2015,17,17,registered cases (CR),"Total cyber crimes (IT Act + IPC + SLL, NCRB definition)","NCRB 'Crime in India' via MHA reply, Lok Sabha USQ 438 (02.12.2025)",S01_LS_USQ438_2025-12-02_AnnexII_2014-2023.txt,Annexure-II 'State/UT-wise Cases Registered under Cyber Crimes during 2014-2023'; annexure page header 'L.S. US.Q. NO. 438 FOR 02.12.2025'; no printed page no.,https://www.mha.gov.in/MHA1/Par2017/pdfs/par2025-pdfs/LS02122025/438.pdf,
S01,S01,Goa,6,state_ut,states,2016,31,31,registered cases (CR),"Total cyber crimes (IT Act + IPC + SLL, NCRB definition)","NCRB 'Crime in India' via MHA reply, Lok Sabha USQ 438 (02.12.2025)",S01_LS_USQ438_2025-12-02_AnnexII_2014-2023.txt,Annexure-II 'State/UT-wise Cases Registered under Cyber Crimes during 2014-2023'; annexure page header 'L.S. US.Q. NO. 438 FOR 02.12.2025'; no printed page no.,https://www.mha.gov.in/MHA1/Par2017/pdfs/par2025-pdfs/LS02122025/438.pdf,
S01,S01,Goa,6,state_ut,states,2017,13,13,registered cases (CR),"Total cyber crimes (IT Act + IPC + SLL, NCRB definition)","NCRB 'Crime in India' via MHA reply, Lok Sabha USQ 438 (02.12.2025)",S01_LS_USQ438_2025-12-02_AnnexII_2014-2023.txt,Annexure-II 'State/UT-wise Cases Registered under Cyber Crimes during 2014-2023'; annexure page header 'L.S. US.Q. NO. 438 FOR 02.12.2025'; no printed page no.,https://www.mha.gov.in/MHA1/Par2017/pdfs/par2025-pdfs/LS02122025/438.pdf,
S01,S01,Goa,6,state_ut,states,2018,29,29,registered cases (CR),"Total cyber crimes (IT Act + IPC + SLL, NCRB definition)","NCRB 'Crime in India' via MHA reply, Lok Sabha USQ 438 (02.12.2025)",S01_LS_USQ438_2025-12-02_AnnexII_2014-2023.txt,Annexure-II 'State/UT-wise Cases Registered under Cyber Crimes during 2014-2023'; annexure page header 'L.S. US.Q. NO. 438 FOR 02.12.2025'; no printed page no.,https://www.mha.gov.in/MHA1/Par2017/pdfs/par2025-pdfs/LS02122025/438.pdf,
S01,S01,Goa,6,state_ut,states,2019,15,15,registered cases (CR),"Total cyber crimes (IT Act + IPC + SLL, NCRB definition)","NCRB 'Crime in India' via MHA reply, Lok Sabha USQ 438 (02.12.2025)",S01_LS_USQ438_2025-12-02_AnnexII_2014-2023.txt,Annexure-II 'State/UT-wise Cases Registered under Cyber Crimes during 2014-2023'; annexure page header 'L.S. US.Q. NO. 438 FOR 02.12.2025'; no printed page no.,https://www.mha.gov.in/MHA1/Par2017/pdfs/par2025-pdfs/LS02122025/438.pdf,
S01,S01,Goa,6,state_ut,states,2020,40,40,registered cases (CR),"Total cyber crimes (IT Act + IPC + SLL, NCRB definition)","NCRB 'Crime in India' via MHA reply, Lok Sabha USQ 438 (02.12.2025)",S01_LS_USQ438_2025-12-02_AnnexII_2014-2023.txt,Annexure-II 'State/UT-wise Cases Registered under Cyber Crimes during 2014-2023'; annexure page header 'L.S. US.Q. NO. 438 FOR 02.12.2025'; no printed page no.,https://www.mha.gov.in/MHA1/Par2017/pdfs/par2025-pdfs/LS02122025/438.pdf,
S01,S01,Goa,6,state_ut,states,2021,36,36,registered cases (CR),"Total cyber crimes (IT Act + IPC + SLL, NCRB definition)","NCRB 'Crime in India' via MHA reply, Lok Sabha USQ 438 (02.12.2025)",S01_LS_USQ438_2025-12-02_AnnexII_2014-2023.txt,Annexure-II 'State/UT-wise Cases Registered under Cyber Crimes during 2014-2023'; annexure page header 'L.S. US.Q. NO. 438 FOR 02.12.2025'; no printed page no.,https://www.mha.gov.in/MHA1/Par2017/pdfs/par2025-pdfs/LS02122025/438.pdf,
S01,S01,Goa,6,state_ut,states,2022,90,90,registered cases (CR),"Total cyber crimes (IT Act + IPC + SLL, NCRB definition)","NCRB 'Crime in India' via MHA reply, Lok Sabha USQ 438 (02.12.2025)",S01_LS_USQ438_2025-12-02_AnnexII_2014-2023.txt,Annexure-II 'State/UT-wise Cases Registered under Cyber Crimes during 2014-2023'; annexure page header 'L.S. US.Q. NO. 438 FOR 02.12.2025'; no printed page no.,https://www.mha.gov.in/MHA1/Par2017/pdfs/par2025-pdfs/LS02122025/438.pdf,
S01,S01,Goa,6,state_ut,states,2023,86,86,registered cases (CR),"Total cyber crimes (IT Act + IPC + SLL, NCRB definition)","NCRB 'Crime in India' via MHA reply, Lok Sabha USQ 438 (02.12.2025)",S01_LS_USQ438_2025-12-02_AnnexII_2014-2023.txt,Annexure-II 'State/UT-wise Cases Registered under Cyber Crimes during 2014-2023'; annexure page header 'L.S. US.Q. NO. 438 FOR 02.12.2025'; no printed page no.,https://www.mha.gov.in/MHA1/Par2017/pdfs/par2025-pdfs/LS02122025/438.pdf,
S01,S01,Gujarat,7,state_ut,states,2014,227,227,registered cases (CR),"Total cyber crimes (IT Act + IPC + SLL, NCRB definition)","NCRB 'Crime in India' via MHA reply, Lok Sabha USQ 438 (02.12.2025)",S01_LS_USQ438_2025-12-02_AnnexII_2014-2023.txt,Annexure-II 'State/UT-wise Cases Registered under Cyber Crimes during 2014-2023'; annexure page header 'L.S. US.Q. NO. 438 FOR 02.12.2025'; no printed page no.,https://www.mha.gov.in/MHA1/Par2017/pdfs/par2025-pdfs/LS02122025/438.pdf,
S01,S01,Gujarat,7,state_ut,states,2015,242,242,registered cases (CR),"Total cyber crimes (IT Act + IPC + SLL, NCRB definition)","NCRB 'Crime in India' via MHA reply, Lok Sabha USQ 438 (02.12.2025)",S01_LS_USQ438_2025-12-02_AnnexII_2014-2023.txt,Annexure-II 'State/UT-wise Cases Registered under Cyber Crimes during 2014-2023'; annexure page header 'L.S. US.Q. NO. 438 FOR 02.12.2025'; no printed page no.,https://www.mha.gov.in/MHA1/Par2017/pdfs/par2025-pdfs/LS02122025/438.pdf,
S01,S01,Gujarat,7,state_ut,states,2016,362,362,registered cases (CR),"Total cyber crimes (IT Act + IPC + SLL, NCRB definition)","NCRB 'Crime in India' via MHA reply, Lok Sabha USQ 438 (02.12.2025)",S01_LS_USQ438_2025-12-02_AnnexII_2014-2023.txt,Annexure-II 'State/UT-wise Cases Registered under Cyber Crimes during 2014-2023'; annexure page header 'L.S. US.Q. NO. 438 FOR 02.12.2025'; no printed page no.,https://www.mha.gov.in/MHA1/Par2017/pdfs/par2025-pdfs/LS02122025/438.pdf,
S01,S01,Gujarat,7,state_ut,states,2017,458,458,registered cases (CR),"Total cyber crimes (IT Act + IPC + SLL, NCRB definition)","NCRB 'Crime in India' via MHA reply, Lok Sabha USQ 438 (02.12.2025)",S01_LS_USQ438_2025-12-02_AnnexII_2014-2023.txt,Annexure-II 'State/UT-wise Cases Registered under Cyber Crimes during 2014-2023'; annexure page header 'L.S. US.Q. NO. 438 FOR 02.12.2025'; no printed page no.,https://www.mha.gov.in/MHA1/Par2017/pdfs/par2025-pdfs/LS02122025/438.pdf,
S01,S01,Gujarat,7,state_ut,states,2018,702,702,registered cases (CR),"Total cyber crimes (IT Act + IPC + SLL, NCRB definition)","NCRB 'Crime in India' via MHA reply, Lok Sabha USQ 438 (02.12.2025)",S01_LS_USQ438_2025-12-02_AnnexII_2014-2023.txt,Annexure-II 'State/UT-wise Cases Registered under Cyber Crimes during 2014-2023'; annexure page header 'L.S. US.Q. NO. 438 FOR 02.12.2025'; no printed page no.,https://www.mha.gov.in/MHA1/Par2017/pdfs/par2025-pdfs/LS02122025/438.pdf,
S01,S01,Gujarat,7,state_ut,states,2019,784,784,registered cases (CR),"Total cyber crimes (IT Act + IPC + SLL, NCRB definition)","NCRB 'Crime in India' via MHA reply, Lok Sabha USQ 438 (02.12.2025)",S01_LS_USQ438_2025-12-02_AnnexII_2014-2023.txt,Annexure-II 'State/UT-wise Cases Registered under Cyber Crimes during 2014-2023'; annexure page header 'L.S. US.Q. NO. 438 FOR 02.12.2025'; no printed page no.,https://www.mha.gov.in/MHA1/Par2017/pdfs/par2025-pdfs/LS02122025/438.pdf,
S01,S01,Gujarat,7,state_ut,states,2020,1283,1283,registered cases (CR),"Total cyber crimes (IT Act + IPC + SLL, NCRB definition)","NCRB 'Crime in India' via MHA reply, Lok Sabha USQ 438 (02.12.2025)",S01_LS_USQ438_2025-12-02_AnnexII_2014-2023.txt,Annexure-II 'State/UT-wise Cases Registered under Cyber Crimes during 2014-2023'; annexure page header 'L.S. US.Q. NO. 438 FOR 02.12.2025'; no printed page no.,https://www.mha.gov.in/MHA1/Par2017/pdfs/par2025-pdfs/LS02122025/438.pdf,
S01,S01,Gujarat,7,state_ut,states,2021,1536,1536,registered cases (CR),"Total cyber crimes (IT Act + IPC + SLL, NCRB definition)","NCRB 'Crime in India' via MHA reply, Lok Sabha USQ 438 (02.12.2025)",S01_LS_USQ438_2025-12-02_AnnexII_2014-2023.txt,Annexure-II 'State/UT-wise Cases Registered under Cyber Crimes during 2014-2023'; annexure page header 'L.S. US.Q. NO. 438 FOR 02.12.2025'; no printed page no.,https://www.mha.gov.in/MHA1/Par2017/pdfs/par2025-pdfs/LS02122025/438.pdf,
S01,S01,Gujarat,7,state_ut,states,2022,1417,1417,registered cases (CR),"Total cyber crimes (IT Act + IPC + SLL, NCRB definition)","NCRB 'Crime in India' via MHA reply, Lok Sabha USQ 438 (02.12.2025)",S01_LS_USQ438_2025-12-02_AnnexII_2014-2023.txt,Annexure-II 'State/UT-wise Cases Registered under Cyber Crimes during 2014-2023'; annexure page header 'L.S. US.Q. NO. 438 FOR 02.12.2025'; no printed page no.,https://www.mha.gov.in/MHA1/Par2017/pdfs/par2025-pdfs/LS02122025/438.pdf,
S01,S01,Gujarat,7,state_ut,states,2023,1995,1995,registered cases (CR),"Total cyber crimes (IT Act + IPC + SLL, NCRB definition)","NCRB 'Crime in India' via MHA reply, Lok Sabha USQ 438 (02.12.2025)",S01_LS_USQ438_2025-12-02_AnnexII_2014-2023.txt,Annexure-II 'State/UT-wise Cases Registered under Cyber Crimes during 2014-2023'; annexure page header 'L.S. US.Q. NO. 438 FOR 02.12.2025'; no printed page no.,https://www.mha.gov.in/MHA1/Par2017/pdfs/par2025-pdfs/LS02122025/438.pdf,
S01,S01,Haryana,8,state_ut,states,2014,151,151,registered cases (CR),"Total cyber crimes (IT Act + IPC + SLL, NCRB definition)","NCRB 'Crime in India' via MHA reply, Lok Sabha USQ 438 (02.12.2025)",S01_LS_USQ438_2025-12-02_AnnexII_2014-2023.txt,Annexure-II 'State/UT-wise Cases Registered under Cyber Crimes during 2014-2023'; annexure page header 'L.S. US.Q. NO. 438 FOR 02.12.2025'; no printed page no.,https://www.mha.gov.in/MHA1/Par2017/pdfs/par2025-pdfs/LS02122025/438.pdf,
S01,S01,Haryana,8,state_ut,states,2015,224,224,registered cases (CR),"Total cyber crimes (IT Act + IPC + SLL, NCRB definition)","NCRB 'Crime in India' via MHA reply, Lok Sabha USQ 438 (02.12.2025)",S01_LS_USQ438_2025-12-02_AnnexII_2014-2023.txt,Annexure-II 'State/UT-wise Cases Registered under Cyber Crimes during 2014-2023'; annexure page header 'L.S. US.Q. NO. 438 FOR 02.12.2025'; no printed page no.,https://www.mha.gov.in/MHA1/Par2017/pdfs/par2025-pdfs/LS02122025/438.pdf,
S01,S01,Haryana,8,state_ut,states,2016,401,401,registered cases (CR),"Total cyber crimes (IT Act + IPC + SLL, NCRB definition)","NCRB 'Crime in India' via MHA reply, Lok Sabha USQ 438 (02.12.2025)",S01_LS_USQ438_2025-12-02_AnnexII_2014-2023.txt,Annexure-II 'State/UT-wise Cases Registered under Cyber Crimes during 2014-2023'; annexure page header 'L.S. US.Q. NO. 438 FOR 02.12.2025'; no printed page no.,https://www.mha.gov.in/MHA1/Par2017/pdfs/par2025-pdfs/LS02122025/438.pdf,
S01,S01,Haryana,8,state_ut,states,2017,504,504,registered cases (CR),"Total cyber crimes (IT Act + IPC + SLL, NCRB definition)","NCRB 'Crime in India' via MHA reply, Lok Sabha USQ 438 (02.12.2025)",S01_LS_USQ438_2025-12-02_AnnexII_2014-2023.txt,Annexure-II 'State/UT-wise Cases Registered under Cyber Crimes during 2014-2023'; annexure page header 'L.S. US.Q. NO. 438 FOR 02.12.2025'; no printed page no.,https://www.mha.gov.in/MHA1/Par2017/pdfs/par2025-pdfs/LS02122025/438.pdf,
S01,S01,Haryana,8,state_ut,states,2018,418,418,registered cases (CR),"Total cyber crimes (IT Act + IPC + SLL, NCRB definition)","NCRB 'Crime in India' via MHA reply, Lok Sabha USQ 438 (02.12.2025)",S01_LS_USQ438_2025-12-02_AnnexII_2014-2023.txt,Annexure-II 'State/UT-wise Cases Registered under Cyber Crimes during 2014-2023'; annexure page header 'L.S. US.Q. NO. 438 FOR 02.12.2025'; no printed page no.,https://www.mha.gov.in/MHA1/Par2017/pdfs/par2025-pdfs/LS02122025/438.pdf,
S01,S01,Haryana,8,state_ut,states,2019,564,564,registered cases (CR),"Total cyber crimes (IT Act + IPC + SLL, NCRB definition)","NCRB 'Crime in India' via MHA reply, Lok Sabha USQ 438 (02.12.2025)",S01_LS_USQ438_2025-12-02_AnnexII_2014-2023.txt,Annexure-II 'State/UT-wise Cases Registered under Cyber Crimes during 2014-2023'; annexure page header 'L.S. US.Q. NO. 438 FOR 02.12.2025'; no printed page no.,https://www.mha.gov.in/MHA1/Par2017/pdfs/par2025-pdfs/LS02122025/438.pdf,
S01,S01,Haryana,8,state_ut,states,2020,656,656,registered cases (CR),"Total cyber crimes (IT Act + IPC + SLL, NCRB definition)","NCRB 'Crime in India' via MHA reply, Lok Sabha USQ 438 (02.12.2025)",S01_LS_USQ438_2025-12-02_AnnexII_2014-2023.txt,Annexure-II 'State/UT-wise Cases Registered under Cyber Crimes during 2014-2023'; annexure page header 'L.S. US.Q. NO. 438 FOR 02.12.2025'; no printed page no.,https://www.mha.gov.in/MHA1/Par2017/pdfs/par2025-pdfs/LS02122025/438.pdf,
S01,S01,Haryana,8,state_ut,states,2021,622,622,registered cases (CR),"Total cyber crimes (IT Act + IPC + SLL, NCRB definition)","NCRB 'Crime in India' via MHA reply, Lok Sabha USQ 438 (02.12.2025)",S01_LS_USQ438_2025-12-02_AnnexII_2014-2023.txt,Annexure-II 'State/UT-wise Cases Registered under Cyber Crimes during 2014-2023'; annexure page header 'L.S. US.Q. NO. 438 FOR 02.12.2025'; no printed page no.,https://www.mha.gov.in/MHA1/Par2017/pdfs/par2025-pdfs/LS02122025/438.pdf,
S01,S01,Haryana,8,state_ut,states,2022,681,681,registered cases (CR),"Total cyber crimes (IT Act + IPC + SLL, NCRB definition)","NCRB 'Crime in India' via MHA reply, Lok Sabha USQ 438 (02.12.2025)",S01_LS_USQ438_2025-12-02_AnnexII_2014-2023.txt,Annexure-II 'State/UT-wise Cases Registered under Cyber Crimes during 2014-2023'; annexure page header 'L.S. US.Q. NO. 438 FOR 02.12.2025'; no printed page no.,https://www.mha.gov.in/MHA1/Par2017/pdfs/par2025-pdfs/LS02122025/438.pdf,
S01,S01,Haryana,8,state_ut,states,2023,751,751,registered cases (CR),"Total cyber crimes (IT Act + IPC + SLL, NCRB definition)","NCRB 'Crime in India' via MHA reply, Lok Sabha USQ 438 (02.12.2025)",S01_LS_USQ438_2025-12-02_AnnexII_2014-2023.txt,Annexure-II 'State/UT-wise Cases Registered under Cyber Crimes during 2014-2023'; annexure page header 'L.S. US.Q. NO. 438 FOR 02.12.2025'; no printed page no.,https://www.mha.gov.in/MHA1/Par2017/pdfs/par2025-pdfs/LS02122025/438.pdf,
S01,S01,Himachal Pradesh,9,state_ut,states,2014,38,38,registered cases (CR),"Total cyber crimes (IT Act + IPC + SLL, NCRB definition)","NCRB 'Crime in India' via MHA reply, Lok Sabha USQ 438 (02.12.2025)",S01_LS_USQ438_2025-12-02_AnnexII_2014-2023.txt,Annexure-II 'State/UT-wise Cases Registered under Cyber Crimes during 2014-2023'; annexure page header 'L.S. US.Q. NO. 438 FOR 02.12.2025'; no printed page no.,https://www.mha.gov.in/MHA1/Par2017/pdfs/par2025-pdfs/LS02122025/438.pdf,
S01,S01,Himachal Pradesh,9,state_ut,states,2015,50,50,registered cases (CR),"Total cyber crimes (IT Act + IPC + SLL, NCRB definition)","NCRB 'Crime in India' via MHA reply, Lok Sabha USQ 438 (02.12.2025)",S01_LS_USQ438_2025-12-02_AnnexII_2014-2023.txt,Annexure-II 'State/UT-wise Cases Registered under Cyber Crimes during 2014-2023'; annexure page header 'L.S. US.Q. NO. 438 FOR 02.12.2025'; no printed page no.,https://www.mha.gov.in/MHA1/Par2017/pdfs/par2025-pdfs/LS02122025/438.pdf,
S01,S01,Himachal Pradesh,9,state_ut,states,2016,31,31,registered cases (CR),"Total cyber crimes (IT Act + IPC + SLL, NCRB definition)","NCRB 'Crime in India' via MHA reply, Lok Sabha USQ 438 (02.12.2025)",S01_LS_USQ438_2025-12-02_AnnexII_2014-2023.txt,Annexure-II 'State/UT-wise Cases Registered under Cyber Crimes during 2014-2023'; annexure page header 'L.S. US.Q. NO. 438 FOR 02.12.2025'; no printed page no.,https://www.mha.gov.in/MHA1/Par2017/pdfs/par2025-pdfs/LS02122025/438.pdf,
S01,S01,Himachal Pradesh,9,state_ut,states,2017,56,56,registered cases (CR),"Total cyber crimes (IT Act + IPC + SLL, NCRB definition)","NCRB 'Crime in India' via MHA reply, Lok Sabha USQ 438 (02.12.2025)",S01_LS_USQ438_2025-12-02_AnnexII_2014-2023.txt,Annexure-II 'State/UT-wise Cases Registered under Cyber Crimes during 2014-2023'; annexure page header 'L.S. US.Q. NO. 438 FOR 02.12.2025'; no printed page no.,https://www.mha.gov.in/MHA1/Par2017/pdfs/par2025-pdfs/LS02122025/438.pdf,
S01,S01,Himachal Pradesh,9,state_ut,states,2018,69,69,registered cases (CR),"Total cyber crimes (IT Act + IPC + SLL, NCRB definition)","NCRB 'Crime in India' via MHA reply, Lok Sabha USQ 438 (02.12.2025)",S01_LS_USQ438_2025-12-02_AnnexII_2014-2023.txt,Annexure-II 'State/UT-wise Cases Registered under Cyber Crimes during 2014-2023'; annexure page header 'L.S. US.Q. NO. 438 FOR 02.12.2025'; no printed page no.,https://www.mha.gov.in/MHA1/Par2017/pdfs/par2025-pdfs/LS02122025/438.pdf,
S01,S01,Himachal Pradesh,9,state_ut,states,2019,76,76,registered cases (CR),"Total cyber crimes (IT Act + IPC + SLL, NCRB definition)","NCRB 'Crime in India' via MHA reply, Lok Sabha USQ 438 (02.12.2025)",S01_LS_USQ438_2025-12-02_AnnexII_2014-2023.txt,Annexure-II 'State/UT-wise Cases Registered under Cyber Crimes during 2014-2023'; annexure page header 'L.S. US.Q. NO. 438 FOR 02.12.2025'; no printed page no.,https://www.mha.gov.in/MHA1/Par2017/pdfs/par2025-pdfs/LS02122025/438.pdf,
S01,S01,Himachal Pradesh,9,state_ut,states,2020,98,98,registered cases (CR),"Total cyber crimes (IT Act + IPC + SLL, NCRB definition)","NCRB 'Crime in India' via MHA reply, Lok Sabha USQ 438 (02.12.2025)",S01_LS_USQ438_2025-12-02_AnnexII_2014-2023.txt,Annexure-II 'State/UT-wise Cases Registered under Cyber Crimes during 2014-2023'; annexure page header 'L.S. US.Q. NO. 438 FOR 02.12.2025'; no printed page no.,https://www.mha.gov.in/MHA1/Par2017/pdfs/par2025-pdfs/LS02122025/438.pdf,
S01,S01,Himachal Pradesh,9,state_ut,states,2021,70,70,registered cases (CR),"Total cyber crimes (IT Act + IPC + SLL, NCRB definition)","NCRB 'Crime in India' via MHA reply, Lok Sabha USQ 438 (02.12.2025)",S01_LS_USQ438_2025-12-02_AnnexII_2014-2023.txt,Annexure-II 'State/UT-wise Cases Registered under Cyber Crimes during 2014-2023'; annexure page header 'L.S. US.Q. NO. 438 FOR 02.12.2025'; no printed page no.,https://www.mha.gov.in/MHA1/Par2017/pdfs/par2025-pdfs/LS02122025/438.pdf,
S01,S01,Himachal Pradesh,9,state_ut,states,2022,77,77,registered cases (CR),"Total cyber crimes (IT Act + IPC + SLL, NCRB definition)","NCRB 'Crime in India' via MHA reply, Lok Sabha USQ 438 (02.12.2025)",S01_LS_USQ438_2025-12-02_AnnexII_2014-2023.txt,Annexure-II 'State/UT-wise Cases Registered under Cyber Crimes during 2014-2023'; annexure page header 'L.S. US.Q. NO. 438 FOR 02.12.2025'; no printed page no.,https://www.mha.gov.in/MHA1/Par2017/pdfs/par2025-pdfs/LS02122025/438.pdf,
S01,S01,Himachal Pradesh,9,state_ut,states,2023,127,127,registered cases (CR),"Total cyber crimes (IT Act + IPC + SLL, NCRB definition)","NCRB 'Crime in India' via MHA reply, Lok Sabha USQ 438 (02.12.2025)",S01_LS_USQ438_2025-12-02_AnnexII_2014-2023.txt,Annexure-II 'State/UT-wise Cases Registered under Cyber Crimes during 2014-2023'; annexure page header 'L.S. US.Q. NO. 438 FOR 02.12.2025'; no printed page no.,https://www.mha.gov.in/MHA1/Par2017/pdfs/par2025-pdfs/LS02122025/438.pdf,
S01,S01,Jharkhand,10,state_ut,states,2014,93,93,registered cases (CR),"Total cyber crimes (IT Act + IPC + SLL, NCRB definition)","NCRB 'Crime in India' via MHA reply, Lok Sabha USQ 438 (02.12.2025)",S01_LS_USQ438_2025-12-02_AnnexII_2014-2023.txt,Annexure-II 'State/UT-wise Cases Registered under Cyber Crimes during 2014-2023'; annexure page header 'L.S. US.Q. NO. 438 FOR 02.12.2025'; no printed page no.,https://www.mha.gov.in/MHA1/Par2017/pdfs/par2025-pdfs/LS02122025/438.pdf,
S01,S01,Jharkhand,10,state_ut,states,2015,180,180,registered cases (CR),"Total cyber crimes (IT Act + IPC + SLL, NCRB definition)","NCRB 'Crime in India' via MHA reply, Lok Sabha USQ 438 (02.12.2025)",S01_LS_USQ438_2025-12-02_AnnexII_2014-2023.txt,Annexure-II 'State/UT-wise Cases Registered under Cyber Crimes during 2014-2023'; annexure page header 'L.S. US.Q. NO. 438 FOR 02.12.2025'; no printed page no.,https://www.mha.gov.in/MHA1/Par2017/pdfs/par2025-pdfs/LS02122025/438.pdf,
S01,S01,Jharkhand,10,state_ut,states,2016,259,259,registered cases (CR),"Total cyber crimes (IT Act + IPC + SLL, NCRB definition)","NCRB 'Crime in India' via MHA reply, Lok Sabha USQ 438 (02.12.2025)",S01_LS_USQ438_2025-12-02_AnnexII_2014-2023.txt,Annexure-II 'State/UT-wise Cases Registered under Cyber Crimes during 2014-2023'; annexure page header 'L.S. US.Q. NO. 438 FOR 02.12.2025'; no printed page no.,https://www.mha.gov.in/MHA1/Par2017/pdfs/par2025-pdfs/LS02122025/438.pdf,
S01,S01,Jharkhand,10,state_ut,states,2017,720,720,registered cases (CR),"Total cyber crimes (IT Act + IPC + SLL, NCRB definition)","NCRB 'Crime in India' via MHA reply, Lok Sabha USQ 438 (02.12.2025)",S01_LS_USQ438_2025-12-02_AnnexII_2014-2023.txt,Annexure-II 'State/UT-wise Cases Registered under Cyber Crimes during 2014-2023'; annexure page header 'L.S. US.Q. NO. 438 FOR 02.12.2025'; no printed page no.,https://www.mha.gov.in/MHA1/Par2017/pdfs/par2025-pdfs/LS02122025/438.pdf,
S01,S01,Jharkhand,10,state_ut,states,2018,930,930,registered cases (CR),"Total cyber crimes (IT Act + IPC + SLL, NCRB definition)","NCRB 'Crime in India' via MHA reply, Lok Sabha USQ 438 (02.12.2025)",S01_LS_USQ438_2025-12-02_AnnexII_2014-2023.txt,Annexure-II 'State/UT-wise Cases Registered under Cyber Crimes during 2014-2023'; annexure page header 'L.S. US.Q. NO. 438 FOR 02.12.2025'; no printed page no.,https://www.mha.gov.in/MHA1/Par2017/pdfs/par2025-pdfs/LS02122025/438.pdf,
S01,S01,Jharkhand,10,state_ut,states,2019,1095,1095,registered cases (CR),"Total cyber crimes (IT Act + IPC + SLL, NCRB definition)","NCRB 'Crime in India' via MHA reply, Lok Sabha USQ 438 (02.12.2025)",S01_LS_USQ438_2025-12-02_AnnexII_2014-2023.txt,Annexure-II 'State/UT-wise Cases Registered under Cyber Crimes during 2014-2023'; annexure page header 'L.S. US.Q. NO. 438 FOR 02.12.2025'; no printed page no.,https://www.mha.gov.in/MHA1/Par2017/pdfs/par2025-pdfs/LS02122025/438.pdf,
S01,S01,Jharkhand,10,state_ut,states,2020,1204,1204,registered cases (CR),"Total cyber crimes (IT Act + IPC + SLL, NCRB definition)","NCRB 'Crime in India' via MHA reply, Lok Sabha USQ 438 (02.12.2025)",S01_LS_USQ438_2025-12-02_AnnexII_2014-2023.txt,Annexure-II 'State/UT-wise Cases Registered under Cyber Crimes during 2014-2023'; annexure page header 'L.S. US.Q. NO. 438 FOR 02.12.2025'; no printed page no.,https://www.mha.gov.in/MHA1/Par2017/pdfs/par2025-pdfs/LS02122025/438.pdf,
S01,S01,Jharkhand,10,state_ut,states,2021,953,953,registered cases (CR),"Total cyber crimes (IT Act + IPC + SLL, NCRB definition)","NCRB 'Crime in India' via MHA reply, Lok Sabha USQ 438 (02.12.2025)",S01_LS_USQ438_2025-12-02_AnnexII_2014-2023.txt,Annexure-II 'State/UT-wise Cases Registered under Cyber Crimes during 2014-2023'; annexure page header 'L.S. US.Q. NO. 438 FOR 02.12.2025'; no printed page no.,https://www.mha.gov.in/MHA1/Par2017/pdfs/par2025-pdfs/LS02122025/438.pdf,
S01,S01,Jharkhand,10,state_ut,states,2022,967,967,registered cases (CR),"Total cyber crimes (IT Act + IPC + SLL, NCRB definition)","NCRB 'Crime in India' via MHA reply, Lok Sabha USQ 438 (02.12.2025)",S01_LS_USQ438_2025-12-02_AnnexII_2014-2023.txt,Annexure-II 'State/UT-wise Cases Registered under Cyber Crimes during 2014-2023'; annexure page header 'L.S. US.Q. NO. 438 FOR 02.12.2025'; no printed page no.,https://www.mha.gov.in/MHA1/Par2017/pdfs/par2025-pdfs/LS02122025/438.pdf,
S01,S01,Jharkhand,10,state_ut,states,2023,1079,1079,registered cases (CR),"Total cyber crimes (IT Act + IPC + SLL, NCRB definition)","NCRB 'Crime in India' via MHA reply, Lok Sabha USQ 438 (02.12.2025)",S01_LS_USQ438_2025-12-02_AnnexII_2014-2023.txt,Annexure-II 'State/UT-wise Cases Registered under Cyber Crimes during 2014-2023'; annexure page header 'L.S. US.Q. NO. 438 FOR 02.12.2025'; no printed page no.,https://www.mha.gov.in/MHA1/Par2017/pdfs/par2025-pdfs/LS02122025/438.pdf,
S01,S01,Karnataka,11,state_ut,states,2014,1020,1020,registered cases (CR),"Total cyber crimes (IT Act + IPC + SLL, NCRB definition)","NCRB 'Crime in India' via MHA reply, Lok Sabha USQ 438 (02.12.2025)",S01_LS_USQ438_2025-12-02_AnnexII_2014-2023.txt,Annexure-II 'State/UT-wise Cases Registered under Cyber Crimes during 2014-2023'; annexure page header 'L.S. US.Q. NO. 438 FOR 02.12.2025'; no printed page no.,https://www.mha.gov.in/MHA1/Par2017/pdfs/par2025-pdfs/LS02122025/438.pdf,
S01,S01,Karnataka,11,state_ut,states,2015,1447,1447,registered cases (CR),"Total cyber crimes (IT Act + IPC + SLL, NCRB definition)","NCRB 'Crime in India' via MHA reply, Lok Sabha USQ 438 (02.12.2025)",S01_LS_USQ438_2025-12-02_AnnexII_2014-2023.txt,Annexure-II 'State/UT-wise Cases Registered under Cyber Crimes during 2014-2023'; annexure page header 'L.S. US.Q. NO. 438 FOR 02.12.2025'; no printed page no.,https://www.mha.gov.in/MHA1/Par2017/pdfs/par2025-pdfs/LS02122025/438.pdf,
S01,S01,Karnataka,11,state_ut,states,2016,1101,1101,registered cases (CR),"Total cyber crimes (IT Act + IPC + SLL, NCRB definition)","NCRB 'Crime in India' via MHA reply, Lok Sabha USQ 438 (02.12.2025)",S01_LS_USQ438_2025-12-02_AnnexII_2014-2023.txt,Annexure-II 'State/UT-wise Cases Registered under Cyber Crimes during 2014-2023'; annexure page header 'L.S. US.Q. NO. 438 FOR 02.12.2025'; no printed page no.,https://www.mha.gov.in/MHA1/Par2017/pdfs/par2025-pdfs/LS02122025/438.pdf,
S01,S01,Karnataka,11,state_ut,states,2017,3174,3174,registered cases (CR),"Total cyber crimes (IT Act + IPC + SLL, NCRB definition)","NCRB 'Crime in India' via MHA reply, Lok Sabha USQ 438 (02.12.2025)",S01_LS_USQ438_2025-12-02_AnnexII_2014-2023.txt,Annexure-II 'State/UT-wise Cases Registered under Cyber Crimes during 2014-2023'; annexure page header 'L.S. US.Q. NO. 438 FOR 02.12.2025'; no printed page no.,https://www.mha.gov.in/MHA1/Par2017/pdfs/par2025-pdfs/LS02122025/438.pdf,
S01,S01,Karnataka,11,state_ut,states,2018,5839,5839,registered cases (CR),"Total cyber crimes (IT Act + IPC + SLL, NCRB definition)","NCRB 'Crime in India' via MHA reply, Lok Sabha USQ 438 (02.12.2025)",S01_LS_USQ438_2025-12-02_AnnexII_2014-2023.txt,Annexure-II 'State/UT-wise Cases Registered under Cyber Crimes during 2014-2023'; annexure page header 'L.S. US.Q. NO. 438 FOR 02.12.2025'; no printed page no.,https://www.mha.gov.in/MHA1/Par2017/pdfs/par2025-pdfs/LS02122025/438.pdf,
S01,S01,Karnataka,11,state_ut,states,2019,12020,12020,registered cases (CR),"Total cyber crimes (IT Act + IPC + SLL, NCRB definition)","NCRB 'Crime in India' via MHA reply, Lok Sabha USQ 438 (02.12.2025)",S01_LS_USQ438_2025-12-02_AnnexII_2014-2023.txt,Annexure-II 'State/UT-wise Cases Registered under Cyber Crimes during 2014-2023'; annexure page header 'L.S. US.Q. NO. 438 FOR 02.12.2025'; no printed page no.,https://www.mha.gov.in/MHA1/Par2017/pdfs/par2025-pdfs/LS02122025/438.pdf,
S01,S01,Karnataka,11,state_ut,states,2020,10741,10741,registered cases (CR),"Total cyber crimes (IT Act + IPC + SLL, NCRB definition)","NCRB 'Crime in India' via MHA reply, Lok Sabha USQ 438 (02.12.2025)",S01_LS_USQ438_2025-12-02_AnnexII_2014-2023.txt,Annexure-II 'State/UT-wise Cases Registered under Cyber Crimes during 2014-2023'; annexure page header 'L.S. US.Q. NO. 438 FOR 02.12.2025'; no printed page no.,https://www.mha.gov.in/MHA1/Par2017/pdfs/par2025-pdfs/LS02122025/438.pdf,
S01,S01,Karnataka,11,state_ut,states,2021,8136,8136,registered cases (CR),"Total cyber crimes (IT Act + IPC + SLL, NCRB definition)","NCRB 'Crime in India' via MHA reply, Lok Sabha USQ 438 (02.12.2025)",S01_LS_USQ438_2025-12-02_AnnexII_2014-2023.txt,Annexure-II 'State/UT-wise Cases Registered under Cyber Crimes during 2014-2023'; annexure page header 'L.S. US.Q. NO. 438 FOR 02.12.2025'; no printed page no.,https://www.mha.gov.in/MHA1/Par2017/pdfs/par2025-pdfs/LS02122025/438.pdf,
S01,S01,Karnataka,11,state_ut,states,2022,12556,12556,registered cases (CR),"Total cyber crimes (IT Act + IPC + SLL, NCRB definition)","NCRB 'Crime in India' via MHA reply, Lok Sabha USQ 438 (02.12.2025)",S01_LS_USQ438_2025-12-02_AnnexII_2014-2023.txt,Annexure-II 'State/UT-wise Cases Registered under Cyber Crimes during 2014-2023'; annexure page header 'L.S. US.Q. NO. 438 FOR 02.12.2025'; no printed page no.,https://www.mha.gov.in/MHA1/Par2017/pdfs/par2025-pdfs/LS02122025/438.pdf,
S01,S01,Karnataka,11,state_ut,states,2023,21889,21889,registered cases (CR),"Total cyber crimes (IT Act + IPC + SLL, NCRB definition)","NCRB 'Crime in India' via MHA reply, Lok Sabha USQ 438 (02.12.2025)",S01_LS_USQ438_2025-12-02_AnnexII_2014-2023.txt,Annexure-II 'State/UT-wise Cases Registered under Cyber Crimes during 2014-2023'; annexure page header 'L.S. US.Q. NO. 438 FOR 02.12.2025'; no printed page no.,https://www.mha.gov.in/MHA1/Par2017/pdfs/par2025-pdfs/LS02122025/438.pdf,
S01,S01,Kerala,12,state_ut,states,2014,450,450,registered cases (CR),"Total cyber crimes (IT Act + IPC + SLL, NCRB definition)","NCRB 'Crime in India' via MHA reply, Lok Sabha USQ 438 (02.12.2025)",S01_LS_USQ438_2025-12-02_AnnexII_2014-2023.txt,Annexure-II 'State/UT-wise Cases Registered under Cyber Crimes during 2014-2023'; annexure page header 'L.S. US.Q. NO. 438 FOR 02.12.2025'; no printed page no.,https://www.mha.gov.in/MHA1/Par2017/pdfs/par2025-pdfs/LS02122025/438.pdf,
S01,S01,Kerala,12,state_ut,states,2015,290,290,registered cases (CR),"Total cyber crimes (IT Act + IPC + SLL, NCRB definition)","NCRB 'Crime in India' via MHA reply, Lok Sabha USQ 438 (02.12.2025)",S01_LS_USQ438_2025-12-02_AnnexII_2014-2023.txt,Annexure-II 'State/UT-wise Cases Registered under Cyber Crimes during 2014-2023'; annexure page header 'L.S. US.Q. NO. 438 FOR 02.12.2025'; no printed page no.,https://www.mha.gov.in/MHA1/Par2017/pdfs/par2025-pdfs/LS02122025/438.pdf,
S01,S01,Kerala,12,state_ut,states,2016,283,283,registered cases (CR),"Total cyber crimes (IT Act + IPC + SLL, NCRB definition)","NCRB 'Crime in India' via MHA reply, Lok Sabha USQ 438 (02.12.2025)",S01_LS_USQ438_2025-12-02_AnnexII_2014-2023.txt,Annexure-II 'State/UT-wise Cases Registered under Cyber Crimes during 2014-2023'; annexure page header 'L.S. US.Q. NO. 438 FOR 02.12.2025'; no printed page no.,https://www.mha.gov.in/MHA1/Par2017/pdfs/par2025-pdfs/LS02122025/438.pdf,
S01,S01,Kerala,12,state_ut,states,2017,320,320,registered cases (CR),"Total cyber crimes (IT Act + IPC + SLL, NCRB definition)","NCRB 'Crime in India' via MHA reply, Lok Sabha USQ 438 (02.12.2025)",S01_LS_USQ438_2025-12-02_AnnexII_2014-2023.txt,Annexure-II 'State/UT-wise Cases Registered under Cyber Crimes during 2014-2023'; annexure page header 'L.S. US.Q. NO. 438 FOR 02.12.2025'; no printed page no.,https://www.mha.gov.in/MHA1/Par2017/pdfs/par2025-pdfs/LS02122025/438.pdf,
S01,S01,Kerala,12,state_ut,states,2018,340,340,registered cases (CR),"Total cyber crimes (IT Act + IPC + SLL, NCRB definition)","NCRB 'Crime in India' via MHA reply, Lok Sabha USQ 438 (02.12.2025)",S01_LS_USQ438_2025-12-02_AnnexII_2014-2023.txt,Annexure-II 'State/UT-wise Cases Registered under Cyber Crimes during 2014-2023'; annexure page header 'L.S. US.Q. NO. 438 FOR 02.12.2025'; no printed page no.,https://www.mha.gov.in/MHA1/Par2017/pdfs/par2025-pdfs/LS02122025/438.pdf,
S01,S01,Kerala,12,state_ut,states,2019,307,307,registered cases (CR),"Total cyber crimes (IT Act + IPC + SLL, NCRB definition)","NCRB 'Crime in India' via MHA reply, Lok Sabha USQ 438 (02.12.2025)",S01_LS_USQ438_2025-12-02_AnnexII_2014-2023.txt,Annexure-II 'State/UT-wise Cases Registered under Cyber Crimes during 2014-2023'; annexure page header 'L.S. US.Q. NO. 438 FOR 02.12.2025'; no printed page no.,https://www.mha.gov.in/MHA1/Par2017/pdfs/par2025-pdfs/LS02122025/438.pdf,
S01,S01,Kerala,12,state_ut,states,2020,426,426,registered cases (CR),"Total cyber crimes (IT Act + IPC + SLL, NCRB definition)","NCRB 'Crime in India' via MHA reply, Lok Sabha USQ 438 (02.12.2025)",S01_LS_USQ438_2025-12-02_AnnexII_2014-2023.txt,Annexure-II 'State/UT-wise Cases Registered under Cyber Crimes during 2014-2023'; annexure page header 'L.S. US.Q. NO. 438 FOR 02.12.2025'; no printed page no.,https://www.mha.gov.in/MHA1/Par2017/pdfs/par2025-pdfs/LS02122025/438.pdf,
S01,S01,Kerala,12,state_ut,states,2021,626,626,registered cases (CR),"Total cyber crimes (IT Act + IPC + SLL, NCRB definition)","NCRB 'Crime in India' via MHA reply, Lok Sabha USQ 438 (02.12.2025)",S01_LS_USQ438_2025-12-02_AnnexII_2014-2023.txt,Annexure-II 'State/UT-wise Cases Registered under Cyber Crimes during 2014-2023'; annexure page header 'L.S. US.Q. NO. 438 FOR 02.12.2025'; no printed page no.,https://www.mha.gov.in/MHA1/Par2017/pdfs/par2025-pdfs/LS02122025/438.pdf,
S01,S01,Kerala,12,state_ut,states,2022,773,773,registered cases (CR),"Total cyber crimes (IT Act + IPC + SLL, NCRB definition)","NCRB 'Crime in India' via MHA reply, Lok Sabha USQ 438 (02.12.2025)",S01_LS_USQ438_2025-12-02_AnnexII_2014-2023.txt,Annexure-II 'State/UT-wise Cases Registered under Cyber Crimes during 2014-2023'; annexure page header 'L.S. US.Q. NO. 438 FOR 02.12.2025'; no printed page no.,https://www.mha.gov.in/MHA1/Par2017/pdfs/par2025-pdfs/LS02122025/438.pdf,
S01,S01,Kerala,12,state_ut,states,2023,3295,3295,registered cases (CR),"Total cyber crimes (IT Act + IPC + SLL, NCRB definition)","NCRB 'Crime in India' via MHA reply, Lok Sabha USQ 438 (02.12.2025)",S01_LS_USQ438_2025-12-02_AnnexII_2014-2023.txt,Annexure-II 'State/UT-wise Cases Registered under Cyber Crimes during 2014-2023'; annexure page header 'L.S. US.Q. NO. 438 FOR 02.12.2025'; no printed page no.,https://www.mha.gov.in/MHA1/Par2017/pdfs/par2025-pdfs/LS02122025/438.pdf,
S01,S01,Madhya Pradesh,13,state_ut,states,2014,289,289,registered cases (CR),"Total cyber crimes (IT Act + IPC + SLL, NCRB definition)","NCRB 'Crime in India' via MHA reply, Lok Sabha USQ 438 (02.12.2025)",S01_LS_USQ438_2025-12-02_AnnexII_2014-2023.txt,Annexure-II 'State/UT-wise Cases Registered under Cyber Crimes during 2014-2023'; annexure page header 'L.S. US.Q. NO. 438 FOR 02.12.2025'; no printed page no.,https://www.mha.gov.in/MHA1/Par2017/pdfs/par2025-pdfs/LS02122025/438.pdf,
S01,S01,Madhya Pradesh,13,state_ut,states,2015,231,231,registered cases (CR),"Total cyber crimes (IT Act + IPC + SLL, NCRB definition)","NCRB 'Crime in India' via MHA reply, Lok Sabha USQ 438 (02.12.2025)",S01_LS_USQ438_2025-12-02_AnnexII_2014-2023.txt,Annexure-II 'State/UT-wise Cases Registered under Cyber Crimes during 2014-2023'; annexure page header 'L.S. US.Q. NO. 438 FOR 02.12.2025'; no printed page no.,https://www.mha.gov.in/MHA1/Par2017/pdfs/par2025-pdfs/LS02122025/438.pdf,
S01,S01,Madhya Pradesh,13,state_ut,states,2016,258,258,registered cases (CR),"Total cyber crimes (IT Act + IPC + SLL, NCRB definition)","NCRB 'Crime in India' via MHA reply, Lok Sabha USQ 438 (02.12.2025)",S01_LS_USQ438_2025-12-02_AnnexII_2014-2023.txt,Annexure-II 'State/UT-wise Cases Registered under Cyber Crimes during 2014-2023'; annexure page header 'L.S. US.Q. NO. 438 FOR 02.12.2025'; no printed page no.,https://www.mha.gov.in/MHA1/Par2017/pdfs/par2025-pdfs/LS02122025/438.pdf,
S01,S01,Madhya Pradesh,13,state_ut,states,2017,490,490,registered cases (CR),"Total cyber crimes (IT Act + IPC + SLL, NCRB definition)","NCRB 'Crime in India' via MHA reply, Lok Sabha USQ 438 (02.12.2025)",S01_LS_USQ438_2025-12-02_AnnexII_2014-2023.txt,Annexure-II 'State/UT-wise Cases Registered under Cyber Crimes during 2014-2023'; annexure page header 'L.S. US.Q. NO. 438 FOR 02.12.2025'; no printed page no.,https://www.mha.gov.in/MHA1/Par2017/pdfs/par2025-pdfs/LS02122025/438.pdf,
S01,S01,Madhya Pradesh,13,state_ut,states,2018,740,740,registered cases (CR),"Total cyber crimes (IT Act + IPC + SLL, NCRB definition)","NCRB 'Crime in India' via MHA reply, Lok Sabha USQ 438 (02.12.2025)",S01_LS_USQ438_2025-12-02_AnnexII_2014-2023.txt,Annexure-II 'State/UT-wise Cases Registered under Cyber Crimes during 2014-2023'; annexure page header 'L.S. US.Q. NO. 438 FOR 02.12.2025'; no printed page no.,https://www.mha.gov.in/MHA1/Par2017/pdfs/par2025-pdfs/LS02122025/438.pdf,
S01,S01,Madhya Pradesh,13,state_ut,states,2019,602,602,registered cases (CR),"Total cyber crimes (IT Act + IPC + SLL, NCRB definition)","NCRB 'Crime in India' via MHA reply, Lok Sabha USQ 438 (02.12.2025)",S01_LS_USQ438_2025-12-02_AnnexII_2014-2023.txt,Annexure-II 'State/UT-wise Cases Registered under Cyber Crimes during 2014-2023'; annexure page header 'L.S. US.Q. NO. 438 FOR 02.12.2025'; no printed page no.,https://www.mha.gov.in/MHA1/Par2017/pdfs/par2025-pdfs/LS02122025/438.pdf,
S01,S01,Madhya Pradesh,13,state_ut,states,2020,699,699,registered cases (CR),"Total cyber crimes (IT Act + IPC + SLL, NCRB definition)","NCRB 'Crime in India' via MHA reply, Lok Sabha USQ 438 (02.12.2025)",S01_LS_USQ438_2025-12-02_AnnexII_2014-2023.txt,Annexure-II 'State/UT-wise Cases Registered under Cyber Crimes during 2014-2023'; annexure page header 'L.S. US.Q. NO. 438 FOR 02.12.2025'; no printed page no.,https://www.mha.gov.in/MHA1/Par2017/pdfs/par2025-pdfs/LS02122025/438.pdf,
S01,S01,Madhya Pradesh,13,state_ut,states,2021,589,589,registered cases (CR),"Total cyber crimes (IT Act + IPC + SLL, NCRB definition)","NCRB 'Crime in India' via MHA reply, Lok Sabha USQ 438 (02.12.2025)",S01_LS_USQ438_2025-12-02_AnnexII_2014-2023.txt,Annexure-II 'State/UT-wise Cases Registered under Cyber Crimes during 2014-2023'; annexure page header 'L.S. US.Q. NO. 438 FOR 02.12.2025'; no printed page no.,https://www.mha.gov.in/MHA1/Par2017/pdfs/par2025-pdfs/LS02122025/438.pdf,
S01,S01,Madhya Pradesh,13,state_ut,states,2022,826,826,registered cases (CR),"Total cyber crimes (IT Act + IPC + SLL, NCRB definition)","NCRB 'Crime in India' via MHA reply, Lok Sabha USQ 438 (02.12.2025)",S01_LS_USQ438_2025-12-02_AnnexII_2014-2023.txt,Annexure-II 'State/UT-wise Cases Registered under Cyber Crimes during 2014-2023'; annexure page header 'L.S. US.Q. NO. 438 FOR 02.12.2025'; no printed page no.,https://www.mha.gov.in/MHA1/Par2017/pdfs/par2025-pdfs/LS02122025/438.pdf,
S01,S01,Madhya Pradesh,13,state_ut,states,2023,685,685,registered cases (CR),"Total cyber crimes (IT Act + IPC + SLL, NCRB definition)","NCRB 'Crime in India' via MHA reply, Lok Sabha USQ 438 (02.12.2025)",S01_LS_USQ438_2025-12-02_AnnexII_2014-2023.txt,Annexure-II 'State/UT-wise Cases Registered under Cyber Crimes during 2014-2023'; annexure page header 'L.S. US.Q. NO. 438 FOR 02.12.2025'; no printed page no.,https://www.mha.gov.in/MHA1/Par2017/pdfs/par2025-pdfs/LS02122025/438.pdf,
S01,S01,Maharashtra,14,state_ut,states,2014,1879,1879,registered cases (CR),"Total cyber crimes (IT Act + IPC + SLL, NCRB definition)","NCRB 'Crime in India' via MHA reply, Lok Sabha USQ 438 (02.12.2025)",S01_LS_USQ438_2025-12-02_AnnexII_2014-2023.txt,Annexure-II 'State/UT-wise Cases Registered under Cyber Crimes during 2014-2023'; annexure page header 'L.S. US.Q. NO. 438 FOR 02.12.2025'; no printed page no.,https://www.mha.gov.in/MHA1/Par2017/pdfs/par2025-pdfs/LS02122025/438.pdf,
S01,S01,Maharashtra,14,state_ut,states,2015,2195,2195,registered cases (CR),"Total cyber crimes (IT Act + IPC + SLL, NCRB definition)","NCRB 'Crime in India' via MHA reply, Lok Sabha USQ 438 (02.12.2025)",S01_LS_USQ438_2025-12-02_AnnexII_2014-2023.txt,Annexure-II 'State/UT-wise Cases Registered under Cyber Crimes during 2014-2023'; annexure page header 'L.S. US.Q. NO. 438 FOR 02.12.2025'; no printed page no.,https://www.mha.gov.in/MHA1/Par2017/pdfs/par2025-pdfs/LS02122025/438.pdf,
S01,S01,Maharashtra,14,state_ut,states,2016,2380,2380,registered cases (CR),"Total cyber crimes (IT Act + IPC + SLL, NCRB definition)","NCRB 'Crime in India' via MHA reply, Lok Sabha USQ 438 (02.12.2025)",S01_LS_USQ438_2025-12-02_AnnexII_2014-2023.txt,Annexure-II 'State/UT-wise Cases Registered under Cyber Crimes during 2014-2023'; annexure page header 'L.S. US.Q. NO. 438 FOR 02.12.2025'; no printed page no.,https://www.mha.gov.in/MHA1/Par2017/pdfs/par2025-pdfs/LS02122025/438.pdf,
S01,S01,Maharashtra,14,state_ut,states,2017,3604,3604,registered cases (CR),"Total cyber crimes (IT Act + IPC + SLL, NCRB definition)","NCRB 'Crime in India' via MHA reply, Lok Sabha USQ 438 (02.12.2025)",S01_LS_USQ438_2025-12-02_AnnexII_2014-2023.txt,Annexure-II 'State/UT-wise Cases Registered under Cyber Crimes during 2014-2023'; annexure page header 'L.S. US.Q. NO. 438 FOR 02.12.2025'; no printed page no.,https://www.mha.gov.in/MHA1/Par2017/pdfs/par2025-pdfs/LS02122025/438.pdf,
S01,S01,Maharashtra,14,state_ut,states,2018,3511,3511,registered cases (CR),"Total cyber crimes (IT Act + IPC + SLL, NCRB definition)","NCRB 'Crime in India' via MHA reply, Lok Sabha USQ 438 (02.12.2025)",S01_LS_USQ438_2025-12-02_AnnexII_2014-2023.txt,Annexure-II 'State/UT-wise Cases Registered under Cyber Crimes during 2014-2023'; annexure page header 'L.S. US.Q. NO. 438 FOR 02.12.2025'; no printed page no.,https://www.mha.gov.in/MHA1/Par2017/pdfs/par2025-pdfs/LS02122025/438.pdf,
S01,S01,Maharashtra,14,state_ut,states,2019,4967,4967,registered cases (CR),"Total cyber crimes (IT Act + IPC + SLL, NCRB definition)","NCRB 'Crime in India' via MHA reply, Lok Sabha USQ 438 (02.12.2025)",S01_LS_USQ438_2025-12-02_AnnexII_2014-2023.txt,Annexure-II 'State/UT-wise Cases Registered under Cyber Crimes during 2014-2023'; annexure page header 'L.S. US.Q. NO. 438 FOR 02.12.2025'; no printed page no.,https://www.mha.gov.in/MHA1/Par2017/pdfs/par2025-pdfs/LS02122025/438.pdf,
S01,S01,Maharashtra,14,state_ut,states,2020,5496,5496,registered cases (CR),"Total cyber crimes (IT Act + IPC + SLL, NCRB definition)","NCRB 'Crime in India' via MHA reply, Lok Sabha USQ 438 (02.12.2025)",S01_LS_USQ438_2025-12-02_AnnexII_2014-2023.txt,Annexure-II 'State/UT-wise Cases Registered under Cyber Crimes during 2014-2023'; annexure page header 'L.S. US.Q. NO. 438 FOR 02.12.2025'; no printed page no.,https://www.mha.gov.in/MHA1/Par2017/pdfs/par2025-pdfs/LS02122025/438.pdf,
S01,S01,Maharashtra,14,state_ut,states,2021,5562,5562,registered cases (CR),"Total cyber crimes (IT Act + IPC + SLL, NCRB definition)","NCRB 'Crime in India' via MHA reply, Lok Sabha USQ 438 (02.12.2025)",S01_LS_USQ438_2025-12-02_AnnexII_2014-2023.txt,Annexure-II 'State/UT-wise Cases Registered under Cyber Crimes during 2014-2023'; annexure page header 'L.S. US.Q. NO. 438 FOR 02.12.2025'; no printed page no.,https://www.mha.gov.in/MHA1/Par2017/pdfs/par2025-pdfs/LS02122025/438.pdf,
S01,S01,Maharashtra,14,state_ut,states,2022,8249,8249,registered cases (CR),"Total cyber crimes (IT Act + IPC + SLL, NCRB definition)","NCRB 'Crime in India' via MHA reply, Lok Sabha USQ 438 (02.12.2025)",S01_LS_USQ438_2025-12-02_AnnexII_2014-2023.txt,Annexure-II 'State/UT-wise Cases Registered under Cyber Crimes during 2014-2023'; annexure page header 'L.S. US.Q. NO. 438 FOR 02.12.2025'; no printed page no.,https://www.mha.gov.in/MHA1/Par2017/pdfs/par2025-pdfs/LS02122025/438.pdf,
S01,S01,Maharashtra,14,state_ut,states,2023,8103,8103,registered cases (CR),"Total cyber crimes (IT Act + IPC + SLL, NCRB definition)","NCRB 'Crime in India' via MHA reply, Lok Sabha USQ 438 (02.12.2025)",S01_LS_USQ438_2025-12-02_AnnexII_2014-2023.txt,Annexure-II 'State/UT-wise Cases Registered under Cyber Crimes during 2014-2023'; annexure page header 'L.S. US.Q. NO. 438 FOR 02.12.2025'; no printed page no.,https://www.mha.gov.in/MHA1/Par2017/pdfs/par2025-pdfs/LS02122025/438.pdf,
S01,S01,Manipur,15,state_ut,states,2014,13,13,registered cases (CR),"Total cyber crimes (IT Act + IPC + SLL, NCRB definition)","NCRB 'Crime in India' via MHA reply, Lok Sabha USQ 438 (02.12.2025)",S01_LS_USQ438_2025-12-02_AnnexII_2014-2023.txt,Annexure-II 'State/UT-wise Cases Registered under Cyber Crimes during 2014-2023'; annexure page header 'L.S. US.Q. NO. 438 FOR 02.12.2025'; no printed page no.,https://www.mha.gov.in/MHA1/Par2017/pdfs/par2025-pdfs/LS02122025/438.pdf,
S01,S01,Manipur,15,state_ut,states,2015,6,6,registered cases (CR),"Total cyber crimes (IT Act + IPC + SLL, NCRB definition)","NCRB 'Crime in India' via MHA reply, Lok Sabha USQ 438 (02.12.2025)",S01_LS_USQ438_2025-12-02_AnnexII_2014-2023.txt,Annexure-II 'State/UT-wise Cases Registered under Cyber Crimes during 2014-2023'; annexure page header 'L.S. US.Q. NO. 438 FOR 02.12.2025'; no printed page no.,https://www.mha.gov.in/MHA1/Par2017/pdfs/par2025-pdfs/LS02122025/438.pdf,
S01,S01,Manipur,15,state_ut,states,2016,11,11,registered cases (CR),"Total cyber crimes (IT Act + IPC + SLL, NCRB definition)","NCRB 'Crime in India' via MHA reply, Lok Sabha USQ 438 (02.12.2025)",S01_LS_USQ438_2025-12-02_AnnexII_2014-2023.txt,Annexure-II 'State/UT-wise Cases Registered under Cyber Crimes during 2014-2023'; annexure page header 'L.S. US.Q. NO. 438 FOR 02.12.2025'; no printed page no.,https://www.mha.gov.in/MHA1/Par2017/pdfs/par2025-pdfs/LS02122025/438.pdf,
S01,S01,Manipur,15,state_ut,states,2017,74,74,registered cases (CR),"Total cyber crimes (IT Act + IPC + SLL, NCRB definition)","NCRB 'Crime in India' via MHA reply, Lok Sabha USQ 438 (02.12.2025)",S01_LS_USQ438_2025-12-02_AnnexII_2014-2023.txt,Annexure-II 'State/UT-wise Cases Registered under Cyber Crimes during 2014-2023'; annexure page header 'L.S. US.Q. NO. 438 FOR 02.12.2025'; no printed page no.,https://www.mha.gov.in/MHA1/Par2017/pdfs/par2025-pdfs/LS02122025/438.pdf,
S01,S01,Manipur,15,state_ut,states,2018,29,29,registered cases (CR),"Total cyber crimes (IT Act + IPC + SLL, NCRB definition)","NCRB 'Crime in India' via MHA reply, Lok Sabha USQ 438 (02.12.2025)",S01_LS_USQ438_2025-12-02_AnnexII_2014-2023.txt,Annexure-II 'State/UT-wise Cases Registered under Cyber Crimes during 2014-2023'; annexure page header 'L.S. US.Q. NO. 438 FOR 02.12.2025'; no printed page no.,https://www.mha.gov.in/MHA1/Par2017/pdfs/par2025-pdfs/LS02122025/438.pdf,
S01,S01,Manipur,15,state_ut,states,2019,4,4,registered cases (CR),"Total cyber crimes (IT Act + IPC + SLL, NCRB definition)","NCRB 'Crime in India' via MHA reply, Lok Sabha USQ 438 (02.12.2025)",S01_LS_USQ438_2025-12-02_AnnexII_2014-2023.txt,Annexure-II 'State/UT-wise Cases Registered under Cyber Crimes during 2014-2023'; annexure page header 'L.S. US.Q. NO. 438 FOR 02.12.2025'; no printed page no.,https://www.mha.gov.in/MHA1/Par2017/pdfs/par2025-pdfs/LS02122025/438.pdf,
S01,S01,Manipur,15,state_ut,states,2020,79,79,registered cases (CR),"Total cyber crimes (IT Act + IPC + SLL, NCRB definition)","NCRB 'Crime in India' via MHA reply, Lok Sabha USQ 438 (02.12.2025)",S01_LS_USQ438_2025-12-02_AnnexII_2014-2023.txt,Annexure-II 'State/UT-wise Cases Registered under Cyber Crimes during 2014-2023'; annexure page header 'L.S. US.Q. NO. 438 FOR 02.12.2025'; no printed page no.,https://www.mha.gov.in/MHA1/Par2017/pdfs/par2025-pdfs/LS02122025/438.pdf,
S01,S01,Manipur,15,state_ut,states,2021,67,67,registered cases (CR),"Total cyber crimes (IT Act + IPC + SLL, NCRB definition)","NCRB 'Crime in India' via MHA reply, Lok Sabha USQ 438 (02.12.2025)",S01_LS_USQ438_2025-12-02_AnnexII_2014-2023.txt,Annexure-II 'State/UT-wise Cases Registered under Cyber Crimes during 2014-2023'; annexure page header 'L.S. US.Q. NO. 438 FOR 02.12.2025'; no printed page no.,https://www.mha.gov.in/MHA1/Par2017/pdfs/par2025-pdfs/LS02122025/438.pdf,
S01,S01,Manipur,15,state_ut,states,2022,18,18,registered cases (CR),"Total cyber crimes (IT Act + IPC + SLL, NCRB definition)","NCRB 'Crime in India' via MHA reply, Lok Sabha USQ 438 (02.12.2025)",S01_LS_USQ438_2025-12-02_AnnexII_2014-2023.txt,Annexure-II 'State/UT-wise Cases Registered under Cyber Crimes during 2014-2023'; annexure page header 'L.S. US.Q. NO. 438 FOR 02.12.2025'; no printed page no.,https://www.mha.gov.in/MHA1/Par2017/pdfs/par2025-pdfs/LS02122025/438.pdf,
S01,S01,Manipur,15,state_ut,states,2023,3,3,registered cases (CR),"Total cyber crimes (IT Act + IPC + SLL, NCRB definition)","NCRB 'Crime in India' via MHA reply, Lok Sabha USQ 438 (02.12.2025)",S01_LS_USQ438_2025-12-02_AnnexII_2014-2023.txt,Annexure-II 'State/UT-wise Cases Registered under Cyber Crimes during 2014-2023'; annexure page header 'L.S. US.Q. NO. 438 FOR 02.12.2025'; no printed page no.,https://www.mha.gov.in/MHA1/Par2017/pdfs/par2025-pdfs/LS02122025/438.pdf,
S01,S01,Meghalaya,16,state_ut,states,2014,60,60,registered cases (CR),"Total cyber crimes (IT Act + IPC + SLL, NCRB definition)","NCRB 'Crime in India' via MHA reply, Lok Sabha USQ 438 (02.12.2025)",S01_LS_USQ438_2025-12-02_AnnexII_2014-2023.txt,Annexure-II 'State/UT-wise Cases Registered under Cyber Crimes during 2014-2023'; annexure page header 'L.S. US.Q. NO. 438 FOR 02.12.2025'; no printed page no.,https://www.mha.gov.in/MHA1/Par2017/pdfs/par2025-pdfs/LS02122025/438.pdf,
S01,S01,Meghalaya,16,state_ut,states,2015,56,56,registered cases (CR),"Total cyber crimes (IT Act + IPC + SLL, NCRB definition)","NCRB 'Crime in India' via MHA reply, Lok Sabha USQ 438 (02.12.2025)",S01_LS_USQ438_2025-12-02_AnnexII_2014-2023.txt,Annexure-II 'State/UT-wise Cases Registered under Cyber Crimes during 2014-2023'; annexure page header 'L.S. US.Q. NO. 438 FOR 02.12.2025'; no printed page no.,https://www.mha.gov.in/MHA1/Par2017/pdfs/par2025-pdfs/LS02122025/438.pdf,
S01,S01,Meghalaya,16,state_ut,states,2016,39,39,registered cases (CR),"Total cyber crimes (IT Act + IPC + SLL, NCRB definition)","NCRB 'Crime in India' via MHA reply, Lok Sabha USQ 438 (02.12.2025)",S01_LS_USQ438_2025-12-02_AnnexII_2014-2023.txt,Annexure-II 'State/UT-wise Cases Registered under Cyber Crimes during 2014-2023'; annexure page header 'L.S. US.Q. NO. 438 FOR 02.12.2025'; no printed page no.,https://www.mha.gov.in/MHA1/Par2017/pdfs/par2025-pdfs/LS02122025/438.pdf,
S01,S01,Meghalaya,16,state_ut,states,2017,39,39,registered cases (CR),"Total cyber crimes (IT Act + IPC + SLL, NCRB definition)","NCRB 'Crime in India' via MHA reply, Lok Sabha USQ 438 (02.12.2025)",S01_LS_USQ438_2025-12-02_AnnexII_2014-2023.txt,Annexure-II 'State/UT-wise Cases Registered under Cyber Crimes during 2014-2023'; annexure page header 'L.S. US.Q. NO. 438 FOR 02.12.2025'; no printed page no.,https://www.mha.gov.in/MHA1/Par2017/pdfs/par2025-pdfs/LS02122025/438.pdf,
S01,S01,Meghalaya,16,state_ut,states,2018,74,74,registered cases (CR),"Total cyber crimes (IT Act + IPC + SLL, NCRB definition)","NCRB 'Crime in India' via MHA reply, Lok Sabha USQ 438 (02.12.2025)",S01_LS_USQ438_2025-12-02_AnnexII_2014-2023.txt,Annexure-II 'State/UT-wise Cases Registered under Cyber Crimes during 2014-2023'; annexure page header 'L.S. US.Q. NO. 438 FOR 02.12.2025'; no printed page no.,https://www.mha.gov.in/MHA1/Par2017/pdfs/par2025-pdfs/LS02122025/438.pdf,
S01,S01,Meghalaya,16,state_ut,states,2019,89,89,registered cases (CR),"Total cyber crimes (IT Act + IPC + SLL, NCRB definition)","NCRB 'Crime in India' via MHA reply, Lok Sabha USQ 438 (02.12.2025)",S01_LS_USQ438_2025-12-02_AnnexII_2014-2023.txt,Annexure-II 'State/UT-wise Cases Registered under Cyber Crimes during 2014-2023'; annexure page header 'L.S. US.Q. NO. 438 FOR 02.12.2025'; no printed page no.,https://www.mha.gov.in/MHA1/Par2017/pdfs/par2025-pdfs/LS02122025/438.pdf,
S01,S01,Meghalaya,16,state_ut,states,2020,142,142,registered cases (CR),"Total cyber crimes (IT Act + IPC + SLL, NCRB definition)","NCRB 'Crime in India' via MHA reply, Lok Sabha USQ 438 (02.12.2025)",S01_LS_USQ438_2025-12-02_AnnexII_2014-2023.txt,Annexure-II 'State/UT-wise Cases Registered under Cyber Crimes during 2014-2023'; annexure page header 'L.S. US.Q. NO. 438 FOR 02.12.2025'; no printed page no.,https://www.mha.gov.in/MHA1/Par2017/pdfs/par2025-pdfs/LS02122025/438.pdf,
S01,S01,Meghalaya,16,state_ut,states,2021,107,107,registered cases (CR),"Total cyber crimes (IT Act + IPC + SLL, NCRB definition)","NCRB 'Crime in India' via MHA reply, Lok Sabha USQ 438 (02.12.2025)",S01_LS_USQ438_2025-12-02_AnnexII_2014-2023.txt,Annexure-II 'State/UT-wise Cases Registered under Cyber Crimes during 2014-2023'; annexure page header 'L.S. US.Q. NO. 438 FOR 02.12.2025'; no printed page no.,https://www.mha.gov.in/MHA1/Par2017/pdfs/par2025-pdfs/LS02122025/438.pdf,
S01,S01,Meghalaya,16,state_ut,states,2022,75,75,registered cases (CR),"Total cyber crimes (IT Act + IPC + SLL, NCRB definition)","NCRB 'Crime in India' via MHA reply, Lok Sabha USQ 438 (02.12.2025)",S01_LS_USQ438_2025-12-02_AnnexII_2014-2023.txt,Annexure-II 'State/UT-wise Cases Registered under Cyber Crimes during 2014-2023'; annexure page header 'L.S. US.Q. NO. 438 FOR 02.12.2025'; no printed page no.,https://www.mha.gov.in/MHA1/Par2017/pdfs/par2025-pdfs/LS02122025/438.pdf,
S01,S01,Meghalaya,16,state_ut,states,2023,64,64,registered cases (CR),"Total cyber crimes (IT Act + IPC + SLL, NCRB definition)","NCRB 'Crime in India' via MHA reply, Lok Sabha USQ 438 (02.12.2025)",S01_LS_USQ438_2025-12-02_AnnexII_2014-2023.txt,Annexure-II 'State/UT-wise Cases Registered under Cyber Crimes during 2014-2023'; annexure page header 'L.S. US.Q. NO. 438 FOR 02.12.2025'; no printed page no.,https://www.mha.gov.in/MHA1/Par2017/pdfs/par2025-pdfs/LS02122025/438.pdf,
S01,S01,Mizoram,17,state_ut,states,2014,22,22,registered cases (CR),"Total cyber crimes (IT Act + IPC + SLL, NCRB definition)","NCRB 'Crime in India' via MHA reply, Lok Sabha USQ 438 (02.12.2025)",S01_LS_USQ438_2025-12-02_AnnexII_2014-2023.txt,Annexure-II 'State/UT-wise Cases Registered under Cyber Crimes during 2014-2023'; annexure page header 'L.S. US.Q. NO. 438 FOR 02.12.2025'; no printed page no.,https://www.mha.gov.in/MHA1/Par2017/pdfs/par2025-pdfs/LS02122025/438.pdf,
S01,S01,Mizoram,17,state_ut,states,2015,8,8,registered cases (CR),"Total cyber crimes (IT Act + IPC + SLL, NCRB definition)","NCRB 'Crime in India' via MHA reply, Lok Sabha USQ 438 (02.12.2025)",S01_LS_USQ438_2025-12-02_AnnexII_2014-2023.txt,Annexure-II 'State/UT-wise Cases Registered under Cyber Crimes during 2014-2023'; annexure page header 'L.S. US.Q. NO. 438 FOR 02.12.2025'; no printed page no.,https://www.mha.gov.in/MHA1/Par2017/pdfs/par2025-pdfs/LS02122025/438.pdf,
S01,S01,Mizoram,17,state_ut,states,2016,1,1,registered cases (CR),"Total cyber crimes (IT Act + IPC + SLL, NCRB definition)","NCRB 'Crime in India' via MHA reply, Lok Sabha USQ 438 (02.12.2025)",S01_LS_USQ438_2025-12-02_AnnexII_2014-2023.txt,Annexure-II 'State/UT-wise Cases Registered under Cyber Crimes during 2014-2023'; annexure page header 'L.S. US.Q. NO. 438 FOR 02.12.2025'; no printed page no.,https://www.mha.gov.in/MHA1/Par2017/pdfs/par2025-pdfs/LS02122025/438.pdf,
S01,S01,Mizoram,17,state_ut,states,2017,10,10,registered cases (CR),"Total cyber crimes (IT Act + IPC + SLL, NCRB definition)","NCRB 'Crime in India' via MHA reply, Lok Sabha USQ 438 (02.12.2025)",S01_LS_USQ438_2025-12-02_AnnexII_2014-2023.txt,Annexure-II 'State/UT-wise Cases Registered under Cyber Crimes during 2014-2023'; annexure page header 'L.S. US.Q. NO. 438 FOR 02.12.2025'; no printed page no.,https://www.mha.gov.in/MHA1/Par2017/pdfs/par2025-pdfs/LS02122025/438.pdf,
S01,S01,Mizoram,17,state_ut,states,2018,6,6,registered cases (CR),"Total cyber crimes (IT Act + IPC + SLL, NCRB definition)","NCRB 'Crime in India' via MHA reply, Lok Sabha USQ 438 (02.12.2025)",S01_LS_USQ438_2025-12-02_AnnexII_2014-2023.txt,Annexure-II 'State/UT-wise Cases Registered under Cyber Crimes during 2014-2023'; annexure page header 'L.S. US.Q. NO. 438 FOR 02.12.2025'; no printed page no.,https://www.mha.gov.in/MHA1/Par2017/pdfs/par2025-pdfs/LS02122025/438.pdf,
S01,S01,Mizoram,17,state_ut,states,2019,8,8,registered cases (CR),"Total cyber crimes (IT Act + IPC + SLL, NCRB definition)","NCRB 'Crime in India' via MHA reply, Lok Sabha USQ 438 (02.12.2025)",S01_LS_USQ438_2025-12-02_AnnexII_2014-2023.txt,Annexure-II 'State/UT-wise Cases Registered under Cyber Crimes during 2014-2023'; annexure page header 'L.S. US.Q. NO. 438 FOR 02.12.2025'; no printed page no.,https://www.mha.gov.in/MHA1/Par2017/pdfs/par2025-pdfs/LS02122025/438.pdf,
S01,S01,Mizoram,17,state_ut,states,2020,13,13,registered cases (CR),"Total cyber crimes (IT Act + IPC + SLL, NCRB definition)","NCRB 'Crime in India' via MHA reply, Lok Sabha USQ 438 (02.12.2025)",S01_LS_USQ438_2025-12-02_AnnexII_2014-2023.txt,Annexure-II 'State/UT-wise Cases Registered under Cyber Crimes during 2014-2023'; annexure page header 'L.S. US.Q. NO. 438 FOR 02.12.2025'; no printed page no.,https://www.mha.gov.in/MHA1/Par2017/pdfs/par2025-pdfs/LS02122025/438.pdf,
S01,S01,Mizoram,17,state_ut,states,2021,30,30,registered cases (CR),"Total cyber crimes (IT Act + IPC + SLL, NCRB definition)","NCRB 'Crime in India' via MHA reply, Lok Sabha USQ 438 (02.12.2025)",S01_LS_USQ438_2025-12-02_AnnexII_2014-2023.txt,Annexure-II 'State/UT-wise Cases Registered under Cyber Crimes during 2014-2023'; annexure page header 'L.S. US.Q. NO. 438 FOR 02.12.2025'; no printed page no.,https://www.mha.gov.in/MHA1/Par2017/pdfs/par2025-pdfs/LS02122025/438.pdf,
S01,S01,Mizoram,17,state_ut,states,2022,1,1,registered cases (CR),"Total cyber crimes (IT Act + IPC + SLL, NCRB definition)","NCRB 'Crime in India' via MHA reply, Lok Sabha USQ 438 (02.12.2025)",S01_LS_USQ438_2025-12-02_AnnexII_2014-2023.txt,Annexure-II 'State/UT-wise Cases Registered under Cyber Crimes during 2014-2023'; annexure page header 'L.S. US.Q. NO. 438 FOR 02.12.2025'; no printed page no.,https://www.mha.gov.in/MHA1/Par2017/pdfs/par2025-pdfs/LS02122025/438.pdf,
S01,S01,Mizoram,17,state_ut,states,2023,31,31,registered cases (CR),"Total cyber crimes (IT Act + IPC + SLL, NCRB definition)","NCRB 'Crime in India' via MHA reply, Lok Sabha USQ 438 (02.12.2025)",S01_LS_USQ438_2025-12-02_AnnexII_2014-2023.txt,Annexure-II 'State/UT-wise Cases Registered under Cyber Crimes during 2014-2023'; annexure page header 'L.S. US.Q. NO. 438 FOR 02.12.2025'; no printed page no.,https://www.mha.gov.in/MHA1/Par2017/pdfs/par2025-pdfs/LS02122025/438.pdf,
S01,S01,Nagaland,18,state_ut,states,2014,0,0,registered cases (CR),"Total cyber crimes (IT Act + IPC + SLL, NCRB definition)","NCRB 'Crime in India' via MHA reply, Lok Sabha USQ 438 (02.12.2025)",S01_LS_USQ438_2025-12-02_AnnexII_2014-2023.txt,Annexure-II 'State/UT-wise Cases Registered under Cyber Crimes during 2014-2023'; annexure page header 'L.S. US.Q. NO. 438 FOR 02.12.2025'; no printed page no.,https://www.mha.gov.in/MHA1/Par2017/pdfs/par2025-pdfs/LS02122025/438.pdf,
S01,S01,Nagaland,18,state_ut,states,2015,0,0,registered cases (CR),"Total cyber crimes (IT Act + IPC + SLL, NCRB definition)","NCRB 'Crime in India' via MHA reply, Lok Sabha USQ 438 (02.12.2025)",S01_LS_USQ438_2025-12-02_AnnexII_2014-2023.txt,Annexure-II 'State/UT-wise Cases Registered under Cyber Crimes during 2014-2023'; annexure page header 'L.S. US.Q. NO. 438 FOR 02.12.2025'; no printed page no.,https://www.mha.gov.in/MHA1/Par2017/pdfs/par2025-pdfs/LS02122025/438.pdf,
S01,S01,Nagaland,18,state_ut,states,2016,2,2,registered cases (CR),"Total cyber crimes (IT Act + IPC + SLL, NCRB definition)","NCRB 'Crime in India' via MHA reply, Lok Sabha USQ 438 (02.12.2025)",S01_LS_USQ438_2025-12-02_AnnexII_2014-2023.txt,Annexure-II 'State/UT-wise Cases Registered under Cyber Crimes during 2014-2023'; annexure page header 'L.S. US.Q. NO. 438 FOR 02.12.2025'; no printed page no.,https://www.mha.gov.in/MHA1/Par2017/pdfs/par2025-pdfs/LS02122025/438.pdf,
S01,S01,Nagaland,18,state_ut,states,2017,0,0,registered cases (CR),"Total cyber crimes (IT Act + IPC + SLL, NCRB definition)","NCRB 'Crime in India' via MHA reply, Lok Sabha USQ 438 (02.12.2025)",S01_LS_USQ438_2025-12-02_AnnexII_2014-2023.txt,Annexure-II 'State/UT-wise Cases Registered under Cyber Crimes during 2014-2023'; annexure page header 'L.S. US.Q. NO. 438 FOR 02.12.2025'; no printed page no.,https://www.mha.gov.in/MHA1/Par2017/pdfs/par2025-pdfs/LS02122025/438.pdf,
S01,S01,Nagaland,18,state_ut,states,2018,2,2,registered cases (CR),"Total cyber crimes (IT Act + IPC + SLL, NCRB definition)","NCRB 'Crime in India' via MHA reply, Lok Sabha USQ 438 (02.12.2025)",S01_LS_USQ438_2025-12-02_AnnexII_2014-2023.txt,Annexure-II 'State/UT-wise Cases Registered under Cyber Crimes during 2014-2023'; annexure page header 'L.S. US.Q. NO. 438 FOR 02.12.2025'; no printed page no.,https://www.mha.gov.in/MHA1/Par2017/pdfs/par2025-pdfs/LS02122025/438.pdf,
S01,S01,Nagaland,18,state_ut,states,2019,2,2,registered cases (CR),"Total cyber crimes (IT Act + IPC + SLL, NCRB definition)","NCRB 'Crime in India' via MHA reply, Lok Sabha USQ 438 (02.12.2025)",S01_LS_USQ438_2025-12-02_AnnexII_2014-2023.txt,Annexure-II 'State/UT-wise Cases Registered under Cyber Crimes during 2014-2023'; annexure page header 'L.S. US.Q. NO. 438 FOR 02.12.2025'; no printed page no.,https://www.mha.gov.in/MHA1/Par2017/pdfs/par2025-pdfs/LS02122025/438.pdf,
S01,S01,Nagaland,18,state_ut,states,2020,8,8,registered cases (CR),"Total cyber crimes (IT Act + IPC + SLL, NCRB definition)","NCRB 'Crime in India' via MHA reply, Lok Sabha USQ 438 (02.12.2025)",S01_LS_USQ438_2025-12-02_AnnexII_2014-2023.txt,Annexure-II 'State/UT-wise Cases Registered under Cyber Crimes during 2014-2023'; annexure page header 'L.S. US.Q. NO. 438 FOR 02.12.2025'; no printed page no.,https://www.mha.gov.in/MHA1/Par2017/pdfs/par2025-pdfs/LS02122025/438.pdf,
S01,S01,Nagaland,18,state_ut,states,2021,8,8,registered cases (CR),"Total cyber crimes (IT Act + IPC + SLL, NCRB definition)","NCRB 'Crime in India' via MHA reply, Lok Sabha USQ 438 (02.12.2025)",S01_LS_USQ438_2025-12-02_AnnexII_2014-2023.txt,Annexure-II 'State/UT-wise Cases Registered under Cyber Crimes during 2014-2023'; annexure page header 'L.S. US.Q. NO. 438 FOR 02.12.2025'; no printed page no.,https://www.mha.gov.in/MHA1/Par2017/pdfs/par2025-pdfs/LS02122025/438.pdf,
S01,S01,Nagaland,18,state_ut,states,2022,4,4,registered cases (CR),"Total cyber crimes (IT Act + IPC + SLL, NCRB definition)","NCRB 'Crime in India' via MHA reply, Lok Sabha USQ 438 (02.12.2025)",S01_LS_USQ438_2025-12-02_AnnexII_2014-2023.txt,Annexure-II 'State/UT-wise Cases Registered under Cyber Crimes during 2014-2023'; annexure page header 'L.S. US.Q. NO. 438 FOR 02.12.2025'; no printed page no.,https://www.mha.gov.in/MHA1/Par2017/pdfs/par2025-pdfs/LS02122025/438.pdf,S06 footnote: clarifications pending from Nagaland for 2022.
S01,S01,Nagaland,18,state_ut,states,2023,2,2,registered cases (CR),"Total cyber crimes (IT Act + IPC + SLL, NCRB definition)","NCRB 'Crime in India' via MHA reply, Lok Sabha USQ 438 (02.12.2025)",S01_LS_USQ438_2025-12-02_AnnexII_2014-2023.txt,Annexure-II 'State/UT-wise Cases Registered under Cyber Crimes during 2014-2023'; annexure page header 'L.S. US.Q. NO. 438 FOR 02.12.2025'; no printed page no.,https://www.mha.gov.in/MHA1/Par2017/pdfs/par2025-pdfs/LS02122025/438.pdf,
S01,S01,Odisha,19,state_ut,states,2014,124,124,registered cases (CR),"Total cyber crimes (IT Act + IPC + SLL, NCRB definition)","NCRB 'Crime in India' via MHA reply, Lok Sabha USQ 438 (02.12.2025)",S01_LS_USQ438_2025-12-02_AnnexII_2014-2023.txt,Annexure-II 'State/UT-wise Cases Registered under Cyber Crimes during 2014-2023'; annexure page header 'L.S. US.Q. NO. 438 FOR 02.12.2025'; no printed page no.,https://www.mha.gov.in/MHA1/Par2017/pdfs/par2025-pdfs/LS02122025/438.pdf,
S01,S01,Odisha,19,state_ut,states,2015,386,386,registered cases (CR),"Total cyber crimes (IT Act + IPC + SLL, NCRB definition)","NCRB 'Crime in India' via MHA reply, Lok Sabha USQ 438 (02.12.2025)",S01_LS_USQ438_2025-12-02_AnnexII_2014-2023.txt,Annexure-II 'State/UT-wise Cases Registered under Cyber Crimes during 2014-2023'; annexure page header 'L.S. US.Q. NO. 438 FOR 02.12.2025'; no printed page no.,https://www.mha.gov.in/MHA1/Par2017/pdfs/par2025-pdfs/LS02122025/438.pdf,
S01,S01,Odisha,19,state_ut,states,2016,317,317,registered cases (CR),"Total cyber crimes (IT Act + IPC + SLL, NCRB definition)","NCRB 'Crime in India' via MHA reply, Lok Sabha USQ 438 (02.12.2025)",S01_LS_USQ438_2025-12-02_AnnexII_2014-2023.txt,Annexure-II 'State/UT-wise Cases Registered under Cyber Crimes during 2014-2023'; annexure page header 'L.S. US.Q. NO. 438 FOR 02.12.2025'; no printed page no.,https://www.mha.gov.in/MHA1/Par2017/pdfs/par2025-pdfs/LS02122025/438.pdf,
S01,S01,Odisha,19,state_ut,states,2017,824,824,registered cases (CR),"Total cyber crimes (IT Act + IPC + SLL, NCRB definition)","NCRB 'Crime in India' via MHA reply, Lok Sabha USQ 438 (02.12.2025)",S01_LS_USQ438_2025-12-02_AnnexII_2014-2023.txt,Annexure-II 'State/UT-wise Cases Registered under Cyber Crimes during 2014-2023'; annexure page header 'L.S. US.Q. NO. 438 FOR 02.12.2025'; no printed page no.,https://www.mha.gov.in/MHA1/Par2017/pdfs/par2025-pdfs/LS02122025/438.pdf,
S01,S01,Odisha,19,state_ut,states,2018,843,843,registered cases (CR),"Total cyber crimes (IT Act + IPC + SLL, NCRB definition)","NCRB 'Crime in India' via MHA reply, Lok Sabha USQ 438 (02.12.2025)",S01_LS_USQ438_2025-12-02_AnnexII_2014-2023.txt,Annexure-II 'State/UT-wise Cases Registered under Cyber Crimes during 2014-2023'; annexure page header 'L.S. US.Q. NO. 438 FOR 02.12.2025'; no printed page no.,https://www.mha.gov.in/MHA1/Par2017/pdfs/par2025-pdfs/LS02122025/438.pdf,
S01,S01,Odisha,19,state_ut,states,2019,1485,1485,registered cases (CR),"Total cyber crimes (IT Act + IPC + SLL, NCRB definition)","NCRB 'Crime in India' via MHA reply, Lok Sabha USQ 438 (02.12.2025)",S01_LS_USQ438_2025-12-02_AnnexII_2014-2023.txt,Annexure-II 'State/UT-wise Cases Registered under Cyber Crimes during 2014-2023'; annexure page header 'L.S. US.Q. NO. 438 FOR 02.12.2025'; no printed page no.,https://www.mha.gov.in/MHA1/Par2017/pdfs/par2025-pdfs/LS02122025/438.pdf,
S01,S01,Odisha,19,state_ut,states,2020,1931,1931,registered cases (CR),"Total cyber crimes (IT Act + IPC + SLL, NCRB definition)","NCRB 'Crime in India' via MHA reply, Lok Sabha USQ 438 (02.12.2025)",S01_LS_USQ438_2025-12-02_AnnexII_2014-2023.txt,Annexure-II 'State/UT-wise Cases Registered under Cyber Crimes during 2014-2023'; annexure page header 'L.S. US.Q. NO. 438 FOR 02.12.2025'; no printed page no.,https://www.mha.gov.in/MHA1/Par2017/pdfs/par2025-pdfs/LS02122025/438.pdf,
S01,S01,Odisha,19,state_ut,states,2021,2037,2037,registered cases (CR),"Total cyber crimes (IT Act + IPC + SLL, NCRB definition)","NCRB 'Crime in India' via MHA reply, Lok Sabha USQ 438 (02.12.2025)",S01_LS_USQ438_2025-12-02_AnnexII_2014-2023.txt,Annexure-II 'State/UT-wise Cases Registered under Cyber Crimes during 2014-2023'; annexure page header 'L.S. US.Q. NO. 438 FOR 02.12.2025'; no printed page no.,https://www.mha.gov.in/MHA1/Par2017/pdfs/par2025-pdfs/LS02122025/438.pdf,
S01,S01,Odisha,19,state_ut,states,2022,1983,1983,registered cases (CR),"Total cyber crimes (IT Act + IPC + SLL, NCRB definition)","NCRB 'Crime in India' via MHA reply, Lok Sabha USQ 438 (02.12.2025)",S01_LS_USQ438_2025-12-02_AnnexII_2014-2023.txt,Annexure-II 'State/UT-wise Cases Registered under Cyber Crimes during 2014-2023'; annexure page header 'L.S. US.Q. NO. 438 FOR 02.12.2025'; no printed page no.,https://www.mha.gov.in/MHA1/Par2017/pdfs/par2025-pdfs/LS02122025/438.pdf,
S01,S01,Odisha,19,state_ut,states,2023,2348,2348,registered cases (CR),"Total cyber crimes (IT Act + IPC + SLL, NCRB definition)","NCRB 'Crime in India' via MHA reply, Lok Sabha USQ 438 (02.12.2025)",S01_LS_USQ438_2025-12-02_AnnexII_2014-2023.txt,Annexure-II 'State/UT-wise Cases Registered under Cyber Crimes during 2014-2023'; annexure page header 'L.S. US.Q. NO. 438 FOR 02.12.2025'; no printed page no.,https://www.mha.gov.in/MHA1/Par2017/pdfs/par2025-pdfs/LS02122025/438.pdf,
S01,S01,Punjab,20,state_ut,states,2014,226,226,registered cases (CR),"Total cyber crimes (IT Act + IPC + SLL, NCRB definition)","NCRB 'Crime in India' via MHA reply, Lok Sabha USQ 438 (02.12.2025)",S01_LS_USQ438_2025-12-02_AnnexII_2014-2023.txt,Annexure-II 'State/UT-wise Cases Registered under Cyber Crimes during 2014-2023'; annexure page header 'L.S. US.Q. NO. 438 FOR 02.12.2025'; no printed page no.,https://www.mha.gov.in/MHA1/Par2017/pdfs/par2025-pdfs/LS02122025/438.pdf,
S01,S01,Punjab,20,state_ut,states,2015,149,149,registered cases (CR),"Total cyber crimes (IT Act + IPC + SLL, NCRB definition)","NCRB 'Crime in India' via MHA reply, Lok Sabha USQ 438 (02.12.2025)",S01_LS_USQ438_2025-12-02_AnnexII_2014-2023.txt,Annexure-II 'State/UT-wise Cases Registered under Cyber Crimes during 2014-2023'; annexure page header 'L.S. US.Q. NO. 438 FOR 02.12.2025'; no printed page no.,https://www.mha.gov.in/MHA1/Par2017/pdfs/par2025-pdfs/LS02122025/438.pdf,
S01,S01,Punjab,20,state_ut,states,2016,102,102,registered cases (CR),"Total cyber crimes (IT Act + IPC + SLL, NCRB definition)","NCRB 'Crime in India' via MHA reply, Lok Sabha USQ 438 (02.12.2025)",S01_LS_USQ438_2025-12-02_AnnexII_2014-2023.txt,Annexure-II 'State/UT-wise Cases Registered under Cyber Crimes during 2014-2023'; annexure page header 'L.S. US.Q. NO. 438 FOR 02.12.2025'; no printed page no.,https://www.mha.gov.in/MHA1/Par2017/pdfs/par2025-pdfs/LS02122025/438.pdf,
S01,S01,Punjab,20,state_ut,states,2017,176,176,registered cases (CR),"Total cyber crimes (IT Act + IPC + SLL, NCRB definition)","NCRB 'Crime in India' via MHA reply, Lok Sabha USQ 438 (02.12.2025)",S01_LS_USQ438_2025-12-02_AnnexII_2014-2023.txt,Annexure-II 'State/UT-wise Cases Registered under Cyber Crimes during 2014-2023'; annexure page header 'L.S. US.Q. NO. 438 FOR 02.12.2025'; no printed page no.,https://www.mha.gov.in/MHA1/Par2017/pdfs/par2025-pdfs/LS02122025/438.pdf,
S01,S01,Punjab,20,state_ut,states,2018,239,239,registered cases (CR),"Total cyber crimes (IT Act + IPC + SLL, NCRB definition)","NCRB 'Crime in India' via MHA reply, Lok Sabha USQ 438 (02.12.2025)",S01_LS_USQ438_2025-12-02_AnnexII_2014-2023.txt,Annexure-II 'State/UT-wise Cases Registered under Cyber Crimes during 2014-2023'; annexure page header 'L.S. US.Q. NO. 438 FOR 02.12.2025'; no printed page no.,https://www.mha.gov.in/MHA1/Par2017/pdfs/par2025-pdfs/LS02122025/438.pdf,
S01,S01,Punjab,20,state_ut,states,2019,243,243,registered cases (CR),"Total cyber crimes (IT Act + IPC + SLL, NCRB definition)","NCRB 'Crime in India' via MHA reply, Lok Sabha USQ 438 (02.12.2025)",S01_LS_USQ438_2025-12-02_AnnexII_2014-2023.txt,Annexure-II 'State/UT-wise Cases Registered under Cyber Crimes during 2014-2023'; annexure page header 'L.S. US.Q. NO. 438 FOR 02.12.2025'; no printed page no.,https://www.mha.gov.in/MHA1/Par2017/pdfs/par2025-pdfs/LS02122025/438.pdf,
S01,S01,Punjab,20,state_ut,states,2020,378,378,registered cases (CR),"Total cyber crimes (IT Act + IPC + SLL, NCRB definition)","NCRB 'Crime in India' via MHA reply, Lok Sabha USQ 438 (02.12.2025)",S01_LS_USQ438_2025-12-02_AnnexII_2014-2023.txt,Annexure-II 'State/UT-wise Cases Registered under Cyber Crimes during 2014-2023'; annexure page header 'L.S. US.Q. NO. 438 FOR 02.12.2025'; no printed page no.,https://www.mha.gov.in/MHA1/Par2017/pdfs/par2025-pdfs/LS02122025/438.pdf,
S01,S01,Punjab,20,state_ut,states,2021,551,551,registered cases (CR),"Total cyber crimes (IT Act + IPC + SLL, NCRB definition)","NCRB 'Crime in India' via MHA reply, Lok Sabha USQ 438 (02.12.2025)",S01_LS_USQ438_2025-12-02_AnnexII_2014-2023.txt,Annexure-II 'State/UT-wise Cases Registered under Cyber Crimes during 2014-2023'; annexure page header 'L.S. US.Q. NO. 438 FOR 02.12.2025'; no printed page no.,https://www.mha.gov.in/MHA1/Par2017/pdfs/par2025-pdfs/LS02122025/438.pdf,
S01,S01,Punjab,20,state_ut,states,2022,697,697,registered cases (CR),"Total cyber crimes (IT Act + IPC + SLL, NCRB definition)","NCRB 'Crime in India' via MHA reply, Lok Sabha USQ 438 (02.12.2025)",S01_LS_USQ438_2025-12-02_AnnexII_2014-2023.txt,Annexure-II 'State/UT-wise Cases Registered under Cyber Crimes during 2014-2023'; annexure page header 'L.S. US.Q. NO. 438 FOR 02.12.2025'; no printed page no.,https://www.mha.gov.in/MHA1/Par2017/pdfs/par2025-pdfs/LS02122025/438.pdf,
S01,S01,Punjab,20,state_ut,states,2023,511,511,registered cases (CR),"Total cyber crimes (IT Act + IPC + SLL, NCRB definition)","NCRB 'Crime in India' via MHA reply, Lok Sabha USQ 438 (02.12.2025)",S01_LS_USQ438_2025-12-02_AnnexII_2014-2023.txt,Annexure-II 'State/UT-wise Cases Registered under Cyber Crimes during 2014-2023'; annexure page header 'L.S. US.Q. NO. 438 FOR 02.12.2025'; no printed page no.,https://www.mha.gov.in/MHA1/Par2017/pdfs/par2025-pdfs/LS02122025/438.pdf,
S01,S01,Rajasthan,21,state_ut,states,2014,697,697,registered cases (CR),"Total cyber crimes (IT Act + IPC + SLL, NCRB definition)","NCRB 'Crime in India' via MHA reply, Lok Sabha USQ 438 (02.12.2025)",S01_LS_USQ438_2025-12-02_AnnexII_2014-2023.txt,Annexure-II 'State/UT-wise Cases Registered under Cyber Crimes during 2014-2023'; annexure page header 'L.S. US.Q. NO. 438 FOR 02.12.2025'; no printed page no.,https://www.mha.gov.in/MHA1/Par2017/pdfs/par2025-pdfs/LS02122025/438.pdf,
S01,S01,Rajasthan,21,state_ut,states,2015,949,949,registered cases (CR),"Total cyber crimes (IT Act + IPC + SLL, NCRB definition)","NCRB 'Crime in India' via MHA reply, Lok Sabha USQ 438 (02.12.2025)",S01_LS_USQ438_2025-12-02_AnnexII_2014-2023.txt,Annexure-II 'State/UT-wise Cases Registered under Cyber Crimes during 2014-2023'; annexure page header 'L.S. US.Q. NO. 438 FOR 02.12.2025'; no printed page no.,https://www.mha.gov.in/MHA1/Par2017/pdfs/par2025-pdfs/LS02122025/438.pdf,
S01,S01,Rajasthan,21,state_ut,states,2016,941,941,registered cases (CR),"Total cyber crimes (IT Act + IPC + SLL, NCRB definition)","NCRB 'Crime in India' via MHA reply, Lok Sabha USQ 438 (02.12.2025)",S01_LS_USQ438_2025-12-02_AnnexII_2014-2023.txt,Annexure-II 'State/UT-wise Cases Registered under Cyber Crimes during 2014-2023'; annexure page header 'L.S. US.Q. NO. 438 FOR 02.12.2025'; no printed page no.,https://www.mha.gov.in/MHA1/Par2017/pdfs/par2025-pdfs/LS02122025/438.pdf,
S01,S01,Rajasthan,21,state_ut,states,2017,1304,1304,registered cases (CR),"Total cyber crimes (IT Act + IPC + SLL, NCRB definition)","NCRB 'Crime in India' via MHA reply, Lok Sabha USQ 438 (02.12.2025)",S01_LS_USQ438_2025-12-02_AnnexII_2014-2023.txt,Annexure-II 'State/UT-wise Cases Registered under Cyber Crimes during 2014-2023'; annexure page header 'L.S. US.Q. NO. 438 FOR 02.12.2025'; no printed page no.,https://www.mha.gov.in/MHA1/Par2017/pdfs/par2025-pdfs/LS02122025/438.pdf,
S01,S01,Rajasthan,21,state_ut,states,2018,1104,1104,registered cases (CR),"Total cyber crimes (IT Act + IPC + SLL, NCRB definition)","NCRB 'Crime in India' via MHA reply, Lok Sabha USQ 438 (02.12.2025)",S01_LS_USQ438_2025-12-02_AnnexII_2014-2023.txt,Annexure-II 'State/UT-wise Cases Registered under Cyber Crimes during 2014-2023'; annexure page header 'L.S. US.Q. NO. 438 FOR 02.12.2025'; no printed page no.,https://www.mha.gov.in/MHA1/Par2017/pdfs/par2025-pdfs/LS02122025/438.pdf,
S01,S01,Rajasthan,21,state_ut,states,2019,1762,1762,registered cases (CR),"Total cyber crimes (IT Act + IPC + SLL, NCRB definition)","NCRB 'Crime in India' via MHA reply, Lok Sabha USQ 438 (02.12.2025)",S01_LS_USQ438_2025-12-02_AnnexII_2014-2023.txt,Annexure-II 'State/UT-wise Cases Registered under Cyber Crimes during 2014-2023'; annexure page header 'L.S. US.Q. NO. 438 FOR 02.12.2025'; no printed page no.,https://www.mha.gov.in/MHA1/Par2017/pdfs/par2025-pdfs/LS02122025/438.pdf,
S01,S01,Rajasthan,21,state_ut,states,2020,1354,1354,registered cases (CR),"Total cyber crimes (IT Act + IPC + SLL, NCRB definition)","NCRB 'Crime in India' via MHA reply, Lok Sabha USQ 438 (02.12.2025)",S01_LS_USQ438_2025-12-02_AnnexII_2014-2023.txt,Annexure-II 'State/UT-wise Cases Registered under Cyber Crimes during 2014-2023'; annexure page header 'L.S. US.Q. NO. 438 FOR 02.12.2025'; no printed page no.,https://www.mha.gov.in/MHA1/Par2017/pdfs/par2025-pdfs/LS02122025/438.pdf,
S01,S01,Rajasthan,21,state_ut,states,2021,1504,1504,registered cases (CR),"Total cyber crimes (IT Act + IPC + SLL, NCRB definition)","NCRB 'Crime in India' via MHA reply, Lok Sabha USQ 438 (02.12.2025)",S01_LS_USQ438_2025-12-02_AnnexII_2014-2023.txt,Annexure-II 'State/UT-wise Cases Registered under Cyber Crimes during 2014-2023'; annexure page header 'L.S. US.Q. NO. 438 FOR 02.12.2025'; no printed page no.,https://www.mha.gov.in/MHA1/Par2017/pdfs/par2025-pdfs/LS02122025/438.pdf,
S01,S01,Rajasthan,21,state_ut,states,2022,1833,1833,registered cases (CR),"Total cyber crimes (IT Act + IPC + SLL, NCRB definition)","NCRB 'Crime in India' via MHA reply, Lok Sabha USQ 438 (02.12.2025)",S01_LS_USQ438_2025-12-02_AnnexII_2014-2023.txt,Annexure-II 'State/UT-wise Cases Registered under Cyber Crimes during 2014-2023'; annexure page header 'L.S. US.Q. NO. 438 FOR 02.12.2025'; no printed page no.,https://www.mha.gov.in/MHA1/Par2017/pdfs/par2025-pdfs/LS02122025/438.pdf,
S01,S01,Rajasthan,21,state_ut,states,2023,2435,2435,registered cases (CR),"Total cyber crimes (IT Act + IPC + SLL, NCRB definition)","NCRB 'Crime in India' via MHA reply, Lok Sabha USQ 438 (02.12.2025)",S01_LS_USQ438_2025-12-02_AnnexII_2014-2023.txt,Annexure-II 'State/UT-wise Cases Registered under Cyber Crimes during 2014-2023'; annexure page header 'L.S. US.Q. NO. 438 FOR 02.12.2025'; no printed page no.,https://www.mha.gov.in/MHA1/Par2017/pdfs/par2025-pdfs/LS02122025/438.pdf,
S01,S01,Sikkim,22,state_ut,states,2014,4,4,registered cases (CR),"Total cyber crimes (IT Act + IPC + SLL, NCRB definition)","NCRB 'Crime in India' via MHA reply, Lok Sabha USQ 438 (02.12.2025)",S01_LS_USQ438_2025-12-02_AnnexII_2014-2023.txt,Annexure-II 'State/UT-wise Cases Registered under Cyber Crimes during 2014-2023'; annexure page header 'L.S. US.Q. NO. 438 FOR 02.12.2025'; no printed page no.,https://www.mha.gov.in/MHA1/Par2017/pdfs/par2025-pdfs/LS02122025/438.pdf,
S01,S01,Sikkim,22,state_ut,states,2015,1,1,registered cases (CR),"Total cyber crimes (IT Act + IPC + SLL, NCRB definition)","NCRB 'Crime in India' via MHA reply, Lok Sabha USQ 438 (02.12.2025)",S01_LS_USQ438_2025-12-02_AnnexII_2014-2023.txt,Annexure-II 'State/UT-wise Cases Registered under Cyber Crimes during 2014-2023'; annexure page header 'L.S. US.Q. NO. 438 FOR 02.12.2025'; no printed page no.,https://www.mha.gov.in/MHA1/Par2017/pdfs/par2025-pdfs/LS02122025/438.pdf,
S01,S01,Sikkim,22,state_ut,states,2016,1,1,registered cases (CR),"Total cyber crimes (IT Act + IPC + SLL, NCRB definition)","NCRB 'Crime in India' via MHA reply, Lok Sabha USQ 438 (02.12.2025)",S01_LS_USQ438_2025-12-02_AnnexII_2014-2023.txt,Annexure-II 'State/UT-wise Cases Registered under Cyber Crimes during 2014-2023'; annexure page header 'L.S. US.Q. NO. 438 FOR 02.12.2025'; no printed page no.,https://www.mha.gov.in/MHA1/Par2017/pdfs/par2025-pdfs/LS02122025/438.pdf,
S01,S01,Sikkim,22,state_ut,states,2017,1,1,registered cases (CR),"Total cyber crimes (IT Act + IPC + SLL, NCRB definition)","NCRB 'Crime in India' via MHA reply, Lok Sabha USQ 438 (02.12.2025)",S01_LS_USQ438_2025-12-02_AnnexII_2014-2023.txt,Annexure-II 'State/UT-wise Cases Registered under Cyber Crimes during 2014-2023'; annexure page header 'L.S. US.Q. NO. 438 FOR 02.12.2025'; no printed page no.,https://www.mha.gov.in/MHA1/Par2017/pdfs/par2025-pdfs/LS02122025/438.pdf,
S01,S01,Sikkim,22,state_ut,states,2018,1,1,registered cases (CR),"Total cyber crimes (IT Act + IPC + SLL, NCRB definition)","NCRB 'Crime in India' via MHA reply, Lok Sabha USQ 438 (02.12.2025)",S01_LS_USQ438_2025-12-02_AnnexII_2014-2023.txt,Annexure-II 'State/UT-wise Cases Registered under Cyber Crimes during 2014-2023'; annexure page header 'L.S. US.Q. NO. 438 FOR 02.12.2025'; no printed page no.,https://www.mha.gov.in/MHA1/Par2017/pdfs/par2025-pdfs/LS02122025/438.pdf,
S01,S01,Sikkim,22,state_ut,states,2019,2,2,registered cases (CR),"Total cyber crimes (IT Act + IPC + SLL, NCRB definition)","NCRB 'Crime in India' via MHA reply, Lok Sabha USQ 438 (02.12.2025)",S01_LS_USQ438_2025-12-02_AnnexII_2014-2023.txt,Annexure-II 'State/UT-wise Cases Registered under Cyber Crimes during 2014-2023'; annexure page header 'L.S. US.Q. NO. 438 FOR 02.12.2025'; no printed page no.,https://www.mha.gov.in/MHA1/Par2017/pdfs/par2025-pdfs/LS02122025/438.pdf,
S01,S01,Sikkim,22,state_ut,states,2020,0,0,registered cases (CR),"Total cyber crimes (IT Act + IPC + SLL, NCRB definition)","NCRB 'Crime in India' via MHA reply, Lok Sabha USQ 438 (02.12.2025)",S01_LS_USQ438_2025-12-02_AnnexII_2014-2023.txt,Annexure-II 'State/UT-wise Cases Registered under Cyber Crimes during 2014-2023'; annexure page header 'L.S. US.Q. NO. 438 FOR 02.12.2025'; no printed page no.,https://www.mha.gov.in/MHA1/Par2017/pdfs/par2025-pdfs/LS02122025/438.pdf,
S01,S01,Sikkim,22,state_ut,states,2021,0,0,registered cases (CR),"Total cyber crimes (IT Act + IPC + SLL, NCRB definition)","NCRB 'Crime in India' via MHA reply, Lok Sabha USQ 438 (02.12.2025)",S01_LS_USQ438_2025-12-02_AnnexII_2014-2023.txt,Annexure-II 'State/UT-wise Cases Registered under Cyber Crimes during 2014-2023'; annexure page header 'L.S. US.Q. NO. 438 FOR 02.12.2025'; no printed page no.,https://www.mha.gov.in/MHA1/Par2017/pdfs/par2025-pdfs/LS02122025/438.pdf,
S01,S01,Sikkim,22,state_ut,states,2022,26,26,registered cases (CR),"Total cyber crimes (IT Act + IPC + SLL, NCRB definition)","NCRB 'Crime in India' via MHA reply, Lok Sabha USQ 438 (02.12.2025)",S01_LS_USQ438_2025-12-02_AnnexII_2014-2023.txt,Annexure-II 'State/UT-wise Cases Registered under Cyber Crimes during 2014-2023'; annexure page header 'L.S. US.Q. NO. 438 FOR 02.12.2025'; no printed page no.,https://www.mha.gov.in/MHA1/Par2017/pdfs/par2025-pdfs/LS02122025/438.pdf,
S01,S01,Sikkim,22,state_ut,states,2023,12,12,registered cases (CR),"Total cyber crimes (IT Act + IPC + SLL, NCRB definition)","NCRB 'Crime in India' via MHA reply, Lok Sabha USQ 438 (02.12.2025)",S01_LS_USQ438_2025-12-02_AnnexII_2014-2023.txt,Annexure-II 'State/UT-wise Cases Registered under Cyber Crimes during 2014-2023'; annexure page header 'L.S. US.Q. NO. 438 FOR 02.12.2025'; no printed page no.,https://www.mha.gov.in/MHA1/Par2017/pdfs/par2025-pdfs/LS02122025/438.pdf,
S01,S01,Tamil Nadu,23,state_ut,states,2014,172,172,registered cases (CR),"Total cyber crimes (IT Act + IPC + SLL, NCRB definition)","NCRB 'Crime in India' via MHA reply, Lok Sabha USQ 438 (02.12.2025)",S01_LS_USQ438_2025-12-02_AnnexII_2014-2023.txt,Annexure-II 'State/UT-wise Cases Registered under Cyber Crimes during 2014-2023'; annexure page header 'L.S. US.Q. NO. 438 FOR 02.12.2025'; no printed page no.,https://www.mha.gov.in/MHA1/Par2017/pdfs/par2025-pdfs/LS02122025/438.pdf,
S01,S01,Tamil Nadu,23,state_ut,states,2015,142,142,registered cases (CR),"Total cyber crimes (IT Act + IPC + SLL, NCRB definition)","NCRB 'Crime in India' via MHA reply, Lok Sabha USQ 438 (02.12.2025)",S01_LS_USQ438_2025-12-02_AnnexII_2014-2023.txt,Annexure-II 'State/UT-wise Cases Registered under Cyber Crimes during 2014-2023'; annexure page header 'L.S. US.Q. NO. 438 FOR 02.12.2025'; no printed page no.,https://www.mha.gov.in/MHA1/Par2017/pdfs/par2025-pdfs/LS02122025/438.pdf,
S01,S01,Tamil Nadu,23,state_ut,states,2016,144,144,registered cases (CR),"Total cyber crimes (IT Act + IPC + SLL, NCRB definition)","NCRB 'Crime in India' via MHA reply, Lok Sabha USQ 438 (02.12.2025)",S01_LS_USQ438_2025-12-02_AnnexII_2014-2023.txt,Annexure-II 'State/UT-wise Cases Registered under Cyber Crimes during 2014-2023'; annexure page header 'L.S. US.Q. NO. 438 FOR 02.12.2025'; no printed page no.,https://www.mha.gov.in/MHA1/Par2017/pdfs/par2025-pdfs/LS02122025/438.pdf,
S01,S01,Tamil Nadu,23,state_ut,states,2017,228,228,registered cases (CR),"Total cyber crimes (IT Act + IPC + SLL, NCRB definition)","NCRB 'Crime in India' via MHA reply, Lok Sabha USQ 438 (02.12.2025)",S01_LS_USQ438_2025-12-02_AnnexII_2014-2023.txt,Annexure-II 'State/UT-wise Cases Registered under Cyber Crimes during 2014-2023'; annexure page header 'L.S. US.Q. NO. 438 FOR 02.12.2025'; no printed page no.,https://www.mha.gov.in/MHA1/Par2017/pdfs/par2025-pdfs/LS02122025/438.pdf,
S01,S01,Tamil Nadu,23,state_ut,states,2018,295,295,registered cases (CR),"Total cyber crimes (IT Act + IPC + SLL, NCRB definition)","NCRB 'Crime in India' via MHA reply, Lok Sabha USQ 438 (02.12.2025)",S01_LS_USQ438_2025-12-02_AnnexII_2014-2023.txt,Annexure-II 'State/UT-wise Cases Registered under Cyber Crimes during 2014-2023'; annexure page header 'L.S. US.Q. NO. 438 FOR 02.12.2025'; no printed page no.,https://www.mha.gov.in/MHA1/Par2017/pdfs/par2025-pdfs/LS02122025/438.pdf,
S01,S01,Tamil Nadu,23,state_ut,states,2019,385,385,registered cases (CR),"Total cyber crimes (IT Act + IPC + SLL, NCRB definition)","NCRB 'Crime in India' via MHA reply, Lok Sabha USQ 438 (02.12.2025)",S01_LS_USQ438_2025-12-02_AnnexII_2014-2023.txt,Annexure-II 'State/UT-wise Cases Registered under Cyber Crimes during 2014-2023'; annexure page header 'L.S. US.Q. NO. 438 FOR 02.12.2025'; no printed page no.,https://www.mha.gov.in/MHA1/Par2017/pdfs/par2025-pdfs/LS02122025/438.pdf,
S01,S01,Tamil Nadu,23,state_ut,states,2020,782,782,registered cases (CR),"Total cyber crimes (IT Act + IPC + SLL, NCRB definition)","NCRB 'Crime in India' via MHA reply, Lok Sabha USQ 438 (02.12.2025)",S01_LS_USQ438_2025-12-02_AnnexII_2014-2023.txt,Annexure-II 'State/UT-wise Cases Registered under Cyber Crimes during 2014-2023'; annexure page header 'L.S. US.Q. NO. 438 FOR 02.12.2025'; no printed page no.,https://www.mha.gov.in/MHA1/Par2017/pdfs/par2025-pdfs/LS02122025/438.pdf,
S01,S01,Tamil Nadu,23,state_ut,states,2021,1076,1076,registered cases (CR),"Total cyber crimes (IT Act + IPC + SLL, NCRB definition)","NCRB 'Crime in India' via MHA reply, Lok Sabha USQ 438 (02.12.2025)",S01_LS_USQ438_2025-12-02_AnnexII_2014-2023.txt,Annexure-II 'State/UT-wise Cases Registered under Cyber Crimes during 2014-2023'; annexure page header 'L.S. US.Q. NO. 438 FOR 02.12.2025'; no printed page no.,https://www.mha.gov.in/MHA1/Par2017/pdfs/par2025-pdfs/LS02122025/438.pdf,
S01,S01,Tamil Nadu,23,state_ut,states,2022,2082,2082,registered cases (CR),"Total cyber crimes (IT Act + IPC + SLL, NCRB definition)","NCRB 'Crime in India' via MHA reply, Lok Sabha USQ 438 (02.12.2025)",S01_LS_USQ438_2025-12-02_AnnexII_2014-2023.txt,Annexure-II 'State/UT-wise Cases Registered under Cyber Crimes during 2014-2023'; annexure page header 'L.S. US.Q. NO. 438 FOR 02.12.2025'; no printed page no.,https://www.mha.gov.in/MHA1/Par2017/pdfs/par2025-pdfs/LS02122025/438.pdf,
S01,S01,Tamil Nadu,23,state_ut,states,2023,4121,4121,registered cases (CR),"Total cyber crimes (IT Act + IPC + SLL, NCRB definition)","NCRB 'Crime in India' via MHA reply, Lok Sabha USQ 438 (02.12.2025)",S01_LS_USQ438_2025-12-02_AnnexII_2014-2023.txt,Annexure-II 'State/UT-wise Cases Registered under Cyber Crimes during 2014-2023'; annexure page header 'L.S. US.Q. NO. 438 FOR 02.12.2025'; no printed page no.,https://www.mha.gov.in/MHA1/Par2017/pdfs/par2025-pdfs/LS02122025/438.pdf,
S01,S01,Telangana,24,state_ut,states,2014,703,703,registered cases (CR),"Total cyber crimes (IT Act + IPC + SLL, NCRB definition)","NCRB 'Crime in India' via MHA reply, Lok Sabha USQ 438 (02.12.2025)",S01_LS_USQ438_2025-12-02_AnnexII_2014-2023.txt,Annexure-II 'State/UT-wise Cases Registered under Cyber Crimes during 2014-2023'; annexure page header 'L.S. US.Q. NO. 438 FOR 02.12.2025'; no printed page no.,https://www.mha.gov.in/MHA1/Par2017/pdfs/par2025-pdfs/LS02122025/438.pdf,Telangana formed 02.06.2014; check Crime in India 2014 for how pre-formation cases were split with Andhra Pradesh.
S01,S01,Telangana,24,state_ut,states,2015,687,687,registered cases (CR),"Total cyber crimes (IT Act + IPC + SLL, NCRB definition)","NCRB 'Crime in India' via MHA reply, Lok Sabha USQ 438 (02.12.2025)",S01_LS_USQ438_2025-12-02_AnnexII_2014-2023.txt,Annexure-II 'State/UT-wise Cases Registered under Cyber Crimes during 2014-2023'; annexure page header 'L.S. US.Q. NO. 438 FOR 02.12.2025'; no printed page no.,https://www.mha.gov.in/MHA1/Par2017/pdfs/par2025-pdfs/LS02122025/438.pdf,
S01,S01,Telangana,24,state_ut,states,2016,593,593,registered cases (CR),"Total cyber crimes (IT Act + IPC + SLL, NCRB definition)","NCRB 'Crime in India' via MHA reply, Lok Sabha USQ 438 (02.12.2025)",S01_LS_USQ438_2025-12-02_AnnexII_2014-2023.txt,Annexure-II 'State/UT-wise Cases Registered under Cyber Crimes during 2014-2023'; annexure page header 'L.S. US.Q. NO. 438 FOR 02.12.2025'; no printed page no.,https://www.mha.gov.in/MHA1/Par2017/pdfs/par2025-pdfs/LS02122025/438.pdf,
S01,S01,Telangana,24,state_ut,states,2017,1209,1209,registered cases (CR),"Total cyber crimes (IT Act + IPC + SLL, NCRB definition)","NCRB 'Crime in India' via MHA reply, Lok Sabha USQ 438 (02.12.2025)",S01_LS_USQ438_2025-12-02_AnnexII_2014-2023.txt,Annexure-II 'State/UT-wise Cases Registered under Cyber Crimes during 2014-2023'; annexure page header 'L.S. US.Q. NO. 438 FOR 02.12.2025'; no printed page no.,https://www.mha.gov.in/MHA1/Par2017/pdfs/par2025-pdfs/LS02122025/438.pdf,
S01,S01,Telangana,24,state_ut,states,2018,1205,1205,registered cases (CR),"Total cyber crimes (IT Act + IPC + SLL, NCRB definition)","NCRB 'Crime in India' via MHA reply, Lok Sabha USQ 438 (02.12.2025)",S01_LS_USQ438_2025-12-02_AnnexII_2014-2023.txt,Annexure-II 'State/UT-wise Cases Registered under Cyber Crimes during 2014-2023'; annexure page header 'L.S. US.Q. NO. 438 FOR 02.12.2025'; no printed page no.,https://www.mha.gov.in/MHA1/Par2017/pdfs/par2025-pdfs/LS02122025/438.pdf,
S01,S01,Telangana,24,state_ut,states,2019,2691,2691,registered cases (CR),"Total cyber crimes (IT Act + IPC + SLL, NCRB definition)","NCRB 'Crime in India' via MHA reply, Lok Sabha USQ 438 (02.12.2025)",S01_LS_USQ438_2025-12-02_AnnexII_2014-2023.txt,Annexure-II 'State/UT-wise Cases Registered under Cyber Crimes during 2014-2023'; annexure page header 'L.S. US.Q. NO. 438 FOR 02.12.2025'; no printed page no.,https://www.mha.gov.in/MHA1/Par2017/pdfs/par2025-pdfs/LS02122025/438.pdf,
S01,S01,Telangana,24,state_ut,states,2020,5024,5024,registered cases (CR),"Total cyber crimes (IT Act + IPC + SLL, NCRB definition)","NCRB 'Crime in India' via MHA reply, Lok Sabha USQ 438 (02.12.2025)",S01_LS_USQ438_2025-12-02_AnnexII_2014-2023.txt,Annexure-II 'State/UT-wise Cases Registered under Cyber Crimes during 2014-2023'; annexure page header 'L.S. US.Q. NO. 438 FOR 02.12.2025'; no printed page no.,https://www.mha.gov.in/MHA1/Par2017/pdfs/par2025-pdfs/LS02122025/438.pdf,
S01,S01,Telangana,24,state_ut,states,2021,10303,10303,registered cases (CR),"Total cyber crimes (IT Act + IPC + SLL, NCRB definition)","NCRB 'Crime in India' via MHA reply, Lok Sabha USQ 438 (02.12.2025)",S01_LS_USQ438_2025-12-02_AnnexII_2014-2023.txt,Annexure-II 'State/UT-wise Cases Registered under Cyber Crimes during 2014-2023'; annexure page header 'L.S. US.Q. NO. 438 FOR 02.12.2025'; no printed page no.,https://www.mha.gov.in/MHA1/Par2017/pdfs/par2025-pdfs/LS02122025/438.pdf,
S01,S01,Telangana,24,state_ut,states,2022,15297,15297,registered cases (CR),"Total cyber crimes (IT Act + IPC + SLL, NCRB definition)","NCRB 'Crime in India' via MHA reply, Lok Sabha USQ 438 (02.12.2025)",S01_LS_USQ438_2025-12-02_AnnexII_2014-2023.txt,Annexure-II 'State/UT-wise Cases Registered under Cyber Crimes during 2014-2023'; annexure page header 'L.S. US.Q. NO. 438 FOR 02.12.2025'; no printed page no.,https://www.mha.gov.in/MHA1/Par2017/pdfs/par2025-pdfs/LS02122025/438.pdf,
S01,S01,Telangana,24,state_ut,states,2023,18236,18236,registered cases (CR),"Total cyber crimes (IT Act + IPC + SLL, NCRB definition)","NCRB 'Crime in India' via MHA reply, Lok Sabha USQ 438 (02.12.2025)",S01_LS_USQ438_2025-12-02_AnnexII_2014-2023.txt,Annexure-II 'State/UT-wise Cases Registered under Cyber Crimes during 2014-2023'; annexure page header 'L.S. US.Q. NO. 438 FOR 02.12.2025'; no printed page no.,https://www.mha.gov.in/MHA1/Par2017/pdfs/par2025-pdfs/LS02122025/438.pdf,
S01,S01,Tripura,25,state_ut,states,2014,5,5,registered cases (CR),"Total cyber crimes (IT Act + IPC + SLL, NCRB definition)","NCRB 'Crime in India' via MHA reply, Lok Sabha USQ 438 (02.12.2025)",S01_LS_USQ438_2025-12-02_AnnexII_2014-2023.txt,Annexure-II 'State/UT-wise Cases Registered under Cyber Crimes during 2014-2023'; annexure page header 'L.S. US.Q. NO. 438 FOR 02.12.2025'; no printed page no.,https://www.mha.gov.in/MHA1/Par2017/pdfs/par2025-pdfs/LS02122025/438.pdf,
S01,S01,Tripura,25,state_ut,states,2015,13,13,registered cases (CR),"Total cyber crimes (IT Act + IPC + SLL, NCRB definition)","NCRB 'Crime in India' via MHA reply, Lok Sabha USQ 438 (02.12.2025)",S01_LS_USQ438_2025-12-02_AnnexII_2014-2023.txt,Annexure-II 'State/UT-wise Cases Registered under Cyber Crimes during 2014-2023'; annexure page header 'L.S. US.Q. NO. 438 FOR 02.12.2025'; no printed page no.,https://www.mha.gov.in/MHA1/Par2017/pdfs/par2025-pdfs/LS02122025/438.pdf,
S01,S01,Tripura,25,state_ut,states,2016,8,8,registered cases (CR),"Total cyber crimes (IT Act + IPC + SLL, NCRB definition)","NCRB 'Crime in India' via MHA reply, Lok Sabha USQ 438 (02.12.2025)",S01_LS_USQ438_2025-12-02_AnnexII_2014-2023.txt,Annexure-II 'State/UT-wise Cases Registered under Cyber Crimes during 2014-2023'; annexure page header 'L.S. US.Q. NO. 438 FOR 02.12.2025'; no printed page no.,https://www.mha.gov.in/MHA1/Par2017/pdfs/par2025-pdfs/LS02122025/438.pdf,
S01,S01,Tripura,25,state_ut,states,2017,7,7,registered cases (CR),"Total cyber crimes (IT Act + IPC + SLL, NCRB definition)","NCRB 'Crime in India' via MHA reply, Lok Sabha USQ 438 (02.12.2025)",S01_LS_USQ438_2025-12-02_AnnexII_2014-2023.txt,Annexure-II 'State/UT-wise Cases Registered under Cyber Crimes during 2014-2023'; annexure page header 'L.S. US.Q. NO. 438 FOR 02.12.2025'; no printed page no.,https://www.mha.gov.in/MHA1/Par2017/pdfs/par2025-pdfs/LS02122025/438.pdf,
S01,S01,Tripura,25,state_ut,states,2018,20,20,registered cases (CR),"Total cyber crimes (IT Act + IPC + SLL, NCRB definition)","NCRB 'Crime in India' via MHA reply, Lok Sabha USQ 438 (02.12.2025)",S01_LS_USQ438_2025-12-02_AnnexII_2014-2023.txt,Annexure-II 'State/UT-wise Cases Registered under Cyber Crimes during 2014-2023'; annexure page header 'L.S. US.Q. NO. 438 FOR 02.12.2025'; no printed page no.,https://www.mha.gov.in/MHA1/Par2017/pdfs/par2025-pdfs/LS02122025/438.pdf,
S01,S01,Tripura,25,state_ut,states,2019,20,20,registered cases (CR),"Total cyber crimes (IT Act + IPC + SLL, NCRB definition)","NCRB 'Crime in India' via MHA reply, Lok Sabha USQ 438 (02.12.2025)",S01_LS_USQ438_2025-12-02_AnnexII_2014-2023.txt,Annexure-II 'State/UT-wise Cases Registered under Cyber Crimes during 2014-2023'; annexure page header 'L.S. US.Q. NO. 438 FOR 02.12.2025'; no printed page no.,https://www.mha.gov.in/MHA1/Par2017/pdfs/par2025-pdfs/LS02122025/438.pdf,
S01,S01,Tripura,25,state_ut,states,2020,34,34,registered cases (CR),"Total cyber crimes (IT Act + IPC + SLL, NCRB definition)","NCRB 'Crime in India' via MHA reply, Lok Sabha USQ 438 (02.12.2025)",S01_LS_USQ438_2025-12-02_AnnexII_2014-2023.txt,Annexure-II 'State/UT-wise Cases Registered under Cyber Crimes during 2014-2023'; annexure page header 'L.S. US.Q. NO. 438 FOR 02.12.2025'; no printed page no.,https://www.mha.gov.in/MHA1/Par2017/pdfs/par2025-pdfs/LS02122025/438.pdf,
S01,S01,Tripura,25,state_ut,states,2021,24,24,registered cases (CR),"Total cyber crimes (IT Act + IPC + SLL, NCRB definition)","NCRB 'Crime in India' via MHA reply, Lok Sabha USQ 438 (02.12.2025)",S01_LS_USQ438_2025-12-02_AnnexII_2014-2023.txt,Annexure-II 'State/UT-wise Cases Registered under Cyber Crimes during 2014-2023'; annexure page header 'L.S. US.Q. NO. 438 FOR 02.12.2025'; no printed page no.,https://www.mha.gov.in/MHA1/Par2017/pdfs/par2025-pdfs/LS02122025/438.pdf,
S01,S01,Tripura,25,state_ut,states,2022,30,30,registered cases (CR),"Total cyber crimes (IT Act + IPC + SLL, NCRB definition)","NCRB 'Crime in India' via MHA reply, Lok Sabha USQ 438 (02.12.2025)",S01_LS_USQ438_2025-12-02_AnnexII_2014-2023.txt,Annexure-II 'State/UT-wise Cases Registered under Cyber Crimes during 2014-2023'; annexure page header 'L.S. US.Q. NO. 438 FOR 02.12.2025'; no printed page no.,https://www.mha.gov.in/MHA1/Par2017/pdfs/par2025-pdfs/LS02122025/438.pdf,
S01,S01,Tripura,25,state_ut,states,2023,36,36,registered cases (CR),"Total cyber crimes (IT Act + IPC + SLL, NCRB definition)","NCRB 'Crime in India' via MHA reply, Lok Sabha USQ 438 (02.12.2025)",S01_LS_USQ438_2025-12-02_AnnexII_2014-2023.txt,Annexure-II 'State/UT-wise Cases Registered under Cyber Crimes during 2014-2023'; annexure page header 'L.S. US.Q. NO. 438 FOR 02.12.2025'; no printed page no.,https://www.mha.gov.in/MHA1/Par2017/pdfs/par2025-pdfs/LS02122025/438.pdf,
S01,S01,Uttar Pradesh,26,state_ut,states,2014,1737,1737,registered cases (CR),"Total cyber crimes (IT Act + IPC + SLL, NCRB definition)","NCRB 'Crime in India' via MHA reply, Lok Sabha USQ 438 (02.12.2025)",S01_LS_USQ438_2025-12-02_AnnexII_2014-2023.txt,Annexure-II 'State/UT-wise Cases Registered under Cyber Crimes during 2014-2023'; annexure page header 'L.S. US.Q. NO. 438 FOR 02.12.2025'; no printed page no.,https://www.mha.gov.in/MHA1/Par2017/pdfs/par2025-pdfs/LS02122025/438.pdf,
S01,S01,Uttar Pradesh,26,state_ut,states,2015,2208,2208,registered cases (CR),"Total cyber crimes (IT Act + IPC + SLL, NCRB definition)","NCRB 'Crime in India' via MHA reply, Lok Sabha USQ 438 (02.12.2025)",S01_LS_USQ438_2025-12-02_AnnexII_2014-2023.txt,Annexure-II 'State/UT-wise Cases Registered under Cyber Crimes during 2014-2023'; annexure page header 'L.S. US.Q. NO. 438 FOR 02.12.2025'; no printed page no.,https://www.mha.gov.in/MHA1/Par2017/pdfs/par2025-pdfs/LS02122025/438.pdf,
S01,S01,Uttar Pradesh,26,state_ut,states,2016,2639,2639,registered cases (CR),"Total cyber crimes (IT Act + IPC + SLL, NCRB definition)","NCRB 'Crime in India' via MHA reply, Lok Sabha USQ 438 (02.12.2025)",S01_LS_USQ438_2025-12-02_AnnexII_2014-2023.txt,Annexure-II 'State/UT-wise Cases Registered under Cyber Crimes during 2014-2023'; annexure page header 'L.S. US.Q. NO. 438 FOR 02.12.2025'; no printed page no.,https://www.mha.gov.in/MHA1/Par2017/pdfs/par2025-pdfs/LS02122025/438.pdf,
S01,S01,Uttar Pradesh,26,state_ut,states,2017,4971,4971,registered cases (CR),"Total cyber crimes (IT Act + IPC + SLL, NCRB definition)","NCRB 'Crime in India' via MHA reply, Lok Sabha USQ 438 (02.12.2025)",S01_LS_USQ438_2025-12-02_AnnexII_2014-2023.txt,Annexure-II 'State/UT-wise Cases Registered under Cyber Crimes during 2014-2023'; annexure page header 'L.S. US.Q. NO. 438 FOR 02.12.2025'; no printed page no.,https://www.mha.gov.in/MHA1/Par2017/pdfs/par2025-pdfs/LS02122025/438.pdf,
S01,S01,Uttar Pradesh,26,state_ut,states,2018,6280,6280,registered cases (CR),"Total cyber crimes (IT Act + IPC + SLL, NCRB definition)","NCRB 'Crime in India' via MHA reply, Lok Sabha USQ 438 (02.12.2025)",S01_LS_USQ438_2025-12-02_AnnexII_2014-2023.txt,Annexure-II 'State/UT-wise Cases Registered under Cyber Crimes during 2014-2023'; annexure page header 'L.S. US.Q. NO. 438 FOR 02.12.2025'; no printed page no.,https://www.mha.gov.in/MHA1/Par2017/pdfs/par2025-pdfs/LS02122025/438.pdf,
S01,S01,Uttar Pradesh,26,state_ut,states,2019,11416,11416,registered cases (CR),"Total cyber crimes (IT Act + IPC + SLL, NCRB definition)","NCRB 'Crime in India' via MHA reply, Lok Sabha USQ 438 (02.12.2025)",S01_LS_USQ438_2025-12-02_AnnexII_2014-2023.txt,Annexure-II 'State/UT-wise Cases Registered under Cyber Crimes during 2014-2023'; annexure page header 'L.S. US.Q. NO. 438 FOR 02.12.2025'; no printed page no.,https://www.mha.gov.in/MHA1/Par2017/pdfs/par2025-pdfs/LS02122025/438.pdf,
S01,S01,Uttar Pradesh,26,state_ut,states,2020,11097,11097,registered cases (CR),"Total cyber crimes (IT Act + IPC + SLL, NCRB definition)","NCRB 'Crime in India' via MHA reply, Lok Sabha USQ 438 (02.12.2025)",S01_LS_USQ438_2025-12-02_AnnexII_2014-2023.txt,Annexure-II 'State/UT-wise Cases Registered under Cyber Crimes during 2014-2023'; annexure page header 'L.S. US.Q. NO. 438 FOR 02.12.2025'; no printed page no.,https://www.mha.gov.in/MHA1/Par2017/pdfs/par2025-pdfs/LS02122025/438.pdf,
S01,S01,Uttar Pradesh,26,state_ut,states,2021,8829,8829,registered cases (CR),"Total cyber crimes (IT Act + IPC + SLL, NCRB definition)","NCRB 'Crime in India' via MHA reply, Lok Sabha USQ 438 (02.12.2025)",S01_LS_USQ438_2025-12-02_AnnexII_2014-2023.txt,Annexure-II 'State/UT-wise Cases Registered under Cyber Crimes during 2014-2023'; annexure page header 'L.S. US.Q. NO. 438 FOR 02.12.2025'; no printed page no.,https://www.mha.gov.in/MHA1/Par2017/pdfs/par2025-pdfs/LS02122025/438.pdf,
S01,S01,Uttar Pradesh,26,state_ut,states,2022,10117,10117,registered cases (CR),"Total cyber crimes (IT Act + IPC + SLL, NCRB definition)","NCRB 'Crime in India' via MHA reply, Lok Sabha USQ 438 (02.12.2025)",S01_LS_USQ438_2025-12-02_AnnexII_2014-2023.txt,Annexure-II 'State/UT-wise Cases Registered under Cyber Crimes during 2014-2023'; annexure page header 'L.S. US.Q. NO. 438 FOR 02.12.2025'; no printed page no.,https://www.mha.gov.in/MHA1/Par2017/pdfs/par2025-pdfs/LS02122025/438.pdf,
S01,S01,Uttar Pradesh,26,state_ut,states,2023,10794,10794,registered cases (CR),"Total cyber crimes (IT Act + IPC + SLL, NCRB definition)","NCRB 'Crime in India' via MHA reply, Lok Sabha USQ 438 (02.12.2025)",S01_LS_USQ438_2025-12-02_AnnexII_2014-2023.txt,Annexure-II 'State/UT-wise Cases Registered under Cyber Crimes during 2014-2023'; annexure page header 'L.S. US.Q. NO. 438 FOR 02.12.2025'; no printed page no.,https://www.mha.gov.in/MHA1/Par2017/pdfs/par2025-pdfs/LS02122025/438.pdf,
S01,S01,Uttarakhand,27,state_ut,states,2014,42,42,registered cases (CR),"Total cyber crimes (IT Act + IPC + SLL, NCRB definition)","NCRB 'Crime in India' via MHA reply, Lok Sabha USQ 438 (02.12.2025)",S01_LS_USQ438_2025-12-02_AnnexII_2014-2023.txt,Annexure-II 'State/UT-wise Cases Registered under Cyber Crimes during 2014-2023'; annexure page header 'L.S. US.Q. NO. 438 FOR 02.12.2025'; no printed page no.,https://www.mha.gov.in/MHA1/Par2017/pdfs/par2025-pdfs/LS02122025/438.pdf,
S01,S01,Uttarakhand,27,state_ut,states,2015,48,48,registered cases (CR),"Total cyber crimes (IT Act + IPC + SLL, NCRB definition)","NCRB 'Crime in India' via MHA reply, Lok Sabha USQ 438 (02.12.2025)",S01_LS_USQ438_2025-12-02_AnnexII_2014-2023.txt,Annexure-II 'State/UT-wise Cases Registered under Cyber Crimes during 2014-2023'; annexure page header 'L.S. US.Q. NO. 438 FOR 02.12.2025'; no printed page no.,https://www.mha.gov.in/MHA1/Par2017/pdfs/par2025-pdfs/LS02122025/438.pdf,
S01,S01,Uttarakhand,27,state_ut,states,2016,62,62,registered cases (CR),"Total cyber crimes (IT Act + IPC + SLL, NCRB definition)","NCRB 'Crime in India' via MHA reply, Lok Sabha USQ 438 (02.12.2025)",S01_LS_USQ438_2025-12-02_AnnexII_2014-2023.txt,Annexure-II 'State/UT-wise Cases Registered under Cyber Crimes during 2014-2023'; annexure page header 'L.S. US.Q. NO. 438 FOR 02.12.2025'; no printed page no.,https://www.mha.gov.in/MHA1/Par2017/pdfs/par2025-pdfs/LS02122025/438.pdf,
S01,S01,Uttarakhand,27,state_ut,states,2017,124,124,registered cases (CR),"Total cyber crimes (IT Act + IPC + SLL, NCRB definition)","NCRB 'Crime in India' via MHA reply, Lok Sabha USQ 438 (02.12.2025)",S01_LS_USQ438_2025-12-02_AnnexII_2014-2023.txt,Annexure-II 'State/UT-wise Cases Registered under Cyber Crimes during 2014-2023'; annexure page header 'L.S. US.Q. NO. 438 FOR 02.12.2025'; no printed page no.,https://www.mha.gov.in/MHA1/Par2017/pdfs/par2025-pdfs/LS02122025/438.pdf,
S01,S01,Uttarakhand,27,state_ut,states,2018,171,171,registered cases (CR),"Total cyber crimes (IT Act + IPC + SLL, NCRB definition)","NCRB 'Crime in India' via MHA reply, Lok Sabha USQ 438 (02.12.2025)",S01_LS_USQ438_2025-12-02_AnnexII_2014-2023.txt,Annexure-II 'State/UT-wise Cases Registered under Cyber Crimes during 2014-2023'; annexure page header 'L.S. US.Q. NO. 438 FOR 02.12.2025'; no printed page no.,https://www.mha.gov.in/MHA1/Par2017/pdfs/par2025-pdfs/LS02122025/438.pdf,
S01,S01,Uttarakhand,27,state_ut,states,2019,100,100,registered cases (CR),"Total cyber crimes (IT Act + IPC + SLL, NCRB definition)","NCRB 'Crime in India' via MHA reply, Lok Sabha USQ 438 (02.12.2025)",S01_LS_USQ438_2025-12-02_AnnexII_2014-2023.txt,Annexure-II 'State/UT-wise Cases Registered under Cyber Crimes during 2014-2023'; annexure page header 'L.S. US.Q. NO. 438 FOR 02.12.2025'; no printed page no.,https://www.mha.gov.in/MHA1/Par2017/pdfs/par2025-pdfs/LS02122025/438.pdf,
S01,S01,Uttarakhand,27,state_ut,states,2020,243,243,registered cases (CR),"Total cyber crimes (IT Act + IPC + SLL, NCRB definition)","NCRB 'Crime in India' via MHA reply, Lok Sabha USQ 438 (02.12.2025)",S01_LS_USQ438_2025-12-02_AnnexII_2014-2023.txt,Annexure-II 'State/UT-wise Cases Registered under Cyber Crimes during 2014-2023'; annexure page header 'L.S. US.Q. NO. 438 FOR 02.12.2025'; no printed page no.,https://www.mha.gov.in/MHA1/Par2017/pdfs/par2025-pdfs/LS02122025/438.pdf,
S01,S01,Uttarakhand,27,state_ut,states,2021,718,718,registered cases (CR),"Total cyber crimes (IT Act + IPC + SLL, NCRB definition)","NCRB 'Crime in India' via MHA reply, Lok Sabha USQ 438 (02.12.2025)",S01_LS_USQ438_2025-12-02_AnnexII_2014-2023.txt,Annexure-II 'State/UT-wise Cases Registered under Cyber Crimes during 2014-2023'; annexure page header 'L.S. US.Q. NO. 438 FOR 02.12.2025'; no printed page no.,https://www.mha.gov.in/MHA1/Par2017/pdfs/par2025-pdfs/LS02122025/438.pdf,
S01,S01,Uttarakhand,27,state_ut,states,2022,559,559,registered cases (CR),"Total cyber crimes (IT Act + IPC + SLL, NCRB definition)","NCRB 'Crime in India' via MHA reply, Lok Sabha USQ 438 (02.12.2025)",S01_LS_USQ438_2025-12-02_AnnexII_2014-2023.txt,Annexure-II 'State/UT-wise Cases Registered under Cyber Crimes during 2014-2023'; annexure page header 'L.S. US.Q. NO. 438 FOR 02.12.2025'; no printed page no.,https://www.mha.gov.in/MHA1/Par2017/pdfs/par2025-pdfs/LS02122025/438.pdf,
S01,S01,Uttarakhand,27,state_ut,states,2023,494,494,registered cases (CR),"Total cyber crimes (IT Act + IPC + SLL, NCRB definition)","NCRB 'Crime in India' via MHA reply, Lok Sabha USQ 438 (02.12.2025)",S01_LS_USQ438_2025-12-02_AnnexII_2014-2023.txt,Annexure-II 'State/UT-wise Cases Registered under Cyber Crimes during 2014-2023'; annexure page header 'L.S. US.Q. NO. 438 FOR 02.12.2025'; no printed page no.,https://www.mha.gov.in/MHA1/Par2017/pdfs/par2025-pdfs/LS02122025/438.pdf,
S01,S01,West Bengal,28,state_ut,states,2014,355,355,registered cases (CR),"Total cyber crimes (IT Act + IPC + SLL, NCRB definition)","NCRB 'Crime in India' via MHA reply, Lok Sabha USQ 438 (02.12.2025)",S01_LS_USQ438_2025-12-02_AnnexII_2014-2023.txt,Annexure-II 'State/UT-wise Cases Registered under Cyber Crimes during 2014-2023'; annexure page header 'L.S. US.Q. NO. 438 FOR 02.12.2025'; no printed page no.,https://www.mha.gov.in/MHA1/Par2017/pdfs/par2025-pdfs/LS02122025/438.pdf,
S01,S01,West Bengal,28,state_ut,states,2015,398,398,registered cases (CR),"Total cyber crimes (IT Act + IPC + SLL, NCRB definition)","NCRB 'Crime in India' via MHA reply, Lok Sabha USQ 438 (02.12.2025)",S01_LS_USQ438_2025-12-02_AnnexII_2014-2023.txt,Annexure-II 'State/UT-wise Cases Registered under Cyber Crimes during 2014-2023'; annexure page header 'L.S. US.Q. NO. 438 FOR 02.12.2025'; no printed page no.,https://www.mha.gov.in/MHA1/Par2017/pdfs/par2025-pdfs/LS02122025/438.pdf,
S01,S01,West Bengal,28,state_ut,states,2016,478,478,registered cases (CR),"Total cyber crimes (IT Act + IPC + SLL, NCRB definition)","NCRB 'Crime in India' via MHA reply, Lok Sabha USQ 438 (02.12.2025)",S01_LS_USQ438_2025-12-02_AnnexII_2014-2023.txt,Annexure-II 'State/UT-wise Cases Registered under Cyber Crimes during 2014-2023'; annexure page header 'L.S. US.Q. NO. 438 FOR 02.12.2025'; no printed page no.,https://www.mha.gov.in/MHA1/Par2017/pdfs/par2025-pdfs/LS02122025/438.pdf,
S01,S01,West Bengal,28,state_ut,states,2017,568,568,registered cases (CR),"Total cyber crimes (IT Act + IPC + SLL, NCRB definition)","NCRB 'Crime in India' via MHA reply, Lok Sabha USQ 438 (02.12.2025)",S01_LS_USQ438_2025-12-02_AnnexII_2014-2023.txt,Annexure-II 'State/UT-wise Cases Registered under Cyber Crimes during 2014-2023'; annexure page header 'L.S. US.Q. NO. 438 FOR 02.12.2025'; no printed page no.,https://www.mha.gov.in/MHA1/Par2017/pdfs/par2025-pdfs/LS02122025/438.pdf,
S01,S01,West Bengal,28,state_ut,states,2018,335,335,registered cases (CR),"Total cyber crimes (IT Act + IPC + SLL, NCRB definition)","NCRB 'Crime in India' via MHA reply, Lok Sabha USQ 438 (02.12.2025)",S01_LS_USQ438_2025-12-02_AnnexII_2014-2023.txt,Annexure-II 'State/UT-wise Cases Registered under Cyber Crimes during 2014-2023'; annexure page header 'L.S. US.Q. NO. 438 FOR 02.12.2025'; no printed page no.,https://www.mha.gov.in/MHA1/Par2017/pdfs/par2025-pdfs/LS02122025/438.pdf,
S01,S01,West Bengal,28,state_ut,states,2019,524,524,registered cases (CR),"Total cyber crimes (IT Act + IPC + SLL, NCRB definition)","NCRB 'Crime in India' via MHA reply, Lok Sabha USQ 438 (02.12.2025)",S01_LS_USQ438_2025-12-02_AnnexII_2014-2023.txt,Annexure-II 'State/UT-wise Cases Registered under Cyber Crimes during 2014-2023'; annexure page header 'L.S. US.Q. NO. 438 FOR 02.12.2025'; no printed page no.,https://www.mha.gov.in/MHA1/Par2017/pdfs/par2025-pdfs/LS02122025/438.pdf,
S01,S01,West Bengal,28,state_ut,states,2020,712,712,registered cases (CR),"Total cyber crimes (IT Act + IPC + SLL, NCRB definition)","NCRB 'Crime in India' via MHA reply, Lok Sabha USQ 438 (02.12.2025)",S01_LS_USQ438_2025-12-02_AnnexII_2014-2023.txt,Annexure-II 'State/UT-wise Cases Registered under Cyber Crimes during 2014-2023'; annexure page header 'L.S. US.Q. NO. 438 FOR 02.12.2025'; no printed page no.,https://www.mha.gov.in/MHA1/Par2017/pdfs/par2025-pdfs/LS02122025/438.pdf,
S01,S01,West Bengal,28,state_ut,states,2021,513,513,registered cases (CR),"Total cyber crimes (IT Act + IPC + SLL, NCRB definition)","NCRB 'Crime in India' via MHA reply, Lok Sabha USQ 438 (02.12.2025)",S01_LS_USQ438_2025-12-02_AnnexII_2014-2023.txt,Annexure-II 'State/UT-wise Cases Registered under Cyber Crimes during 2014-2023'; annexure page header 'L.S. US.Q. NO. 438 FOR 02.12.2025'; no printed page no.,https://www.mha.gov.in/MHA1/Par2017/pdfs/par2025-pdfs/LS02122025/438.pdf,
S01,S01,West Bengal,28,state_ut,states,2022,401,401,registered cases (CR),"Total cyber crimes (IT Act + IPC + SLL, NCRB definition)","NCRB 'Crime in India' via MHA reply, Lok Sabha USQ 438 (02.12.2025)",S01_LS_USQ438_2025-12-02_AnnexII_2014-2023.txt,Annexure-II 'State/UT-wise Cases Registered under Cyber Crimes during 2014-2023'; annexure page header 'L.S. US.Q. NO. 438 FOR 02.12.2025'; no printed page no.,https://www.mha.gov.in/MHA1/Par2017/pdfs/par2025-pdfs/LS02122025/438.pdf,
S01,S01,West Bengal,28,state_ut,states,2023,309,309,registered cases (CR),"Total cyber crimes (IT Act + IPC + SLL, NCRB definition)","NCRB 'Crime in India' via MHA reply, Lok Sabha USQ 438 (02.12.2025)",S01_LS_USQ438_2025-12-02_AnnexII_2014-2023.txt,Annexure-II 'State/UT-wise Cases Registered under Cyber Crimes during 2014-2023'; annexure page header 'L.S. US.Q. NO. 438 FOR 02.12.2025'; no printed page no.,https://www.mha.gov.in/MHA1/Par2017/pdfs/par2025-pdfs/LS02122025/438.pdf,
S01,S01,TOTAL STATE(S),,total_states,states,2014,9285,9285,registered cases (CR),"Total cyber crimes (IT Act + IPC + SLL, NCRB definition)","NCRB 'Crime in India' via MHA reply, Lok Sabha USQ 438 (02.12.2025)",S01_LS_USQ438_2025-12-02_AnnexII_2014-2023.txt,Annexure-II 'State/UT-wise Cases Registered under Cyber Crimes during 2014-2023'; annexure page header 'L.S. US.Q. NO. 438 FOR 02.12.2025'; no printed page no.,https://www.mha.gov.in/MHA1/Par2017/pdfs/par2025-pdfs/LS02122025/438.pdf,
S01,S01,TOTAL STATE(S),,total_states,states,2015,11297,11297,registered cases (CR),"Total cyber crimes (IT Act + IPC + SLL, NCRB definition)","NCRB 'Crime in India' via MHA reply, Lok Sabha USQ 438 (02.12.2025)",S01_LS_USQ438_2025-12-02_AnnexII_2014-2023.txt,Annexure-II 'State/UT-wise Cases Registered under Cyber Crimes during 2014-2023'; annexure page header 'L.S. US.Q. NO. 438 FOR 02.12.2025'; no printed page no.,https://www.mha.gov.in/MHA1/Par2017/pdfs/par2025-pdfs/LS02122025/438.pdf,
S01,S01,TOTAL STATE(S),,total_states,states,2016,12159,12159,registered cases (CR),"Total cyber crimes (IT Act + IPC + SLL, NCRB definition)","NCRB 'Crime in India' via MHA reply, Lok Sabha USQ 438 (02.12.2025)",S01_LS_USQ438_2025-12-02_AnnexII_2014-2023.txt,Annexure-II 'State/UT-wise Cases Registered under Cyber Crimes during 2014-2023'; annexure page header 'L.S. US.Q. NO. 438 FOR 02.12.2025'; no printed page no.,https://www.mha.gov.in/MHA1/Par2017/pdfs/par2025-pdfs/LS02122025/438.pdf,
S01,S01,TOTAL STATE(S),,total_states,states,2017,21530,21530,registered cases (CR),"Total cyber crimes (IT Act + IPC + SLL, NCRB definition)","NCRB 'Crime in India' via MHA reply, Lok Sabha USQ 438 (02.12.2025)",S01_LS_USQ438_2025-12-02_AnnexII_2014-2023.txt,Annexure-II 'State/UT-wise Cases Registered under Cyber Crimes during 2014-2023'; annexure page header 'L.S. US.Q. NO. 438 FOR 02.12.2025'; no printed page no.,https://www.mha.gov.in/MHA1/Par2017/pdfs/par2025-pdfs/LS02122025/438.pdf,
S01,S01,TOTAL STATE(S),,total_states,states,2018,26931,26931,registered cases (CR),"Total cyber crimes (IT Act + IPC + SLL, NCRB definition)","NCRB 'Crime in India' via MHA reply, Lok Sabha USQ 438 (02.12.2025)",S01_LS_USQ438_2025-12-02_AnnexII_2014-2023.txt,Annexure-II 'State/UT-wise Cases Registered under Cyber Crimes during 2014-2023'; annexure page header 'L.S. US.Q. NO. 438 FOR 02.12.2025'; no printed page no.,https://www.mha.gov.in/MHA1/Par2017/pdfs/par2025-pdfs/LS02122025/438.pdf,
S01,S01,TOTAL STATE(S),,total_states,states,2019,44511,44511,registered cases (CR),"Total cyber crimes (IT Act + IPC + SLL, NCRB definition)","NCRB 'Crime in India' via MHA reply, Lok Sabha USQ 438 (02.12.2025)",S01_LS_USQ438_2025-12-02_AnnexII_2014-2023.txt,Annexure-II 'State/UT-wise Cases Registered under Cyber Crimes during 2014-2023'; annexure page header 'L.S. US.Q. NO. 438 FOR 02.12.2025'; no printed page no.,https://www.mha.gov.in/MHA1/Par2017/pdfs/par2025-pdfs/LS02122025/438.pdf,
S01,S01,TOTAL STATE(S),,total_states,states,2020,49708,49708,registered cases (CR),"Total cyber crimes (IT Act + IPC + SLL, NCRB definition)","NCRB 'Crime in India' via MHA reply, Lok Sabha USQ 438 (02.12.2025)",S01_LS_USQ438_2025-12-02_AnnexII_2014-2023.txt,Annexure-II 'State/UT-wise Cases Registered under Cyber Crimes during 2014-2023'; annexure page header 'L.S. US.Q. NO. 438 FOR 02.12.2025'; no printed page no.,https://www.mha.gov.in/MHA1/Par2017/pdfs/par2025-pdfs/LS02122025/438.pdf,
S01,S01,TOTAL STATE(S),,total_states,states,2021,52430,52430,registered cases (CR),"Total cyber crimes (IT Act + IPC + SLL, NCRB definition)","NCRB 'Crime in India' via MHA reply, Lok Sabha USQ 438 (02.12.2025)",S01_LS_USQ438_2025-12-02_AnnexII_2014-2023.txt,Annexure-II 'State/UT-wise Cases Registered under Cyber Crimes during 2014-2023'; annexure page header 'L.S. US.Q. NO. 438 FOR 02.12.2025'; no printed page no.,https://www.mha.gov.in/MHA1/Par2017/pdfs/par2025-pdfs/LS02122025/438.pdf,
S01,S01,TOTAL STATE(S),,total_states,states,2022,64907,64907,registered cases (CR),"Total cyber crimes (IT Act + IPC + SLL, NCRB definition)","NCRB 'Crime in India' via MHA reply, Lok Sabha USQ 438 (02.12.2025)",S01_LS_USQ438_2025-12-02_AnnexII_2014-2023.txt,Annexure-II 'State/UT-wise Cases Registered under Cyber Crimes during 2014-2023'; annexure page header 'L.S. US.Q. NO. 438 FOR 02.12.2025'; no printed page no.,https://www.mha.gov.in/MHA1/Par2017/pdfs/par2025-pdfs/LS02122025/438.pdf,
S01,S01,TOTAL STATE(S),,total_states,states,2023,85603,85603,registered cases (CR),"Total cyber crimes (IT Act + IPC + SLL, NCRB definition)","NCRB 'Crime in India' via MHA reply, Lok Sabha USQ 438 (02.12.2025)",S01_LS_USQ438_2025-12-02_AnnexII_2014-2023.txt,Annexure-II 'State/UT-wise Cases Registered under Cyber Crimes during 2014-2023'; annexure page header 'L.S. US.Q. NO. 438 FOR 02.12.2025'; no printed page no.,https://www.mha.gov.in/MHA1/Par2017/pdfs/par2025-pdfs/LS02122025/438.pdf,
S01,S01,A&N Islands,29,state_ut,uts,2014,13,13,registered cases (CR),"Total cyber crimes (IT Act + IPC + SLL, NCRB definition)","NCRB 'Crime in India' via MHA reply, Lok Sabha USQ 438 (02.12.2025)",S01_LS_USQ438_2025-12-02_AnnexII_2014-2023.txt,Annexure-II 'State/UT-wise Cases Registered under Cyber Crimes during 2014-2023'; annexure page header 'L.S. US.Q. NO. 438 FOR 02.12.2025'; no printed page no.,https://www.mha.gov.in/MHA1/Par2017/pdfs/par2025-pdfs/LS02122025/438.pdf,
S01,S01,A&N Islands,29,state_ut,uts,2015,6,6,registered cases (CR),"Total cyber crimes (IT Act + IPC + SLL, NCRB definition)","NCRB 'Crime in India' via MHA reply, Lok Sabha USQ 438 (02.12.2025)",S01_LS_USQ438_2025-12-02_AnnexII_2014-2023.txt,Annexure-II 'State/UT-wise Cases Registered under Cyber Crimes during 2014-2023'; annexure page header 'L.S. US.Q. NO. 438 FOR 02.12.2025'; no printed page no.,https://www.mha.gov.in/MHA1/Par2017/pdfs/par2025-pdfs/LS02122025/438.pdf,
S01,S01,A&N Islands,29,state_ut,uts,2016,3,3,registered cases (CR),"Total cyber crimes (IT Act + IPC + SLL, NCRB definition)","NCRB 'Crime in India' via MHA reply, Lok Sabha USQ 438 (02.12.2025)",S01_LS_USQ438_2025-12-02_AnnexII_2014-2023.txt,Annexure-II 'State/UT-wise Cases Registered under Cyber Crimes during 2014-2023'; annexure page header 'L.S. US.Q. NO. 438 FOR 02.12.2025'; no printed page no.,https://www.mha.gov.in/MHA1/Par2017/pdfs/par2025-pdfs/LS02122025/438.pdf,
S01,S01,A&N Islands,29,state_ut,uts,2017,3,3,registered cases (CR),"Total cyber crimes (IT Act + IPC + SLL, NCRB definition)","NCRB 'Crime in India' via MHA reply, Lok Sabha USQ 438 (02.12.2025)",S01_LS_USQ438_2025-12-02_AnnexII_2014-2023.txt,Annexure-II 'State/UT-wise Cases Registered under Cyber Crimes during 2014-2023'; annexure page header 'L.S. US.Q. NO. 438 FOR 02.12.2025'; no printed page no.,https://www.mha.gov.in/MHA1/Par2017/pdfs/par2025-pdfs/LS02122025/438.pdf,
S01,S01,A&N Islands,29,state_ut,uts,2018,7,7,registered cases (CR),"Total cyber crimes (IT Act + IPC + SLL, NCRB definition)","NCRB 'Crime in India' via MHA reply, Lok Sabha USQ 438 (02.12.2025)",S01_LS_USQ438_2025-12-02_AnnexII_2014-2023.txt,Annexure-II 'State/UT-wise Cases Registered under Cyber Crimes during 2014-2023'; annexure page header 'L.S. US.Q. NO. 438 FOR 02.12.2025'; no printed page no.,https://www.mha.gov.in/MHA1/Par2017/pdfs/par2025-pdfs/LS02122025/438.pdf,
S01,S01,A&N Islands,29,state_ut,uts,2019,2,2,registered cases (CR),"Total cyber crimes (IT Act + IPC + SLL, NCRB definition)","NCRB 'Crime in India' via MHA reply, Lok Sabha USQ 438 (02.12.2025)",S01_LS_USQ438_2025-12-02_AnnexII_2014-2023.txt,Annexure-II 'State/UT-wise Cases Registered under Cyber Crimes during 2014-2023'; annexure page header 'L.S. US.Q. NO. 438 FOR 02.12.2025'; no printed page no.,https://www.mha.gov.in/MHA1/Par2017/pdfs/par2025-pdfs/LS02122025/438.pdf,
S01,S01,A&N Islands,29,state_ut,uts,2020,5,5,registered cases (CR),"Total cyber crimes (IT Act + IPC + SLL, NCRB definition)","NCRB 'Crime in India' via MHA reply, Lok Sabha USQ 438 (02.12.2025)",S01_LS_USQ438_2025-12-02_AnnexII_2014-2023.txt,Annexure-II 'State/UT-wise Cases Registered under Cyber Crimes during 2014-2023'; annexure page header 'L.S. US.Q. NO. 438 FOR 02.12.2025'; no printed page no.,https://www.mha.gov.in/MHA1/Par2017/pdfs/par2025-pdfs/LS02122025/438.pdf,
S01,S01,A&N Islands,29,state_ut,uts,2021,8,8,registered cases (CR),"Total cyber crimes (IT Act + IPC + SLL, NCRB definition)","NCRB 'Crime in India' via MHA reply, Lok Sabha USQ 438 (02.12.2025)",S01_LS_USQ438_2025-12-02_AnnexII_2014-2023.txt,Annexure-II 'State/UT-wise Cases Registered under Cyber Crimes during 2014-2023'; annexure page header 'L.S. US.Q. NO. 438 FOR 02.12.2025'; no printed page no.,https://www.mha.gov.in/MHA1/Par2017/pdfs/par2025-pdfs/LS02122025/438.pdf,
S01,S01,A&N Islands,29,state_ut,uts,2022,28,28,registered cases (CR),"Total cyber crimes (IT Act + IPC + SLL, NCRB definition)","NCRB 'Crime in India' via MHA reply, Lok Sabha USQ 438 (02.12.2025)",S01_LS_USQ438_2025-12-02_AnnexII_2014-2023.txt,Annexure-II 'State/UT-wise Cases Registered under Cyber Crimes during 2014-2023'; annexure page header 'L.S. US.Q. NO. 438 FOR 02.12.2025'; no printed page no.,https://www.mha.gov.in/MHA1/Par2017/pdfs/par2025-pdfs/LS02122025/438.pdf,
S01,S01,A&N Islands,29,state_ut,uts,2023,47,47,registered cases (CR),"Total cyber crimes (IT Act + IPC + SLL, NCRB definition)","NCRB 'Crime in India' via MHA reply, Lok Sabha USQ 438 (02.12.2025)",S01_LS_USQ438_2025-12-02_AnnexII_2014-2023.txt,Annexure-II 'State/UT-wise Cases Registered under Cyber Crimes during 2014-2023'; annexure page header 'L.S. US.Q. NO. 438 FOR 02.12.2025'; no printed page no.,https://www.mha.gov.in/MHA1/Par2017/pdfs/par2025-pdfs/LS02122025/438.pdf,
S01,S01,Chandigarh,30,state_ut,uts,2014,55,55,registered cases (CR),"Total cyber crimes (IT Act + IPC + SLL, NCRB definition)","NCRB 'Crime in India' via MHA reply, Lok Sabha USQ 438 (02.12.2025)",S01_LS_USQ438_2025-12-02_AnnexII_2014-2023.txt,Annexure-II 'State/UT-wise Cases Registered under Cyber Crimes during 2014-2023'; annexure page header 'L.S. US.Q. NO. 438 FOR 02.12.2025'; no printed page no.,https://www.mha.gov.in/MHA1/Par2017/pdfs/par2025-pdfs/LS02122025/438.pdf,
S01,S01,Chandigarh,30,state_ut,uts,2015,77,77,registered cases (CR),"Total cyber crimes (IT Act + IPC + SLL, NCRB definition)","NCRB 'Crime in India' via MHA reply, Lok Sabha USQ 438 (02.12.2025)",S01_LS_USQ438_2025-12-02_AnnexII_2014-2023.txt,Annexure-II 'State/UT-wise Cases Registered under Cyber Crimes during 2014-2023'; annexure page header 'L.S. US.Q. NO. 438 FOR 02.12.2025'; no printed page no.,https://www.mha.gov.in/MHA1/Par2017/pdfs/par2025-pdfs/LS02122025/438.pdf,
S01,S01,Chandigarh,30,state_ut,uts,2016,26,26,registered cases (CR),"Total cyber crimes (IT Act + IPC + SLL, NCRB definition)","NCRB 'Crime in India' via MHA reply, Lok Sabha USQ 438 (02.12.2025)",S01_LS_USQ438_2025-12-02_AnnexII_2014-2023.txt,Annexure-II 'State/UT-wise Cases Registered under Cyber Crimes during 2014-2023'; annexure page header 'L.S. US.Q. NO. 438 FOR 02.12.2025'; no printed page no.,https://www.mha.gov.in/MHA1/Par2017/pdfs/par2025-pdfs/LS02122025/438.pdf,
S01,S01,Chandigarh,30,state_ut,uts,2017,32,32,registered cases (CR),"Total cyber crimes (IT Act + IPC + SLL, NCRB definition)","NCRB 'Crime in India' via MHA reply, Lok Sabha USQ 438 (02.12.2025)",S01_LS_USQ438_2025-12-02_AnnexII_2014-2023.txt,Annexure-II 'State/UT-wise Cases Registered under Cyber Crimes during 2014-2023'; annexure page header 'L.S. US.Q. NO. 438 FOR 02.12.2025'; no printed page no.,https://www.mha.gov.in/MHA1/Par2017/pdfs/par2025-pdfs/LS02122025/438.pdf,
S01,S01,Chandigarh,30,state_ut,uts,2018,30,30,registered cases (CR),"Total cyber crimes (IT Act + IPC + SLL, NCRB definition)","NCRB 'Crime in India' via MHA reply, Lok Sabha USQ 438 (02.12.2025)",S01_LS_USQ438_2025-12-02_AnnexII_2014-2023.txt,Annexure-II 'State/UT-wise Cases Registered under Cyber Crimes during 2014-2023'; annexure page header 'L.S. US.Q. NO. 438 FOR 02.12.2025'; no printed page no.,https://www.mha.gov.in/MHA1/Par2017/pdfs/par2025-pdfs/LS02122025/438.pdf,
S01,S01,Chandigarh,30,state_ut,uts,2019,23,23,registered cases (CR),"Total cyber crimes (IT Act + IPC + SLL, NCRB definition)","NCRB 'Crime in India' via MHA reply, Lok Sabha USQ 438 (02.12.2025)",S01_LS_USQ438_2025-12-02_AnnexII_2014-2023.txt,Annexure-II 'State/UT-wise Cases Registered under Cyber Crimes during 2014-2023'; annexure page header 'L.S. US.Q. NO. 438 FOR 02.12.2025'; no printed page no.,https://www.mha.gov.in/MHA1/Par2017/pdfs/par2025-pdfs/LS02122025/438.pdf,
S01,S01,Chandigarh,30,state_ut,uts,2020,17,17,registered cases (CR),"Total cyber crimes (IT Act + IPC + SLL, NCRB definition)","NCRB 'Crime in India' via MHA reply, Lok Sabha USQ 438 (02.12.2025)",S01_LS_USQ438_2025-12-02_AnnexII_2014-2023.txt,Annexure-II 'State/UT-wise Cases Registered under Cyber Crimes during 2014-2023'; annexure page header 'L.S. US.Q. NO. 438 FOR 02.12.2025'; no printed page no.,https://www.mha.gov.in/MHA1/Par2017/pdfs/par2025-pdfs/LS02122025/438.pdf,
S01,S01,Chandigarh,30,state_ut,uts,2021,15,15,registered cases (CR),"Total cyber crimes (IT Act + IPC + SLL, NCRB definition)","NCRB 'Crime in India' via MHA reply, Lok Sabha USQ 438 (02.12.2025)",S01_LS_USQ438_2025-12-02_AnnexII_2014-2023.txt,Annexure-II 'State/UT-wise Cases Registered under Cyber Crimes during 2014-2023'; annexure page header 'L.S. US.Q. NO. 438 FOR 02.12.2025'; no printed page no.,https://www.mha.gov.in/MHA1/Par2017/pdfs/par2025-pdfs/LS02122025/438.pdf,
S01,S01,Chandigarh,30,state_ut,uts,2022,27,27,registered cases (CR),"Total cyber crimes (IT Act + IPC + SLL, NCRB definition)","NCRB 'Crime in India' via MHA reply, Lok Sabha USQ 438 (02.12.2025)",S01_LS_USQ438_2025-12-02_AnnexII_2014-2023.txt,Annexure-II 'State/UT-wise Cases Registered under Cyber Crimes during 2014-2023'; annexure page header 'L.S. US.Q. NO. 438 FOR 02.12.2025'; no printed page no.,https://www.mha.gov.in/MHA1/Par2017/pdfs/par2025-pdfs/LS02122025/438.pdf,
S01,S01,Chandigarh,30,state_ut,uts,2023,23,23,registered cases (CR),"Total cyber crimes (IT Act + IPC + SLL, NCRB definition)","NCRB 'Crime in India' via MHA reply, Lok Sabha USQ 438 (02.12.2025)",S01_LS_USQ438_2025-12-02_AnnexII_2014-2023.txt,Annexure-II 'State/UT-wise Cases Registered under Cyber Crimes during 2014-2023'; annexure page header 'L.S. US.Q. NO. 438 FOR 02.12.2025'; no printed page no.,https://www.mha.gov.in/MHA1/Par2017/pdfs/par2025-pdfs/LS02122025/438.pdf,
S01,S01,D&N Haveli and Daman & Diu,31,state_ut,uts,2014,4,4,registered cases (CR),"Total cyber crimes (IT Act + IPC + SLL, NCRB definition)","NCRB 'Crime in India' via MHA reply, Lok Sabha USQ 438 (02.12.2025)",S01_LS_USQ438_2025-12-02_AnnexII_2014-2023.txt,Annexure-II 'State/UT-wise Cases Registered under Cyber Crimes during 2014-2023'; annexure page header 'L.S. US.Q. NO. 438 FOR 02.12.2025'; no printed page no.,https://www.mha.gov.in/MHA1/Par2017/pdfs/par2025-pdfs/LS02122025/438.pdf,"Combined retroactively; S08 prints D&N Haveli=3, Daman & Diu=1 separately."
S01,S01,D&N Haveli and Daman & Diu,31,state_ut,uts,2015,1,1,registered cases (CR),"Total cyber crimes (IT Act + IPC + SLL, NCRB definition)","NCRB 'Crime in India' via MHA reply, Lok Sabha USQ 438 (02.12.2025)",S01_LS_USQ438_2025-12-02_AnnexII_2014-2023.txt,Annexure-II 'State/UT-wise Cases Registered under Cyber Crimes during 2014-2023'; annexure page header 'L.S. US.Q. NO. 438 FOR 02.12.2025'; no printed page no.,https://www.mha.gov.in/MHA1/Par2017/pdfs/par2025-pdfs/LS02122025/438.pdf,"Combined retroactively; S08 prints D&N Haveli=0, Daman & Diu=1."
S01,S01,D&N Haveli and Daman & Diu,31,state_ut,uts,2016,1,1,registered cases (CR),"Total cyber crimes (IT Act + IPC + SLL, NCRB definition)","NCRB 'Crime in India' via MHA reply, Lok Sabha USQ 438 (02.12.2025)",S01_LS_USQ438_2025-12-02_AnnexII_2014-2023.txt,Annexure-II 'State/UT-wise Cases Registered under Cyber Crimes during 2014-2023'; annexure page header 'L.S. US.Q. NO. 438 FOR 02.12.2025'; no printed page no.,https://www.mha.gov.in/MHA1/Par2017/pdfs/par2025-pdfs/LS02122025/438.pdf,"Combined retroactively; S08 prints D&N Haveli=1, Daman & Diu=0."
S01,S01,D&N Haveli and Daman & Diu,31,state_ut,uts,2017,1,1,registered cases (CR),"Total cyber crimes (IT Act + IPC + SLL, NCRB definition)","NCRB 'Crime in India' via MHA reply, Lok Sabha USQ 438 (02.12.2025)",S01_LS_USQ438_2025-12-02_AnnexII_2014-2023.txt,Annexure-II 'State/UT-wise Cases Registered under Cyber Crimes during 2014-2023'; annexure page header 'L.S. US.Q. NO. 438 FOR 02.12.2025'; no printed page no.,https://www.mha.gov.in/MHA1/Par2017/pdfs/par2025-pdfs/LS02122025/438.pdf,Combined retroactively (UTs merged 26.01.2020).
S01,S01,D&N Haveli and Daman & Diu,31,state_ut,uts,2018,0,0,registered cases (CR),"Total cyber crimes (IT Act + IPC + SLL, NCRB definition)","NCRB 'Crime in India' via MHA reply, Lok Sabha USQ 438 (02.12.2025)",S01_LS_USQ438_2025-12-02_AnnexII_2014-2023.txt,Annexure-II 'State/UT-wise Cases Registered under Cyber Crimes during 2014-2023'; annexure page header 'L.S. US.Q. NO. 438 FOR 02.12.2025'; no printed page no.,https://www.mha.gov.in/MHA1/Par2017/pdfs/par2025-pdfs/LS02122025/438.pdf,Combined retroactively (UTs merged 26.01.2020).
S01,S01,D&N Haveli and Daman & Diu,31,state_ut,uts,2019,3,3,registered cases (CR),"Total cyber crimes (IT Act + IPC + SLL, NCRB definition)","NCRB 'Crime in India' via MHA reply, Lok Sabha USQ 438 (02.12.2025)",S01_LS_USQ438_2025-12-02_AnnexII_2014-2023.txt,Annexure-II 'State/UT-wise Cases Registered under Cyber Crimes during 2014-2023'; annexure page header 'L.S. US.Q. NO. 438 FOR 02.12.2025'; no printed page no.,https://www.mha.gov.in/MHA1/Par2017/pdfs/par2025-pdfs/LS02122025/438.pdf,Combined retroactively (UTs merged 26.01.2020).
S01,S01,D&N Haveli and Daman & Diu,31,state_ut,uts,2020,3,3,registered cases (CR),"Total cyber crimes (IT Act + IPC + SLL, NCRB definition)","NCRB 'Crime in India' via MHA reply, Lok Sabha USQ 438 (02.12.2025)",S01_LS_USQ438_2025-12-02_AnnexII_2014-2023.txt,Annexure-II 'State/UT-wise Cases Registered under Cyber Crimes during 2014-2023'; annexure page header 'L.S. US.Q. NO. 438 FOR 02.12.2025'; no printed page no.,https://www.mha.gov.in/MHA1/Par2017/pdfs/par2025-pdfs/LS02122025/438.pdf,
S01,S01,D&N Haveli and Daman & Diu,31,state_ut,uts,2021,5,5,registered cases (CR),"Total cyber crimes (IT Act + IPC + SLL, NCRB definition)","NCRB 'Crime in India' via MHA reply, Lok Sabha USQ 438 (02.12.2025)",S01_LS_USQ438_2025-12-02_AnnexII_2014-2023.txt,Annexure-II 'State/UT-wise Cases Registered under Cyber Crimes during 2014-2023'; annexure page header 'L.S. US.Q. NO. 438 FOR 02.12.2025'; no printed page no.,https://www.mha.gov.in/MHA1/Par2017/pdfs/par2025-pdfs/LS02122025/438.pdf,
S01,S01,D&N Haveli and Daman & Diu,31,state_ut,uts,2022,5,5,registered cases (CR),"Total cyber crimes (IT Act + IPC + SLL, NCRB definition)","NCRB 'Crime in India' via MHA reply, Lok Sabha USQ 438 (02.12.2025)",S01_LS_USQ438_2025-12-02_AnnexII_2014-2023.txt,Annexure-II 'State/UT-wise Cases Registered under Cyber Crimes during 2014-2023'; annexure page header 'L.S. US.Q. NO. 438 FOR 02.12.2025'; no printed page no.,https://www.mha.gov.in/MHA1/Par2017/pdfs/par2025-pdfs/LS02122025/438.pdf,
S01,S01,D&N Haveli and Daman & Diu,31,state_ut,uts,2023,6,6,registered cases (CR),"Total cyber crimes (IT Act + IPC + SLL, NCRB definition)","NCRB 'Crime in India' via MHA reply, Lok Sabha USQ 438 (02.12.2025)",S01_LS_USQ438_2025-12-02_AnnexII_2014-2023.txt,Annexure-II 'State/UT-wise Cases Registered under Cyber Crimes during 2014-2023'; annexure page header 'L.S. US.Q. NO. 438 FOR 02.12.2025'; no printed page no.,https://www.mha.gov.in/MHA1/Par2017/pdfs/par2025-pdfs/LS02122025/438.pdf,
S01,S01,Delhi,32,state_ut,uts,2014,226,226,registered cases (CR),"Total cyber crimes (IT Act + IPC + SLL, NCRB definition)","NCRB 'Crime in India' via MHA reply, Lok Sabha USQ 438 (02.12.2025)",S01_LS_USQ438_2025-12-02_AnnexII_2014-2023.txt,Annexure-II 'State/UT-wise Cases Registered under Cyber Crimes during 2014-2023'; annexure page header 'L.S. US.Q. NO. 438 FOR 02.12.2025'; no printed page no.,https://www.mha.gov.in/MHA1/Par2017/pdfs/par2025-pdfs/LS02122025/438.pdf,
S01,S01,Delhi,32,state_ut,uts,2015,177,177,registered cases (CR),"Total cyber crimes (IT Act + IPC + SLL, NCRB definition)","NCRB 'Crime in India' via MHA reply, Lok Sabha USQ 438 (02.12.2025)",S01_LS_USQ438_2025-12-02_AnnexII_2014-2023.txt,Annexure-II 'State/UT-wise Cases Registered under Cyber Crimes during 2014-2023'; annexure page header 'L.S. US.Q. NO. 438 FOR 02.12.2025'; no printed page no.,https://www.mha.gov.in/MHA1/Par2017/pdfs/par2025-pdfs/LS02122025/438.pdf,
S01,S01,Delhi,32,state_ut,uts,2016,98,98,registered cases (CR),"Total cyber crimes (IT Act + IPC + SLL, NCRB definition)","NCRB 'Crime in India' via MHA reply, Lok Sabha USQ 438 (02.12.2025)",S01_LS_USQ438_2025-12-02_AnnexII_2014-2023.txt,Annexure-II 'State/UT-wise Cases Registered under Cyber Crimes during 2014-2023'; annexure page header 'L.S. US.Q. NO. 438 FOR 02.12.2025'; no printed page no.,https://www.mha.gov.in/MHA1/Par2017/pdfs/par2025-pdfs/LS02122025/438.pdf,
S01,S01,Delhi,32,state_ut,uts,2017,162,162,registered cases (CR),"Total cyber crimes (IT Act + IPC + SLL, NCRB definition)","NCRB 'Crime in India' via MHA reply, Lok Sabha USQ 438 (02.12.2025)",S01_LS_USQ438_2025-12-02_AnnexII_2014-2023.txt,Annexure-II 'State/UT-wise Cases Registered under Cyber Crimes during 2014-2023'; annexure page header 'L.S. US.Q. NO. 438 FOR 02.12.2025'; no printed page no.,https://www.mha.gov.in/MHA1/Par2017/pdfs/par2025-pdfs/LS02122025/438.pdf,
S01,S01,Delhi,32,state_ut,uts,2018,189,189,registered cases (CR),"Total cyber crimes (IT Act + IPC + SLL, NCRB definition)","NCRB 'Crime in India' via MHA reply, Lok Sabha USQ 438 (02.12.2025)",S01_LS_USQ438_2025-12-02_AnnexII_2014-2023.txt,Annexure-II 'State/UT-wise Cases Registered under Cyber Crimes during 2014-2023'; annexure page header 'L.S. US.Q. NO. 438 FOR 02.12.2025'; no printed page no.,https://www.mha.gov.in/MHA1/Par2017/pdfs/par2025-pdfs/LS02122025/438.pdf,
S01,S01,Delhi,32,state_ut,uts,2019,115,115,registered cases (CR),"Total cyber crimes (IT Act + IPC + SLL, NCRB definition)","NCRB 'Crime in India' via MHA reply, Lok Sabha USQ 438 (02.12.2025)",S01_LS_USQ438_2025-12-02_AnnexII_2014-2023.txt,Annexure-II 'State/UT-wise Cases Registered under Cyber Crimes during 2014-2023'; annexure page header 'L.S. US.Q. NO. 438 FOR 02.12.2025'; no printed page no.,https://www.mha.gov.in/MHA1/Par2017/pdfs/par2025-pdfs/LS02122025/438.pdf,
S01,S01,Delhi,32,state_ut,uts,2020,168,168,registered cases (CR),"Total cyber crimes (IT Act + IPC + SLL, NCRB definition)","NCRB 'Crime in India' via MHA reply, Lok Sabha USQ 438 (02.12.2025)",S01_LS_USQ438_2025-12-02_AnnexII_2014-2023.txt,Annexure-II 'State/UT-wise Cases Registered under Cyber Crimes during 2014-2023'; annexure page header 'L.S. US.Q. NO. 438 FOR 02.12.2025'; no printed page no.,https://www.mha.gov.in/MHA1/Par2017/pdfs/par2025-pdfs/LS02122025/438.pdf,
S01,S01,Delhi,32,state_ut,uts,2021,356,356,registered cases (CR),"Total cyber crimes (IT Act + IPC + SLL, NCRB definition)","NCRB 'Crime in India' via MHA reply, Lok Sabha USQ 438 (02.12.2025)",S01_LS_USQ438_2025-12-02_AnnexII_2014-2023.txt,Annexure-II 'State/UT-wise Cases Registered under Cyber Crimes during 2014-2023'; annexure page header 'L.S. US.Q. NO. 438 FOR 02.12.2025'; no printed page no.,https://www.mha.gov.in/MHA1/Par2017/pdfs/par2025-pdfs/LS02122025/438.pdf,
S01,S01,Delhi,32,state_ut,uts,2022,685,685,registered cases (CR),"Total cyber crimes (IT Act + IPC + SLL, NCRB definition)","NCRB 'Crime in India' via MHA reply, Lok Sabha USQ 438 (02.12.2025)",S01_LS_USQ438_2025-12-02_AnnexII_2014-2023.txt,Annexure-II 'State/UT-wise Cases Registered under Cyber Crimes during 2014-2023'; annexure page header 'L.S. US.Q. NO. 438 FOR 02.12.2025'; no printed page no.,https://www.mha.gov.in/MHA1/Par2017/pdfs/par2025-pdfs/LS02122025/438.pdf,
S01,S01,Delhi,32,state_ut,uts,2023,407,407,registered cases (CR),"Total cyber crimes (IT Act + IPC + SLL, NCRB definition)","NCRB 'Crime in India' via MHA reply, Lok Sabha USQ 438 (02.12.2025)",S01_LS_USQ438_2025-12-02_AnnexII_2014-2023.txt,Annexure-II 'State/UT-wise Cases Registered under Cyber Crimes during 2014-2023'; annexure page header 'L.S. US.Q. NO. 438 FOR 02.12.2025'; no printed page no.,https://www.mha.gov.in/MHA1/Par2017/pdfs/par2025-pdfs/LS02122025/438.pdf,
S01,S01,Jammu & Kashmir,33,state_ut,uts,2014,37,37,registered cases (CR),"Total cyber crimes (IT Act + IPC + SLL, NCRB definition)","NCRB 'Crime in India' via MHA reply, Lok Sabha USQ 438 (02.12.2025)",S01_LS_USQ438_2025-12-02_AnnexII_2014-2023.txt,Annexure-II 'State/UT-wise Cases Registered under Cyber Crimes during 2014-2023'; annexure page header 'L.S. US.Q. NO. 438 FOR 02.12.2025'; no printed page no.,https://www.mha.gov.in/MHA1/Par2017/pdfs/par2025-pdfs/LS02122025/438.pdf,"Placed in UT block for all years; for 2014-2019 this is the erstwhile J&K State (incl. Ladakh; reorganised 31.10.2019). S01 TOTAL STATE(S) for 2014-2017 excludes J&K, unlike S08 (9285 vs 9322 in 2014)."
S01,S01,Jammu & Kashmir,33,state_ut,uts,2015,34,34,registered cases (CR),"Total cyber crimes (IT Act + IPC + SLL, NCRB definition)","NCRB 'Crime in India' via MHA reply, Lok Sabha USQ 438 (02.12.2025)",S01_LS_USQ438_2025-12-02_AnnexII_2014-2023.txt,Annexure-II 'State/UT-wise Cases Registered under Cyber Crimes during 2014-2023'; annexure page header 'L.S. US.Q. NO. 438 FOR 02.12.2025'; no printed page no.,https://www.mha.gov.in/MHA1/Par2017/pdfs/par2025-pdfs/LS02122025/438.pdf,Erstwhile J&K State (incl. Ladakh) counted in UT block - see 2014 note.
S01,S01,Jammu & Kashmir,33,state_ut,uts,2016,28,28,registered cases (CR),"Total cyber crimes (IT Act + IPC + SLL, NCRB definition)","NCRB 'Crime in India' via MHA reply, Lok Sabha USQ 438 (02.12.2025)",S01_LS_USQ438_2025-12-02_AnnexII_2014-2023.txt,Annexure-II 'State/UT-wise Cases Registered under Cyber Crimes during 2014-2023'; annexure page header 'L.S. US.Q. NO. 438 FOR 02.12.2025'; no printed page no.,https://www.mha.gov.in/MHA1/Par2017/pdfs/par2025-pdfs/LS02122025/438.pdf,Erstwhile J&K State (incl. Ladakh) counted in UT block - see 2014 note.
S01,S01,Jammu & Kashmir,33,state_ut,uts,2017,63,63,registered cases (CR),"Total cyber crimes (IT Act + IPC + SLL, NCRB definition)","NCRB 'Crime in India' via MHA reply, Lok Sabha USQ 438 (02.12.2025)",S01_LS_USQ438_2025-12-02_AnnexII_2014-2023.txt,Annexure-II 'State/UT-wise Cases Registered under Cyber Crimes during 2014-2023'; annexure page header 'L.S. US.Q. NO. 438 FOR 02.12.2025'; no printed page no.,https://www.mha.gov.in/MHA1/Par2017/pdfs/par2025-pdfs/LS02122025/438.pdf,Erstwhile J&K State (incl. Ladakh) counted in UT block - see 2014 note.
S01,S01,Jammu & Kashmir,33,state_ut,uts,2018,73,73,registered cases (CR),"Total cyber crimes (IT Act + IPC + SLL, NCRB definition)","NCRB 'Crime in India' via MHA reply, Lok Sabha USQ 438 (02.12.2025)",S01_LS_USQ438_2025-12-02_AnnexII_2014-2023.txt,Annexure-II 'State/UT-wise Cases Registered under Cyber Crimes during 2014-2023'; annexure page header 'L.S. US.Q. NO. 438 FOR 02.12.2025'; no printed page no.,https://www.mha.gov.in/MHA1/Par2017/pdfs/par2025-pdfs/LS02122025/438.pdf,Erstwhile J&K State incl. Ladakh (S04 footnote). Value 73 identical to 2019 - verify against Crime in India 2019 Table 9A.1 footnotes.
S01,S01,Jammu & Kashmir,33,state_ut,uts,2019,73,73,registered cases (CR),"Total cyber crimes (IT Act + IPC + SLL, NCRB definition)","NCRB 'Crime in India' via MHA reply, Lok Sabha USQ 438 (02.12.2025)",S01_LS_USQ438_2025-12-02_AnnexII_2014-2023.txt,Annexure-II 'State/UT-wise Cases Registered under Cyber Crimes during 2014-2023'; annexure page header 'L.S. US.Q. NO. 438 FOR 02.12.2025'; no printed page no.,https://www.mha.gov.in/MHA1/Par2017/pdfs/par2025-pdfs/LS02122025/438.pdf,Erstwhile J&K State incl. Ladakh (S04 footnote; reorganisation effective 31.10.2019).
S01,S01,Jammu & Kashmir,33,state_ut,uts,2020,120,120,registered cases (CR),"Total cyber crimes (IT Act + IPC + SLL, NCRB definition)","NCRB 'Crime in India' via MHA reply, Lok Sabha USQ 438 (02.12.2025)",S01_LS_USQ438_2025-12-02_AnnexII_2014-2023.txt,Annexure-II 'State/UT-wise Cases Registered under Cyber Crimes during 2014-2023'; annexure page header 'L.S. US.Q. NO. 438 FOR 02.12.2025'; no printed page no.,https://www.mha.gov.in/MHA1/Par2017/pdfs/par2025-pdfs/LS02122025/438.pdf,
S01,S01,Jammu & Kashmir,33,state_ut,uts,2021,154,154,registered cases (CR),"Total cyber crimes (IT Act + IPC + SLL, NCRB definition)","NCRB 'Crime in India' via MHA reply, Lok Sabha USQ 438 (02.12.2025)",S01_LS_USQ438_2025-12-02_AnnexII_2014-2023.txt,Annexure-II 'State/UT-wise Cases Registered under Cyber Crimes during 2014-2023'; annexure page header 'L.S. US.Q. NO. 438 FOR 02.12.2025'; no printed page no.,https://www.mha.gov.in/MHA1/Par2017/pdfs/par2025-pdfs/LS02122025/438.pdf,
S01,S01,Jammu & Kashmir,33,state_ut,uts,2022,173,173,registered cases (CR),"Total cyber crimes (IT Act + IPC + SLL, NCRB definition)","NCRB 'Crime in India' via MHA reply, Lok Sabha USQ 438 (02.12.2025)",S01_LS_USQ438_2025-12-02_AnnexII_2014-2023.txt,Annexure-II 'State/UT-wise Cases Registered under Cyber Crimes during 2014-2023'; annexure page header 'L.S. US.Q. NO. 438 FOR 02.12.2025'; no printed page no.,https://www.mha.gov.in/MHA1/Par2017/pdfs/par2025-pdfs/LS02122025/438.pdf,
S01,S01,Jammu & Kashmir,33,state_ut,uts,2023,185,185,registered cases (CR),"Total cyber crimes (IT Act + IPC + SLL, NCRB definition)","NCRB 'Crime in India' via MHA reply, Lok Sabha USQ 438 (02.12.2025)",S01_LS_USQ438_2025-12-02_AnnexII_2014-2023.txt,Annexure-II 'State/UT-wise Cases Registered under Cyber Crimes during 2014-2023'; annexure page header 'L.S. US.Q. NO. 438 FOR 02.12.2025'; no printed page no.,https://www.mha.gov.in/MHA1/Par2017/pdfs/par2025-pdfs/LS02122025/438.pdf,
S01,S01,Ladakh,34,state_ut,uts,2014,,,registered cases (CR),"Total cyber crimes (IT Act + IPC + SLL, NCRB definition)","NCRB 'Crime in India' via MHA reply, Lok Sabha USQ 438 (02.12.2025)",S01_LS_USQ438_2025-12-02_AnnexII_2014-2023.txt,Annexure-II 'State/UT-wise Cases Registered under Cyber Crimes during 2014-2023'; annexure page header 'L.S. US.Q. NO. 438 FOR 02.12.2025'; no printed page no.,https://www.mha.gov.in/MHA1/Par2017/pdfs/par2025-pdfs/LS02122025/438.pdf,"Blank cell in extracted text. | Source row prints only four values (1, 5, 3, 1) for ten year columns; year alignment could not be confirmed from the text layer, so cell left blank. Sum check: S01 TOTAL UT(S) minus the other seven UTs leaves exactly 1/5/3/1 for 2020/2021/2022/2023 and 0 for 2014-2019, matching S02-S07 - consistent with Ladakh '-' for 2014-2019; verify visually in PDF."
S01,S01,Ladakh,34,state_ut,uts,2015,,,registered cases (CR),"Total cyber crimes (IT Act + IPC + SLL, NCRB definition)","NCRB 'Crime in India' via MHA reply, Lok Sabha USQ 438 (02.12.2025)",S01_LS_USQ438_2025-12-02_AnnexII_2014-2023.txt,Annexure-II 'State/UT-wise Cases Registered under Cyber Crimes during 2014-2023'; annexure page header 'L.S. US.Q. NO. 438 FOR 02.12.2025'; no printed page no.,https://www.mha.gov.in/MHA1/Par2017/pdfs/par2025-pdfs/LS02122025/438.pdf,"Blank cell in extracted text. | Source row prints only four values (1, 5, 3, 1) for ten year columns; year alignment could not be confirmed from the text layer, so cell left blank. Sum check: S01 TOTAL UT(S) minus the other seven UTs leaves exactly 1/5/3/1 for 2020/2021/2022/2023 and 0 for 2014-2019, matching S02-S07 - consistent with Ladakh '-' for 2014-2019; verify visually in PDF."
S01,S01,Ladakh,34,state_ut,uts,2016,,,registered cases (CR),"Total cyber crimes (IT Act + IPC + SLL, NCRB definition)","NCRB 'Crime in India' via MHA reply, Lok Sabha USQ 438 (02.12.2025)",S01_LS_USQ438_2025-12-02_AnnexII_2014-2023.txt,Annexure-II 'State/UT-wise Cases Registered under Cyber Crimes during 2014-2023'; annexure page header 'L.S. US.Q. NO. 438 FOR 02.12.2025'; no printed page no.,https://www.mha.gov.in/MHA1/Par2017/pdfs/par2025-pdfs/LS02122025/438.pdf,"Blank cell in extracted text. | Source row prints only four values (1, 5, 3, 1) for ten year columns; year alignment could not be confirmed from the text layer, so cell left blank. Sum check: S01 TOTAL UT(S) minus the other seven UTs leaves exactly 1/5/3/1 for 2020/2021/2022/2023 and 0 for 2014-2019, matching S02-S07 - consistent with Ladakh '-' for 2014-2019; verify visually in PDF."
S01,S01,Ladakh,34,state_ut,uts,2017,,,registered cases (CR),"Total cyber crimes (IT Act + IPC + SLL, NCRB definition)","NCRB 'Crime in India' via MHA reply, Lok Sabha USQ 438 (02.12.2025)",S01_LS_USQ438_2025-12-02_AnnexII_2014-2023.txt,Annexure-II 'State/UT-wise Cases Registered under Cyber Crimes during 2014-2023'; annexure page header 'L.S. US.Q. NO. 438 FOR 02.12.2025'; no printed page no.,https://www.mha.gov.in/MHA1/Par2017/pdfs/par2025-pdfs/LS02122025/438.pdf,"Blank cell in extracted text. | Source row prints only four values (1, 5, 3, 1) for ten year columns; year alignment could not be confirmed from the text layer, so cell left blank. Sum check: S01 TOTAL UT(S) minus the other seven UTs leaves exactly 1/5/3/1 for 2020/2021/2022/2023 and 0 for 2014-2019, matching S02-S07 - consistent with Ladakh '-' for 2014-2019; verify visually in PDF."
S01,S01,Ladakh,34,state_ut,uts,2018,,,registered cases (CR),"Total cyber crimes (IT Act + IPC + SLL, NCRB definition)","NCRB 'Crime in India' via MHA reply, Lok Sabha USQ 438 (02.12.2025)",S01_LS_USQ438_2025-12-02_AnnexII_2014-2023.txt,Annexure-II 'State/UT-wise Cases Registered under Cyber Crimes during 2014-2023'; annexure page header 'L.S. US.Q. NO. 438 FOR 02.12.2025'; no printed page no.,https://www.mha.gov.in/MHA1/Par2017/pdfs/par2025-pdfs/LS02122025/438.pdf,"Blank cell in extracted text. | Source row prints only four values (1, 5, 3, 1) for ten year columns; year alignment could not be confirmed from the text layer, so cell left blank. Sum check: S01 TOTAL UT(S) minus the other seven UTs leaves exactly 1/5/3/1 for 2020/2021/2022/2023 and 0 for 2014-2019, matching S02-S07 - consistent with Ladakh '-' for 2014-2019; verify visually in PDF."
S01,S01,Ladakh,34,state_ut,uts,2019,,,registered cases (CR),"Total cyber crimes (IT Act + IPC + SLL, NCRB definition)","NCRB 'Crime in India' via MHA reply, Lok Sabha USQ 438 (02.12.2025)",S01_LS_USQ438_2025-12-02_AnnexII_2014-2023.txt,Annexure-II 'State/UT-wise Cases Registered under Cyber Crimes during 2014-2023'; annexure page header 'L.S. US.Q. NO. 438 FOR 02.12.2025'; no printed page no.,https://www.mha.gov.in/MHA1/Par2017/pdfs/par2025-pdfs/LS02122025/438.pdf,"Blank cell in extracted text. | Source row prints only four values (1, 5, 3, 1) for ten year columns; year alignment could not be confirmed from the text layer, so cell left blank. Sum check: S01 TOTAL UT(S) minus the other seven UTs leaves exactly 1/5/3/1 for 2020/2021/2022/2023 and 0 for 2014-2019, matching S02-S07 - consistent with Ladakh '-' for 2014-2019; verify visually in PDF."
S01,S01,Ladakh,34,state_ut,uts,2020,,,registered cases (CR),"Total cyber crimes (IT Act + IPC + SLL, NCRB definition)","NCRB 'Crime in India' via MHA reply, Lok Sabha USQ 438 (02.12.2025)",S01_LS_USQ438_2025-12-02_AnnexII_2014-2023.txt,Annexure-II 'State/UT-wise Cases Registered under Cyber Crimes during 2014-2023'; annexure page header 'L.S. US.Q. NO. 438 FOR 02.12.2025'; no printed page no.,https://www.mha.gov.in/MHA1/Par2017/pdfs/par2025-pdfs/LS02122025/438.pdf,"Blank cell in extracted text. | Source row prints only four values (1, 5, 3, 1) for ten year columns; year alignment could not be confirmed from the text layer, so cell left blank. Sum check: S01 TOTAL UT(S) minus the other seven UTs leaves exactly 1/5/3/1 for 2020/2021/2022/2023 and 0 for 2014-2019, matching S02-S07 - consistent with Ladakh '-' for 2014-2019; verify visually in PDF."
S01,S01,Ladakh,34,state_ut,uts,2021,,,registered cases (CR),"Total cyber crimes (IT Act + IPC + SLL, NCRB definition)","NCRB 'Crime in India' via MHA reply, Lok Sabha USQ 438 (02.12.2025)",S01_LS_USQ438_2025-12-02_AnnexII_2014-2023.txt,Annexure-II 'State/UT-wise Cases Registered under Cyber Crimes during 2014-2023'; annexure page header 'L.S. US.Q. NO. 438 FOR 02.12.2025'; no printed page no.,https://www.mha.gov.in/MHA1/Par2017/pdfs/par2025-pdfs/LS02122025/438.pdf,"Blank cell in extracted text. | Source row prints only four values (1, 5, 3, 1) for ten year columns; year alignment could not be confirmed from the text layer, so cell left blank. Sum check: S01 TOTAL UT(S) minus the other seven UTs leaves exactly 1/5/3/1 for 2020/2021/2022/2023 and 0 for 2014-2019, matching S02-S07 - consistent with Ladakh '-' for 2014-2019; verify visually in PDF."
S01,S01,Ladakh,34,state_ut,uts,2022,,,registered cases (CR),"Total cyber crimes (IT Act + IPC + SLL, NCRB definition)","NCRB 'Crime in India' via MHA reply, Lok Sabha USQ 438 (02.12.2025)",S01_LS_USQ438_2025-12-02_AnnexII_2014-2023.txt,Annexure-II 'State/UT-wise Cases Registered under Cyber Crimes during 2014-2023'; annexure page header 'L.S. US.Q. NO. 438 FOR 02.12.2025'; no printed page no.,https://www.mha.gov.in/MHA1/Par2017/pdfs/par2025-pdfs/LS02122025/438.pdf,"Blank cell in extracted text. | Source row prints only four values (1, 5, 3, 1) for ten year columns; year alignment could not be confirmed from the text layer, so cell left blank. Sum check: S01 TOTAL UT(S) minus the other seven UTs leaves exactly 1/5/3/1 for 2020/2021/2022/2023 and 0 for 2014-2019, matching S02-S07 - consistent with Ladakh '-' for 2014-2019; verify visually in PDF."
S01,S01,Ladakh,34,state_ut,uts,2023,,,registered cases (CR),"Total cyber crimes (IT Act + IPC + SLL, NCRB definition)","NCRB 'Crime in India' via MHA reply, Lok Sabha USQ 438 (02.12.2025)",S01_LS_USQ438_2025-12-02_AnnexII_2014-2023.txt,Annexure-II 'State/UT-wise Cases Registered under Cyber Crimes during 2014-2023'; annexure page header 'L.S. US.Q. NO. 438 FOR 02.12.2025'; no printed page no.,https://www.mha.gov.in/MHA1/Par2017/pdfs/par2025-pdfs/LS02122025/438.pdf,"Blank cell in extracted text. | Source row prints only four values (1, 5, 3, 1) for ten year columns; year alignment could not be confirmed from the text layer, so cell left blank. Sum check: S01 TOTAL UT(S) minus the other seven UTs leaves exactly 1/5/3/1 for 2020/2021/2022/2023 and 0 for 2014-2019, matching S02-S07 - consistent with Ladakh '-' for 2014-2019; verify visually in PDF."
S01,S01,Lakshadweep,35,state_ut,uts,2014,1,1,registered cases (CR),"Total cyber crimes (IT Act + IPC + SLL, NCRB definition)","NCRB 'Crime in India' via MHA reply, Lok Sabha USQ 438 (02.12.2025)",S01_LS_USQ438_2025-12-02_AnnexII_2014-2023.txt,Annexure-II 'State/UT-wise Cases Registered under Cyber Crimes during 2014-2023'; annexure page header 'L.S. US.Q. NO. 438 FOR 02.12.2025'; no printed page no.,https://www.mha.gov.in/MHA1/Par2017/pdfs/par2025-pdfs/LS02122025/438.pdf,
S01,S01,Lakshadweep,35,state_ut,uts,2015,0,0,registered cases (CR),"Total cyber crimes (IT Act + IPC + SLL, NCRB definition)","NCRB 'Crime in India' via MHA reply, Lok Sabha USQ 438 (02.12.2025)",S01_LS_USQ438_2025-12-02_AnnexII_2014-2023.txt,Annexure-II 'State/UT-wise Cases Registered under Cyber Crimes during 2014-2023'; annexure page header 'L.S. US.Q. NO. 438 FOR 02.12.2025'; no printed page no.,https://www.mha.gov.in/MHA1/Par2017/pdfs/par2025-pdfs/LS02122025/438.pdf,
S01,S01,Lakshadweep,35,state_ut,uts,2016,0,0,registered cases (CR),"Total cyber crimes (IT Act + IPC + SLL, NCRB definition)","NCRB 'Crime in India' via MHA reply, Lok Sabha USQ 438 (02.12.2025)",S01_LS_USQ438_2025-12-02_AnnexII_2014-2023.txt,Annexure-II 'State/UT-wise Cases Registered under Cyber Crimes during 2014-2023'; annexure page header 'L.S. US.Q. NO. 438 FOR 02.12.2025'; no printed page no.,https://www.mha.gov.in/MHA1/Par2017/pdfs/par2025-pdfs/LS02122025/438.pdf,
S01,S01,Lakshadweep,35,state_ut,uts,2017,0,0,registered cases (CR),"Total cyber crimes (IT Act + IPC + SLL, NCRB definition)","NCRB 'Crime in India' via MHA reply, Lok Sabha USQ 438 (02.12.2025)",S01_LS_USQ438_2025-12-02_AnnexII_2014-2023.txt,Annexure-II 'State/UT-wise Cases Registered under Cyber Crimes during 2014-2023'; annexure page header 'L.S. US.Q. NO. 438 FOR 02.12.2025'; no printed page no.,https://www.mha.gov.in/MHA1/Par2017/pdfs/par2025-pdfs/LS02122025/438.pdf,
S01,S01,Lakshadweep,35,state_ut,uts,2018,4,4,registered cases (CR),"Total cyber crimes (IT Act + IPC + SLL, NCRB definition)","NCRB 'Crime in India' via MHA reply, Lok Sabha USQ 438 (02.12.2025)",S01_LS_USQ438_2025-12-02_AnnexII_2014-2023.txt,Annexure-II 'State/UT-wise Cases Registered under Cyber Crimes during 2014-2023'; annexure page header 'L.S. US.Q. NO. 438 FOR 02.12.2025'; no printed page no.,https://www.mha.gov.in/MHA1/Par2017/pdfs/par2025-pdfs/LS02122025/438.pdf,Value 4 identical to 2019 - verify against Crime in India 2019.
S01,S01,Lakshadweep,35,state_ut,uts,2019,4,4,registered cases (CR),"Total cyber crimes (IT Act + IPC + SLL, NCRB definition)","NCRB 'Crime in India' via MHA reply, Lok Sabha USQ 438 (02.12.2025)",S01_LS_USQ438_2025-12-02_AnnexII_2014-2023.txt,Annexure-II 'State/UT-wise Cases Registered under Cyber Crimes during 2014-2023'; annexure page header 'L.S. US.Q. NO. 438 FOR 02.12.2025'; no printed page no.,https://www.mha.gov.in/MHA1/Par2017/pdfs/par2025-pdfs/LS02122025/438.pdf,
S01,S01,Lakshadweep,35,state_ut,uts,2020,3,3,registered cases (CR),"Total cyber crimes (IT Act + IPC + SLL, NCRB definition)","NCRB 'Crime in India' via MHA reply, Lok Sabha USQ 438 (02.12.2025)",S01_LS_USQ438_2025-12-02_AnnexII_2014-2023.txt,Annexure-II 'State/UT-wise Cases Registered under Cyber Crimes during 2014-2023'; annexure page header 'L.S. US.Q. NO. 438 FOR 02.12.2025'; no printed page no.,https://www.mha.gov.in/MHA1/Par2017/pdfs/par2025-pdfs/LS02122025/438.pdf,
S01,S01,Lakshadweep,35,state_ut,uts,2021,1,1,registered cases (CR),"Total cyber crimes (IT Act + IPC + SLL, NCRB definition)","NCRB 'Crime in India' via MHA reply, Lok Sabha USQ 438 (02.12.2025)",S01_LS_USQ438_2025-12-02_AnnexII_2014-2023.txt,Annexure-II 'State/UT-wise Cases Registered under Cyber Crimes during 2014-2023'; annexure page header 'L.S. US.Q. NO. 438 FOR 02.12.2025'; no printed page no.,https://www.mha.gov.in/MHA1/Par2017/pdfs/par2025-pdfs/LS02122025/438.pdf,
S01,S01,Lakshadweep,35,state_ut,uts,2022,1,1,registered cases (CR),"Total cyber crimes (IT Act + IPC + SLL, NCRB definition)","NCRB 'Crime in India' via MHA reply, Lok Sabha USQ 438 (02.12.2025)",S01_LS_USQ438_2025-12-02_AnnexII_2014-2023.txt,Annexure-II 'State/UT-wise Cases Registered under Cyber Crimes during 2014-2023'; annexure page header 'L.S. US.Q. NO. 438 FOR 02.12.2025'; no printed page no.,https://www.mha.gov.in/MHA1/Par2017/pdfs/par2025-pdfs/LS02122025/438.pdf,
S01,S01,Lakshadweep,35,state_ut,uts,2023,1,1,registered cases (CR),"Total cyber crimes (IT Act + IPC + SLL, NCRB definition)","NCRB 'Crime in India' via MHA reply, Lok Sabha USQ 438 (02.12.2025)",S01_LS_USQ438_2025-12-02_AnnexII_2014-2023.txt,Annexure-II 'State/UT-wise Cases Registered under Cyber Crimes during 2014-2023'; annexure page header 'L.S. US.Q. NO. 438 FOR 02.12.2025'; no printed page no.,https://www.mha.gov.in/MHA1/Par2017/pdfs/par2025-pdfs/LS02122025/438.pdf,
S01,S01,Puducherry,36,state_ut,uts,2014,1,1,registered cases (CR),"Total cyber crimes (IT Act + IPC + SLL, NCRB definition)","NCRB 'Crime in India' via MHA reply, Lok Sabha USQ 438 (02.12.2025)",S01_LS_USQ438_2025-12-02_AnnexII_2014-2023.txt,Annexure-II 'State/UT-wise Cases Registered under Cyber Crimes during 2014-2023'; annexure page header 'L.S. US.Q. NO. 438 FOR 02.12.2025'; no printed page no.,https://www.mha.gov.in/MHA1/Par2017/pdfs/par2025-pdfs/LS02122025/438.pdf,
S01,S01,Puducherry,36,state_ut,uts,2015,0,0,registered cases (CR),"Total cyber crimes (IT Act + IPC + SLL, NCRB definition)","NCRB 'Crime in India' via MHA reply, Lok Sabha USQ 438 (02.12.2025)",S01_LS_USQ438_2025-12-02_AnnexII_2014-2023.txt,Annexure-II 'State/UT-wise Cases Registered under Cyber Crimes during 2014-2023'; annexure page header 'L.S. US.Q. NO. 438 FOR 02.12.2025'; no printed page no.,https://www.mha.gov.in/MHA1/Par2017/pdfs/par2025-pdfs/LS02122025/438.pdf,
S01,S01,Puducherry,36,state_ut,uts,2016,2,2,registered cases (CR),"Total cyber crimes (IT Act + IPC + SLL, NCRB definition)","NCRB 'Crime in India' via MHA reply, Lok Sabha USQ 438 (02.12.2025)",S01_LS_USQ438_2025-12-02_AnnexII_2014-2023.txt,Annexure-II 'State/UT-wise Cases Registered under Cyber Crimes during 2014-2023'; annexure page header 'L.S. US.Q. NO. 438 FOR 02.12.2025'; no printed page no.,https://www.mha.gov.in/MHA1/Par2017/pdfs/par2025-pdfs/LS02122025/438.pdf,
S01,S01,Puducherry,36,state_ut,uts,2017,5,5,registered cases (CR),"Total cyber crimes (IT Act + IPC + SLL, NCRB definition)","NCRB 'Crime in India' via MHA reply, Lok Sabha USQ 438 (02.12.2025)",S01_LS_USQ438_2025-12-02_AnnexII_2014-2023.txt,Annexure-II 'State/UT-wise Cases Registered under Cyber Crimes during 2014-2023'; annexure page header 'L.S. US.Q. NO. 438 FOR 02.12.2025'; no printed page no.,https://www.mha.gov.in/MHA1/Par2017/pdfs/par2025-pdfs/LS02122025/438.pdf,
S01,S01,Puducherry,36,state_ut,uts,2018,14,14,registered cases (CR),"Total cyber crimes (IT Act + IPC + SLL, NCRB definition)","NCRB 'Crime in India' via MHA reply, Lok Sabha USQ 438 (02.12.2025)",S01_LS_USQ438_2025-12-02_AnnexII_2014-2023.txt,Annexure-II 'State/UT-wise Cases Registered under Cyber Crimes during 2014-2023'; annexure page header 'L.S. US.Q. NO. 438 FOR 02.12.2025'; no printed page no.,https://www.mha.gov.in/MHA1/Par2017/pdfs/par2025-pdfs/LS02122025/438.pdf,
S01,S01,Puducherry,36,state_ut,uts,2019,4,4,registered cases (CR),"Total cyber crimes (IT Act + IPC + SLL, NCRB definition)","NCRB 'Crime in India' via MHA reply, Lok Sabha USQ 438 (02.12.2025)",S01_LS_USQ438_2025-12-02_AnnexII_2014-2023.txt,Annexure-II 'State/UT-wise Cases Registered under Cyber Crimes during 2014-2023'; annexure page header 'L.S. US.Q. NO. 438 FOR 02.12.2025'; no printed page no.,https://www.mha.gov.in/MHA1/Par2017/pdfs/par2025-pdfs/LS02122025/438.pdf,
S01,S01,Puducherry,36,state_ut,uts,2020,10,10,registered cases (CR),"Total cyber crimes (IT Act + IPC + SLL, NCRB definition)","NCRB 'Crime in India' via MHA reply, Lok Sabha USQ 438 (02.12.2025)",S01_LS_USQ438_2025-12-02_AnnexII_2014-2023.txt,Annexure-II 'State/UT-wise Cases Registered under Cyber Crimes during 2014-2023'; annexure page header 'L.S. US.Q. NO. 438 FOR 02.12.2025'; no printed page no.,https://www.mha.gov.in/MHA1/Par2017/pdfs/par2025-pdfs/LS02122025/438.pdf,
S01,S01,Puducherry,36,state_ut,uts,2021,0,0,registered cases (CR),"Total cyber crimes (IT Act + IPC + SLL, NCRB definition)","NCRB 'Crime in India' via MHA reply, Lok Sabha USQ 438 (02.12.2025)",S01_LS_USQ438_2025-12-02_AnnexII_2014-2023.txt,Annexure-II 'State/UT-wise Cases Registered under Cyber Crimes during 2014-2023'; annexure page header 'L.S. US.Q. NO. 438 FOR 02.12.2025'; no printed page no.,https://www.mha.gov.in/MHA1/Par2017/pdfs/par2025-pdfs/LS02122025/438.pdf,
S01,S01,Puducherry,36,state_ut,uts,2022,64,64,registered cases (CR),"Total cyber crimes (IT Act + IPC + SLL, NCRB definition)","NCRB 'Crime in India' via MHA reply, Lok Sabha USQ 438 (02.12.2025)",S01_LS_USQ438_2025-12-02_AnnexII_2014-2023.txt,Annexure-II 'State/UT-wise Cases Registered under Cyber Crimes during 2014-2023'; annexure page header 'L.S. US.Q. NO. 438 FOR 02.12.2025'; no printed page no.,https://www.mha.gov.in/MHA1/Par2017/pdfs/par2025-pdfs/LS02122025/438.pdf,
S01,S01,Puducherry,36,state_ut,uts,2023,147,147,registered cases (CR),"Total cyber crimes (IT Act + IPC + SLL, NCRB definition)","NCRB 'Crime in India' via MHA reply, Lok Sabha USQ 438 (02.12.2025)",S01_LS_USQ438_2025-12-02_AnnexII_2014-2023.txt,Annexure-II 'State/UT-wise Cases Registered under Cyber Crimes during 2014-2023'; annexure page header 'L.S. US.Q. NO. 438 FOR 02.12.2025'; no printed page no.,https://www.mha.gov.in/MHA1/Par2017/pdfs/par2025-pdfs/LS02122025/438.pdf,
S01,S01,TOTAL UT(S),,total_uts,uts,2014,337,337,registered cases (CR),"Total cyber crimes (IT Act + IPC + SLL, NCRB definition)","NCRB 'Crime in India' via MHA reply, Lok Sabha USQ 438 (02.12.2025)",S01_LS_USQ438_2025-12-02_AnnexII_2014-2023.txt,Annexure-II 'State/UT-wise Cases Registered under Cyber Crimes during 2014-2023'; annexure page header 'L.S. US.Q. NO. 438 FOR 02.12.2025'; no printed page no.,https://www.mha.gov.in/MHA1/Par2017/pdfs/par2025-pdfs/LS02122025/438.pdf,
S01,S01,TOTAL UT(S),,total_uts,uts,2015,295,295,registered cases (CR),"Total cyber crimes (IT Act + IPC + SLL, NCRB definition)","NCRB 'Crime in India' via MHA reply, Lok Sabha USQ 438 (02.12.2025)",S01_LS_USQ438_2025-12-02_AnnexII_2014-2023.txt,Annexure-II 'State/UT-wise Cases Registered under Cyber Crimes during 2014-2023'; annexure page header 'L.S. US.Q. NO. 438 FOR 02.12.2025'; no printed page no.,https://www.mha.gov.in/MHA1/Par2017/pdfs/par2025-pdfs/LS02122025/438.pdf,
S01,S01,TOTAL UT(S),,total_uts,uts,2016,158,158,registered cases (CR),"Total cyber crimes (IT Act + IPC + SLL, NCRB definition)","NCRB 'Crime in India' via MHA reply, Lok Sabha USQ 438 (02.12.2025)",S01_LS_USQ438_2025-12-02_AnnexII_2014-2023.txt,Annexure-II 'State/UT-wise Cases Registered under Cyber Crimes during 2014-2023'; annexure page header 'L.S. US.Q. NO. 438 FOR 02.12.2025'; no printed page no.,https://www.mha.gov.in/MHA1/Par2017/pdfs/par2025-pdfs/LS02122025/438.pdf,
S01,S01,TOTAL UT(S),,total_uts,uts,2017,266,266,registered cases (CR),"Total cyber crimes (IT Act + IPC + SLL, NCRB definition)","NCRB 'Crime in India' via MHA reply, Lok Sabha USQ 438 (02.12.2025)",S01_LS_USQ438_2025-12-02_AnnexII_2014-2023.txt,Annexure-II 'State/UT-wise Cases Registered under Cyber Crimes during 2014-2023'; annexure page header 'L.S. US.Q. NO. 438 FOR 02.12.2025'; no printed page no.,https://www.mha.gov.in/MHA1/Par2017/pdfs/par2025-pdfs/LS02122025/438.pdf,
S01,S01,TOTAL UT(S),,total_uts,uts,2018,317,317,registered cases (CR),"Total cyber crimes (IT Act + IPC + SLL, NCRB definition)","NCRB 'Crime in India' via MHA reply, Lok Sabha USQ 438 (02.12.2025)",S01_LS_USQ438_2025-12-02_AnnexII_2014-2023.txt,Annexure-II 'State/UT-wise Cases Registered under Cyber Crimes during 2014-2023'; annexure page header 'L.S. US.Q. NO. 438 FOR 02.12.2025'; no printed page no.,https://www.mha.gov.in/MHA1/Par2017/pdfs/par2025-pdfs/LS02122025/438.pdf,
S01,S01,TOTAL UT(S),,total_uts,uts,2019,224,224,registered cases (CR),"Total cyber crimes (IT Act + IPC + SLL, NCRB definition)","NCRB 'Crime in India' via MHA reply, Lok Sabha USQ 438 (02.12.2025)",S01_LS_USQ438_2025-12-02_AnnexII_2014-2023.txt,Annexure-II 'State/UT-wise Cases Registered under Cyber Crimes during 2014-2023'; annexure page header 'L.S. US.Q. NO. 438 FOR 02.12.2025'; no printed page no.,https://www.mha.gov.in/MHA1/Par2017/pdfs/par2025-pdfs/LS02122025/438.pdf,
S01,S01,TOTAL UT(S),,total_uts,uts,2020,327,327,registered cases (CR),"Total cyber crimes (IT Act + IPC + SLL, NCRB definition)","NCRB 'Crime in India' via MHA reply, Lok Sabha USQ 438 (02.12.2025)",S01_LS_USQ438_2025-12-02_AnnexII_2014-2023.txt,Annexure-II 'State/UT-wise Cases Registered under Cyber Crimes during 2014-2023'; annexure page header 'L.S. US.Q. NO. 438 FOR 02.12.2025'; no printed page no.,https://www.mha.gov.in/MHA1/Par2017/pdfs/par2025-pdfs/LS02122025/438.pdf,
S01,S01,TOTAL UT(S),,total_uts,uts,2021,544,544,registered cases (CR),"Total cyber crimes (IT Act + IPC + SLL, NCRB definition)","NCRB 'Crime in India' via MHA reply, Lok Sabha USQ 438 (02.12.2025)",S01_LS_USQ438_2025-12-02_AnnexII_2014-2023.txt,Annexure-II 'State/UT-wise Cases Registered under Cyber Crimes during 2014-2023'; annexure page header 'L.S. US.Q. NO. 438 FOR 02.12.2025'; no printed page no.,https://www.mha.gov.in/MHA1/Par2017/pdfs/par2025-pdfs/LS02122025/438.pdf,
S01,S01,TOTAL UT(S),,total_uts,uts,2022,986,986,registered cases (CR),"Total cyber crimes (IT Act + IPC + SLL, NCRB definition)","NCRB 'Crime in India' via MHA reply, Lok Sabha USQ 438 (02.12.2025)",S01_LS_USQ438_2025-12-02_AnnexII_2014-2023.txt,Annexure-II 'State/UT-wise Cases Registered under Cyber Crimes during 2014-2023'; annexure page header 'L.S. US.Q. NO. 438 FOR 02.12.2025'; no printed page no.,https://www.mha.gov.in/MHA1/Par2017/pdfs/par2025-pdfs/LS02122025/438.pdf,
S01,S01,TOTAL UT(S),,total_uts,uts,2023,817,817,registered cases (CR),"Total cyber crimes (IT Act + IPC + SLL, NCRB definition)","NCRB 'Crime in India' via MHA reply, Lok Sabha USQ 438 (02.12.2025)",S01_LS_USQ438_2025-12-02_AnnexII_2014-2023.txt,Annexure-II 'State/UT-wise Cases Registered under Cyber Crimes during 2014-2023'; annexure page header 'L.S. US.Q. NO. 438 FOR 02.12.2025'; no printed page no.,https://www.mha.gov.in/MHA1/Par2017/pdfs/par2025-pdfs/LS02122025/438.pdf,
S01,S01,TOTAL (ALL INDIA),,total_all_india,all_india,2014,9622,9622,registered cases (CR),"Total cyber crimes (IT Act + IPC + SLL, NCRB definition)","NCRB 'Crime in India' via MHA reply, Lok Sabha USQ 438 (02.12.2025)",S01_LS_USQ438_2025-12-02_AnnexII_2014-2023.txt,Annexure-II 'State/UT-wise Cases Registered under Cyber Crimes during 2014-2023'; annexure page header 'L.S. US.Q. NO. 438 FOR 02.12.2025'; no printed page no.,https://www.mha.gov.in/MHA1/Par2017/pdfs/par2025-pdfs/LS02122025/438.pdf,
S01,S01,TOTAL (ALL INDIA),,total_all_india,all_india,2015,11592,11592,registered cases (CR),"Total cyber crimes (IT Act + IPC + SLL, NCRB definition)","NCRB 'Crime in India' via MHA reply, Lok Sabha USQ 438 (02.12.2025)",S01_LS_USQ438_2025-12-02_AnnexII_2014-2023.txt,Annexure-II 'State/UT-wise Cases Registered under Cyber Crimes during 2014-2023'; annexure page header 'L.S. US.Q. NO. 438 FOR 02.12.2025'; no printed page no.,https://www.mha.gov.in/MHA1/Par2017/pdfs/par2025-pdfs/LS02122025/438.pdf,
S01,S01,TOTAL (ALL INDIA),,total_all_india,all_india,2016,12317,12317,registered cases (CR),"Total cyber crimes (IT Act + IPC + SLL, NCRB definition)","NCRB 'Crime in India' via MHA reply, Lok Sabha USQ 438 (02.12.2025)",S01_LS_USQ438_2025-12-02_AnnexII_2014-2023.txt,Annexure-II 'State/UT-wise Cases Registered under Cyber Crimes during 2014-2023'; annexure page header 'L.S. US.Q. NO. 438 FOR 02.12.2025'; no printed page no.,https://www.mha.gov.in/MHA1/Par2017/pdfs/par2025-pdfs/LS02122025/438.pdf,
S01,S01,TOTAL (ALL INDIA),,total_all_india,all_india,2017,21796,21796,registered cases (CR),"Total cyber crimes (IT Act + IPC + SLL, NCRB definition)","NCRB 'Crime in India' via MHA reply, Lok Sabha USQ 438 (02.12.2025)",S01_LS_USQ438_2025-12-02_AnnexII_2014-2023.txt,Annexure-II 'State/UT-wise Cases Registered under Cyber Crimes during 2014-2023'; annexure page header 'L.S. US.Q. NO. 438 FOR 02.12.2025'; no printed page no.,https://www.mha.gov.in/MHA1/Par2017/pdfs/par2025-pdfs/LS02122025/438.pdf,
S01,S01,TOTAL (ALL INDIA),,total_all_india,all_india,2018,27248,27248,registered cases (CR),"Total cyber crimes (IT Act + IPC + SLL, NCRB definition)","NCRB 'Crime in India' via MHA reply, Lok Sabha USQ 438 (02.12.2025)",S01_LS_USQ438_2025-12-02_AnnexII_2014-2023.txt,Annexure-II 'State/UT-wise Cases Registered under Cyber Crimes during 2014-2023'; annexure page header 'L.S. US.Q. NO. 438 FOR 02.12.2025'; no printed page no.,https://www.mha.gov.in/MHA1/Par2017/pdfs/par2025-pdfs/LS02122025/438.pdf,
S01,S01,TOTAL (ALL INDIA),,total_all_india,all_india,2019,44735,44735,registered cases (CR),"Total cyber crimes (IT Act + IPC + SLL, NCRB definition)","NCRB 'Crime in India' via MHA reply, Lok Sabha USQ 438 (02.12.2025)",S01_LS_USQ438_2025-12-02_AnnexII_2014-2023.txt,Annexure-II 'State/UT-wise Cases Registered under Cyber Crimes during 2014-2023'; annexure page header 'L.S. US.Q. NO. 438 FOR 02.12.2025'; no printed page no.,https://www.mha.gov.in/MHA1/Par2017/pdfs/par2025-pdfs/LS02122025/438.pdf,
S01,S01,TOTAL (ALL INDIA),,total_all_india,all_india,2020,50035,50035,registered cases (CR),"Total cyber crimes (IT Act + IPC + SLL, NCRB definition)","NCRB 'Crime in India' via MHA reply, Lok Sabha USQ 438 (02.12.2025)",S01_LS_USQ438_2025-12-02_AnnexII_2014-2023.txt,Annexure-II 'State/UT-wise Cases Registered under Cyber Crimes during 2014-2023'; annexure page header 'L.S. US.Q. NO. 438 FOR 02.12.2025'; no printed page no.,https://www.mha.gov.in/MHA1/Par2017/pdfs/par2025-pdfs/LS02122025/438.pdf,
S01,S01,TOTAL (ALL INDIA),,total_all_india,all_india,2021,52974,52974,registered cases (CR),"Total cyber crimes (IT Act + IPC + SLL, NCRB definition)","NCRB 'Crime in India' via MHA reply, Lok Sabha USQ 438 (02.12.2025)",S01_LS_USQ438_2025-12-02_AnnexII_2014-2023.txt,Annexure-II 'State/UT-wise Cases Registered under Cyber Crimes during 2014-2023'; annexure page header 'L.S. US.Q. NO. 438 FOR 02.12.2025'; no printed page no.,https://www.mha.gov.in/MHA1/Par2017/pdfs/par2025-pdfs/LS02122025/438.pdf,
S01,S01,TOTAL (ALL INDIA),,total_all_india,all_india,2022,65893,65893,registered cases (CR),"Total cyber crimes (IT Act + IPC + SLL, NCRB definition)","NCRB 'Crime in India' via MHA reply, Lok Sabha USQ 438 (02.12.2025)",S01_LS_USQ438_2025-12-02_AnnexII_2014-2023.txt,Annexure-II 'State/UT-wise Cases Registered under Cyber Crimes during 2014-2023'; annexure page header 'L.S. US.Q. NO. 438 FOR 02.12.2025'; no printed page no.,https://www.mha.gov.in/MHA1/Par2017/pdfs/par2025-pdfs/LS02122025/438.pdf,
S01,S01,TOTAL (ALL INDIA),,total_all_india,all_india,2023,86420,86420,registered cases (CR),"Total cyber crimes (IT Act + IPC + SLL, NCRB definition)","NCRB 'Crime in India' via MHA reply, Lok Sabha USQ 438 (02.12.2025)",S01_LS_USQ438_2025-12-02_AnnexII_2014-2023.txt,Annexure-II 'State/UT-wise Cases Registered under Cyber Crimes during 2014-2023'; annexure page header 'L.S. US.Q. NO. 438 FOR 02.12.2025'; no printed page no.,https://www.mha.gov.in/MHA1/Par2017/pdfs/par2025-pdfs/LS02122025/438.pdf,
S02,S02,Andhra Pradesh,1,state_ut,states,2021,1875,1875,registered cases (CR),"Total cyber crimes (IT Act + IPC + SLL, NCRB definition)","NCRB 'Crime in India' via MHA reply, Lok Sabha USQ 4118 (17.03.2026)",S02_LS_USQ4118_2026-03-17_Annex_2021-2023.txt,Annexure 'State/UT-wise Cases Registered under Cyber Crimes during 2021-2023'; no printed page no.,https://www.mha.gov.in/MHA1/Par2017/pdfs/par2026-pdfs/LS17032026/4118.pdf,
S02,S02,Andhra Pradesh,1,state_ut,states,2022,2341,2341,registered cases (CR),"Total cyber crimes (IT Act + IPC + SLL, NCRB definition)","NCRB 'Crime in India' via MHA reply, Lok Sabha USQ 4118 (17.03.2026)",S02_LS_USQ4118_2026-03-17_Annex_2021-2023.txt,Annexure 'State/UT-wise Cases Registered under Cyber Crimes during 2021-2023'; no printed page no.,https://www.mha.gov.in/MHA1/Par2017/pdfs/par2026-pdfs/LS17032026/4118.pdf,
S02,S02,Andhra Pradesh,1,state_ut,states,2023,2341,2341,registered cases (CR),"Total cyber crimes (IT Act + IPC + SLL, NCRB definition)","NCRB 'Crime in India' via MHA reply, Lok Sabha USQ 4118 (17.03.2026)",S02_LS_USQ4118_2026-03-17_Annex_2021-2023.txt,Annexure 'State/UT-wise Cases Registered under Cyber Crimes during 2021-2023'; no printed page no.,https://www.mha.gov.in/MHA1/Par2017/pdfs/par2026-pdfs/LS17032026/4118.pdf,Value 2341 identical to 2022 - verify against Crime in India 2023.
S02,S02,Arunachal Pradesh,2,state_ut,states,2021,47,47,registered cases (CR),"Total cyber crimes (IT Act + IPC + SLL, NCRB definition)","NCRB 'Crime in India' via MHA reply, Lok Sabha USQ 4118 (17.03.2026)",S02_LS_USQ4118_2026-03-17_Annex_2021-2023.txt,Annexure 'State/UT-wise Cases Registered under Cyber Crimes during 2021-2023'; no printed page no.,https://www.mha.gov.in/MHA1/Par2017/pdfs/par2026-pdfs/LS17032026/4118.pdf,
S02,S02,Arunachal Pradesh,2,state_ut,states,2022,14,14,registered cases (CR),"Total cyber crimes (IT Act + IPC + SLL, NCRB definition)","NCRB 'Crime in India' via MHA reply, Lok Sabha USQ 4118 (17.03.2026)",S02_LS_USQ4118_2026-03-17_Annex_2021-2023.txt,Annexure 'State/UT-wise Cases Registered under Cyber Crimes during 2021-2023'; no printed page no.,https://www.mha.gov.in/MHA1/Par2017/pdfs/par2026-pdfs/LS17032026/4118.pdf,
S02,S02,Arunachal Pradesh,2,state_ut,states,2023,24,24,registered cases (CR),"Total cyber crimes (IT Act + IPC + SLL, NCRB definition)","NCRB 'Crime in India' via MHA reply, Lok Sabha USQ 4118 (17.03.2026)",S02_LS_USQ4118_2026-03-17_Annex_2021-2023.txt,Annexure 'State/UT-wise Cases Registered under Cyber Crimes during 2021-2023'; no printed page no.,https://www.mha.gov.in/MHA1/Par2017/pdfs/par2026-pdfs/LS17032026/4118.pdf,
S02,S02,Assam,3,state_ut,states,2021,4846,4846,registered cases (CR),"Total cyber crimes (IT Act + IPC + SLL, NCRB definition)","NCRB 'Crime in India' via MHA reply, Lok Sabha USQ 4118 (17.03.2026)",S02_LS_USQ4118_2026-03-17_Annex_2021-2023.txt,Annexure 'State/UT-wise Cases Registered under Cyber Crimes during 2021-2023'; no printed page no.,https://www.mha.gov.in/MHA1/Par2017/pdfs/par2026-pdfs/LS17032026/4118.pdf,
S02,S02,Assam,3,state_ut,states,2022,1733,1733,registered cases (CR),"Total cyber crimes (IT Act + IPC + SLL, NCRB definition)","NCRB 'Crime in India' via MHA reply, Lok Sabha USQ 4118 (17.03.2026)",S02_LS_USQ4118_2026-03-17_Annex_2021-2023.txt,Annexure 'State/UT-wise Cases Registered under Cyber Crimes during 2021-2023'; no printed page no.,https://www.mha.gov.in/MHA1/Par2017/pdfs/par2026-pdfs/LS17032026/4118.pdf,
S02,S02,Assam,3,state_ut,states,2023,909,909,registered cases (CR),"Total cyber crimes (IT Act + IPC + SLL, NCRB definition)","NCRB 'Crime in India' via MHA reply, Lok Sabha USQ 4118 (17.03.2026)",S02_LS_USQ4118_2026-03-17_Annex_2021-2023.txt,Annexure 'State/UT-wise Cases Registered under Cyber Crimes during 2021-2023'; no printed page no.,https://www.mha.gov.in/MHA1/Par2017/pdfs/par2026-pdfs/LS17032026/4118.pdf,
S02,S02,Bihar,4,state_ut,states,2021,1413,1413,registered cases (CR),"Total cyber crimes (IT Act + IPC + SLL, NCRB definition)","NCRB 'Crime in India' via MHA reply, Lok Sabha USQ 4118 (17.03.2026)",S02_LS_USQ4118_2026-03-17_Annex_2021-2023.txt,Annexure 'State/UT-wise Cases Registered under Cyber Crimes during 2021-2023'; no printed page no.,https://www.mha.gov.in/MHA1/Par2017/pdfs/par2026-pdfs/LS17032026/4118.pdf,
S02,S02,Bihar,4,state_ut,states,2022,1621,1621,registered cases (CR),"Total cyber crimes (IT Act + IPC + SLL, NCRB definition)","NCRB 'Crime in India' via MHA reply, Lok Sabha USQ 4118 (17.03.2026)",S02_LS_USQ4118_2026-03-17_Annex_2021-2023.txt,Annexure 'State/UT-wise Cases Registered under Cyber Crimes during 2021-2023'; no printed page no.,https://www.mha.gov.in/MHA1/Par2017/pdfs/par2026-pdfs/LS17032026/4118.pdf,
S02,S02,Bihar,4,state_ut,states,2023,4450,4450,registered cases (CR),"Total cyber crimes (IT Act + IPC + SLL, NCRB definition)","NCRB 'Crime in India' via MHA reply, Lok Sabha USQ 4118 (17.03.2026)",S02_LS_USQ4118_2026-03-17_Annex_2021-2023.txt,Annexure 'State/UT-wise Cases Registered under Cyber Crimes during 2021-2023'; no printed page no.,https://www.mha.gov.in/MHA1/Par2017/pdfs/par2026-pdfs/LS17032026/4118.pdf,
S02,S02,Chhattisgarh,5,state_ut,states,2021,352,352,registered cases (CR),"Total cyber crimes (IT Act + IPC + SLL, NCRB definition)","NCRB 'Crime in India' via MHA reply, Lok Sabha USQ 4118 (17.03.2026)",S02_LS_USQ4118_2026-03-17_Annex_2021-2023.txt,Annexure 'State/UT-wise Cases Registered under Cyber Crimes during 2021-2023'; no printed page no.,https://www.mha.gov.in/MHA1/Par2017/pdfs/par2026-pdfs/LS17032026/4118.pdf,
S02,S02,Chhattisgarh,5,state_ut,states,2022,439,439,registered cases (CR),"Total cyber crimes (IT Act + IPC + SLL, NCRB definition)","NCRB 'Crime in India' via MHA reply, Lok Sabha USQ 4118 (17.03.2026)",S02_LS_USQ4118_2026-03-17_Annex_2021-2023.txt,Annexure 'State/UT-wise Cases Registered under Cyber Crimes during 2021-2023'; no printed page no.,https://www.mha.gov.in/MHA1/Par2017/pdfs/par2026-pdfs/LS17032026/4118.pdf,
S02,S02,Chhattisgarh,5,state_ut,states,2023,473,473,registered cases (CR),"Total cyber crimes (IT Act + IPC + SLL, NCRB definition)","NCRB 'Crime in India' via MHA reply, Lok Sabha USQ 4118 (17.03.2026)",S02_LS_USQ4118_2026-03-17_Annex_2021-2023.txt,Annexure 'State/UT-wise Cases Registered under Cyber Crimes during 2021-2023'; no printed page no.,https://www.mha.gov.in/MHA1/Par2017/pdfs/par2026-pdfs/LS17032026/4118.pdf,
S02,S02,Goa,6,state_ut,states,2021,36,36,registered cases (CR),"Total cyber crimes (IT Act + IPC + SLL, NCRB definition)","NCRB 'Crime in India' via MHA reply, Lok Sabha USQ 4118 (17.03.2026)",S02_LS_USQ4118_2026-03-17_Annex_2021-2023.txt,Annexure 'State/UT-wise Cases Registered under Cyber Crimes during 2021-2023'; no printed page no.,https://www.mha.gov.in/MHA1/Par2017/pdfs/par2026-pdfs/LS17032026/4118.pdf,
S02,S02,Goa,6,state_ut,states,2022,90,90,registered cases (CR),"Total cyber crimes (IT Act + IPC + SLL, NCRB definition)","NCRB 'Crime in India' via MHA reply, Lok Sabha USQ 4118 (17.03.2026)",S02_LS_USQ4118_2026-03-17_Annex_2021-2023.txt,Annexure 'State/UT-wise Cases Registered under Cyber Crimes during 2021-2023'; no printed page no.,https://www.mha.gov.in/MHA1/Par2017/pdfs/par2026-pdfs/LS17032026/4118.pdf,
S02,S02,Goa,6,state_ut,states,2023,86,86,registered cases (CR),"Total cyber crimes (IT Act + IPC + SLL, NCRB definition)","NCRB 'Crime in India' via MHA reply, Lok Sabha USQ 4118 (17.03.2026)",S02_LS_USQ4118_2026-03-17_Annex_2021-2023.txt,Annexure 'State/UT-wise Cases Registered under Cyber Crimes during 2021-2023'; no printed page no.,https://www.mha.gov.in/MHA1/Par2017/pdfs/par2026-pdfs/LS17032026/4118.pdf,
S02,S02,Gujarat,7,state_ut,states,2021,1536,1536,registered cases (CR),"Total cyber crimes (IT Act + IPC + SLL, NCRB definition)","NCRB 'Crime in India' via MHA reply, Lok Sabha USQ 4118 (17.03.2026)",S02_LS_USQ4118_2026-03-17_Annex_2021-2023.txt,Annexure 'State/UT-wise Cases Registered under Cyber Crimes during 2021-2023'; no printed page no.,https://www.mha.gov.in/MHA1/Par2017/pdfs/par2026-pdfs/LS17032026/4118.pdf,
S02,S02,Gujarat,7,state_ut,states,2022,1417,1417,registered cases (CR),"Total cyber crimes (IT Act + IPC + SLL, NCRB definition)","NCRB 'Crime in India' via MHA reply, Lok Sabha USQ 4118 (17.03.2026)",S02_LS_USQ4118_2026-03-17_Annex_2021-2023.txt,Annexure 'State/UT-wise Cases Registered under Cyber Crimes during 2021-2023'; no printed page no.,https://www.mha.gov.in/MHA1/Par2017/pdfs/par2026-pdfs/LS17032026/4118.pdf,
S02,S02,Gujarat,7,state_ut,states,2023,1995,1995,registered cases (CR),"Total cyber crimes (IT Act + IPC + SLL, NCRB definition)","NCRB 'Crime in India' via MHA reply, Lok Sabha USQ 4118 (17.03.2026)",S02_LS_USQ4118_2026-03-17_Annex_2021-2023.txt,Annexure 'State/UT-wise Cases Registered under Cyber Crimes during 2021-2023'; no printed page no.,https://www.mha.gov.in/MHA1/Par2017/pdfs/par2026-pdfs/LS17032026/4118.pdf,
S02,S02,Haryana,8,state_ut,states,2021,622,622,registered cases (CR),"Total cyber crimes (IT Act + IPC + SLL, NCRB definition)","NCRB 'Crime in India' via MHA reply, Lok Sabha USQ 4118 (17.03.2026)",S02_LS_USQ4118_2026-03-17_Annex_2021-2023.txt,Annexure 'State/UT-wise Cases Registered under Cyber Crimes during 2021-2023'; no printed page no.,https://www.mha.gov.in/MHA1/Par2017/pdfs/par2026-pdfs/LS17032026/4118.pdf,
S02,S02,Haryana,8,state_ut,states,2022,681,681,registered cases (CR),"Total cyber crimes (IT Act + IPC + SLL, NCRB definition)","NCRB 'Crime in India' via MHA reply, Lok Sabha USQ 4118 (17.03.2026)",S02_LS_USQ4118_2026-03-17_Annex_2021-2023.txt,Annexure 'State/UT-wise Cases Registered under Cyber Crimes during 2021-2023'; no printed page no.,https://www.mha.gov.in/MHA1/Par2017/pdfs/par2026-pdfs/LS17032026/4118.pdf,
S02,S02,Haryana,8,state_ut,states,2023,751,751,registered cases (CR),"Total cyber crimes (IT Act + IPC + SLL, NCRB definition)","NCRB 'Crime in India' via MHA reply, Lok Sabha USQ 4118 (17.03.2026)",S02_LS_USQ4118_2026-03-17_Annex_2021-2023.txt,Annexure 'State/UT-wise Cases Registered under Cyber Crimes during 2021-2023'; no printed page no.,https://www.mha.gov.in/MHA1/Par2017/pdfs/par2026-pdfs/LS17032026/4118.pdf,
S02,S02,Himachal Pradesh,9,state_ut,states,2021,70,70,registered cases (CR),"Total cyber crimes (IT Act + IPC + SLL, NCRB definition)","NCRB 'Crime in India' via MHA reply, Lok Sabha USQ 4118 (17.03.2026)",S02_LS_USQ4118_2026-03-17_Annex_2021-2023.txt,Annexure 'State/UT-wise Cases Registered under Cyber Crimes during 2021-2023'; no printed page no.,https://www.mha.gov.in/MHA1/Par2017/pdfs/par2026-pdfs/LS17032026/4118.pdf,
S02,S02,Himachal Pradesh,9,state_ut,states,2022,77,77,registered cases (CR),"Total cyber crimes (IT Act + IPC + SLL, NCRB definition)","NCRB 'Crime in India' via MHA reply, Lok Sabha USQ 4118 (17.03.2026)",S02_LS_USQ4118_2026-03-17_Annex_2021-2023.txt,Annexure 'State/UT-wise Cases Registered under Cyber Crimes during 2021-2023'; no printed page no.,https://www.mha.gov.in/MHA1/Par2017/pdfs/par2026-pdfs/LS17032026/4118.pdf,
S02,S02,Himachal Pradesh,9,state_ut,states,2023,127,127,registered cases (CR),"Total cyber crimes (IT Act + IPC + SLL, NCRB definition)","NCRB 'Crime in India' via MHA reply, Lok Sabha USQ 4118 (17.03.2026)",S02_LS_USQ4118_2026-03-17_Annex_2021-2023.txt,Annexure 'State/UT-wise Cases Registered under Cyber Crimes during 2021-2023'; no printed page no.,https://www.mha.gov.in/MHA1/Par2017/pdfs/par2026-pdfs/LS17032026/4118.pdf,
S02,S02,Jharkhand,10,state_ut,states,2021,953,953,registered cases (CR),"Total cyber crimes (IT Act + IPC + SLL, NCRB definition)","NCRB 'Crime in India' via MHA reply, Lok Sabha USQ 4118 (17.03.2026)",S02_LS_USQ4118_2026-03-17_Annex_2021-2023.txt,Annexure 'State/UT-wise Cases Registered under Cyber Crimes during 2021-2023'; no printed page no.,https://www.mha.gov.in/MHA1/Par2017/pdfs/par2026-pdfs/LS17032026/4118.pdf,
S02,S02,Jharkhand,10,state_ut,states,2022,967,967,registered cases (CR),"Total cyber crimes (IT Act + IPC + SLL, NCRB definition)","NCRB 'Crime in India' via MHA reply, Lok Sabha USQ 4118 (17.03.2026)",S02_LS_USQ4118_2026-03-17_Annex_2021-2023.txt,Annexure 'State/UT-wise Cases Registered under Cyber Crimes during 2021-2023'; no printed page no.,https://www.mha.gov.in/MHA1/Par2017/pdfs/par2026-pdfs/LS17032026/4118.pdf,
S02,S02,Jharkhand,10,state_ut,states,2023,1079,1079,registered cases (CR),"Total cyber crimes (IT Act + IPC + SLL, NCRB definition)","NCRB 'Crime in India' via MHA reply, Lok Sabha USQ 4118 (17.03.2026)",S02_LS_USQ4118_2026-03-17_Annex_2021-2023.txt,Annexure 'State/UT-wise Cases Registered under Cyber Crimes during 2021-2023'; no printed page no.,https://www.mha.gov.in/MHA1/Par2017/pdfs/par2026-pdfs/LS17032026/4118.pdf,
S02,S02,Karnataka,11,state_ut,states,2021,8136,8136,registered cases (CR),"Total cyber crimes (IT Act + IPC + SLL, NCRB definition)","NCRB 'Crime in India' via MHA reply, Lok Sabha USQ 4118 (17.03.2026)",S02_LS_USQ4118_2026-03-17_Annex_2021-2023.txt,Annexure 'State/UT-wise Cases Registered under Cyber Crimes during 2021-2023'; no printed page no.,https://www.mha.gov.in/MHA1/Par2017/pdfs/par2026-pdfs/LS17032026/4118.pdf,
S02,S02,Karnataka,11,state_ut,states,2022,12556,12556,registered cases (CR),"Total cyber crimes (IT Act + IPC + SLL, NCRB definition)","NCRB 'Crime in India' via MHA reply, Lok Sabha USQ 4118 (17.03.2026)",S02_LS_USQ4118_2026-03-17_Annex_2021-2023.txt,Annexure 'State/UT-wise Cases Registered under Cyber Crimes during 2021-2023'; no printed page no.,https://www.mha.gov.in/MHA1/Par2017/pdfs/par2026-pdfs/LS17032026/4118.pdf,
S02,S02,Karnataka,11,state_ut,states,2023,21889,21889,registered cases (CR),"Total cyber crimes (IT Act + IPC + SLL, NCRB definition)","NCRB 'Crime in India' via MHA reply, Lok Sabha USQ 4118 (17.03.2026)",S02_LS_USQ4118_2026-03-17_Annex_2021-2023.txt,Annexure 'State/UT-wise Cases Registered under Cyber Crimes during 2021-2023'; no printed page no.,https://www.mha.gov.in/MHA1/Par2017/pdfs/par2026-pdfs/LS17032026/4118.pdf,
S02,S02,Kerala,12,state_ut,states,2021,626,626,registered cases (CR),"Total cyber crimes (IT Act + IPC + SLL, NCRB definition)","NCRB 'Crime in India' via MHA reply, Lok Sabha USQ 4118 (17.03.2026)",S02_LS_USQ4118_2026-03-17_Annex_2021-2023.txt,Annexure 'State/UT-wise Cases Registered under Cyber Crimes during 2021-2023'; no printed page no.,https://www.mha.gov.in/MHA1/Par2017/pdfs/par2026-pdfs/LS17032026/4118.pdf,
S02,S02,Kerala,12,state_ut,states,2022,773,773,registered cases (CR),"Total cyber crimes (IT Act + IPC + SLL, NCRB definition)","NCRB 'Crime in India' via MHA reply, Lok Sabha USQ 4118 (17.03.2026)",S02_LS_USQ4118_2026-03-17_Annex_2021-2023.txt,Annexure 'State/UT-wise Cases Registered under Cyber Crimes during 2021-2023'; no printed page no.,https://www.mha.gov.in/MHA1/Par2017/pdfs/par2026-pdfs/LS17032026/4118.pdf,
S02,S02,Kerala,12,state_ut,states,2023,3295,3295,registered cases (CR),"Total cyber crimes (IT Act + IPC + SLL, NCRB definition)","NCRB 'Crime in India' via MHA reply, Lok Sabha USQ 4118 (17.03.2026)",S02_LS_USQ4118_2026-03-17_Annex_2021-2023.txt,Annexure 'State/UT-wise Cases Registered under Cyber Crimes during 2021-2023'; no printed page no.,https://www.mha.gov.in/MHA1/Par2017/pdfs/par2026-pdfs/LS17032026/4118.pdf,
S02,S02,Madhya Pradesh,13,state_ut,states,2021,589,589,registered cases (CR),"Total cyber crimes (IT Act + IPC + SLL, NCRB definition)","NCRB 'Crime in India' via MHA reply, Lok Sabha USQ 4118 (17.03.2026)",S02_LS_USQ4118_2026-03-17_Annex_2021-2023.txt,Annexure 'State/UT-wise Cases Registered under Cyber Crimes during 2021-2023'; no printed page no.,https://www.mha.gov.in/MHA1/Par2017/pdfs/par2026-pdfs/LS17032026/4118.pdf,
S02,S02,Madhya Pradesh,13,state_ut,states,2022,826,826,registered cases (CR),"Total cyber crimes (IT Act + IPC + SLL, NCRB definition)","NCRB 'Crime in India' via MHA reply, Lok Sabha USQ 4118 (17.03.2026)",S02_LS_USQ4118_2026-03-17_Annex_2021-2023.txt,Annexure 'State/UT-wise Cases Registered under Cyber Crimes during 2021-2023'; no printed page no.,https://www.mha.gov.in/MHA1/Par2017/pdfs/par2026-pdfs/LS17032026/4118.pdf,
S02,S02,Madhya Pradesh,13,state_ut,states,2023,685,685,registered cases (CR),"Total cyber crimes (IT Act + IPC + SLL, NCRB definition)","NCRB 'Crime in India' via MHA reply, Lok Sabha USQ 4118 (17.03.2026)",S02_LS_USQ4118_2026-03-17_Annex_2021-2023.txt,Annexure 'State/UT-wise Cases Registered under Cyber Crimes during 2021-2023'; no printed page no.,https://www.mha.gov.in/MHA1/Par2017/pdfs/par2026-pdfs/LS17032026/4118.pdf,
S02,S02,Maharashtra,14,state_ut,states,2021,5562,5562,registered cases (CR),"Total cyber crimes (IT Act + IPC + SLL, NCRB definition)","NCRB 'Crime in India' via MHA reply, Lok Sabha USQ 4118 (17.03.2026)",S02_LS_USQ4118_2026-03-17_Annex_2021-2023.txt,Annexure 'State/UT-wise Cases Registered under Cyber Crimes during 2021-2023'; no printed page no.,https://www.mha.gov.in/MHA1/Par2017/pdfs/par2026-pdfs/LS17032026/4118.pdf,
S02,S02,Maharashtra,14,state_ut,states,2022,8249,8249,registered cases (CR),"Total cyber crimes (IT Act + IPC + SLL, NCRB definition)","NCRB 'Crime in India' via MHA reply, Lok Sabha USQ 4118 (17.03.2026)",S02_LS_USQ4118_2026-03-17_Annex_2021-2023.txt,Annexure 'State/UT-wise Cases Registered under Cyber Crimes during 2021-2023'; no printed page no.,https://www.mha.gov.in/MHA1/Par2017/pdfs/par2026-pdfs/LS17032026/4118.pdf,
S02,S02,Maharashtra,14,state_ut,states,2023,8103,8103,registered cases (CR),"Total cyber crimes (IT Act + IPC + SLL, NCRB definition)","NCRB 'Crime in India' via MHA reply, Lok Sabha USQ 4118 (17.03.2026)",S02_LS_USQ4118_2026-03-17_Annex_2021-2023.txt,Annexure 'State/UT-wise Cases Registered under Cyber Crimes during 2021-2023'; no printed page no.,https://www.mha.gov.in/MHA1/Par2017/pdfs/par2026-pdfs/LS17032026/4118.pdf,
S02,S02,Manipur,15,state_ut,states,2021,67,67,registered cases (CR),"Total cyber crimes (IT Act + IPC + SLL, NCRB definition)","NCRB 'Crime in India' via MHA reply, Lok Sabha USQ 4118 (17.03.2026)",S02_LS_USQ4118_2026-03-17_Annex_2021-2023.txt,Annexure 'State/UT-wise Cases Registered under Cyber Crimes during 2021-2023'; no printed page no.,https://www.mha.gov.in/MHA1/Par2017/pdfs/par2026-pdfs/LS17032026/4118.pdf,
S02,S02,Manipur,15,state_ut,states,2022,18,18,registered cases (CR),"Total cyber crimes (IT Act + IPC + SLL, NCRB definition)","NCRB 'Crime in India' via MHA reply, Lok Sabha USQ 4118 (17.03.2026)",S02_LS_USQ4118_2026-03-17_Annex_2021-2023.txt,Annexure 'State/UT-wise Cases Registered under Cyber Crimes during 2021-2023'; no printed page no.,https://www.mha.gov.in/MHA1/Par2017/pdfs/par2026-pdfs/LS17032026/4118.pdf,
S02,S02,Manipur,15,state_ut,states,2023,3,3,registered cases (CR),"Total cyber crimes (IT Act + IPC + SLL, NCRB definition)","NCRB 'Crime in India' via MHA reply, Lok Sabha USQ 4118 (17.03.2026)",S02_LS_USQ4118_2026-03-17_Annex_2021-2023.txt,Annexure 'State/UT-wise Cases Registered under Cyber Crimes during 2021-2023'; no printed page no.,https://www.mha.gov.in/MHA1/Par2017/pdfs/par2026-pdfs/LS17032026/4118.pdf,
S02,S02,Meghalaya,16,state_ut,states,2021,107,107,registered cases (CR),"Total cyber crimes (IT Act + IPC + SLL, NCRB definition)","NCRB 'Crime in India' via MHA reply, Lok Sabha USQ 4118 (17.03.2026)",S02_LS_USQ4118_2026-03-17_Annex_2021-2023.txt,Annexure 'State/UT-wise Cases Registered under Cyber Crimes during 2021-2023'; no printed page no.,https://www.mha.gov.in/MHA1/Par2017/pdfs/par2026-pdfs/LS17032026/4118.pdf,
S02,S02,Meghalaya,16,state_ut,states,2022,75,75,registered cases (CR),"Total cyber crimes (IT Act + IPC + SLL, NCRB definition)","NCRB 'Crime in India' via MHA reply, Lok Sabha USQ 4118 (17.03.2026)",S02_LS_USQ4118_2026-03-17_Annex_2021-2023.txt,Annexure 'State/UT-wise Cases Registered under Cyber Crimes during 2021-2023'; no printed page no.,https://www.mha.gov.in/MHA1/Par2017/pdfs/par2026-pdfs/LS17032026/4118.pdf,
S02,S02,Meghalaya,16,state_ut,states,2023,64,64,registered cases (CR),"Total cyber crimes (IT Act + IPC + SLL, NCRB definition)","NCRB 'Crime in India' via MHA reply, Lok Sabha USQ 4118 (17.03.2026)",S02_LS_USQ4118_2026-03-17_Annex_2021-2023.txt,Annexure 'State/UT-wise Cases Registered under Cyber Crimes during 2021-2023'; no printed page no.,https://www.mha.gov.in/MHA1/Par2017/pdfs/par2026-pdfs/LS17032026/4118.pdf,
S02,S02,Mizoram,17,state_ut,states,2021,30,30,registered cases (CR),"Total cyber crimes (IT Act + IPC + SLL, NCRB definition)","NCRB 'Crime in India' via MHA reply, Lok Sabha USQ 4118 (17.03.2026)",S02_LS_USQ4118_2026-03-17_Annex_2021-2023.txt,Annexure 'State/UT-wise Cases Registered under Cyber Crimes during 2021-2023'; no printed page no.,https://www.mha.gov.in/MHA1/Par2017/pdfs/par2026-pdfs/LS17032026/4118.pdf,
S02,S02,Mizoram,17,state_ut,states,2022,1,1,registered cases (CR),"Total cyber crimes (IT Act + IPC + SLL, NCRB definition)","NCRB 'Crime in India' via MHA reply, Lok Sabha USQ 4118 (17.03.2026)",S02_LS_USQ4118_2026-03-17_Annex_2021-2023.txt,Annexure 'State/UT-wise Cases Registered under Cyber Crimes during 2021-2023'; no printed page no.,https://www.mha.gov.in/MHA1/Par2017/pdfs/par2026-pdfs/LS17032026/4118.pdf,
S02,S02,Mizoram,17,state_ut,states,2023,31,31,registered cases (CR),"Total cyber crimes (IT Act + IPC + SLL, NCRB definition)","NCRB 'Crime in India' via MHA reply, Lok Sabha USQ 4118 (17.03.2026)",S02_LS_USQ4118_2026-03-17_Annex_2021-2023.txt,Annexure 'State/UT-wise Cases Registered under Cyber Crimes during 2021-2023'; no printed page no.,https://www.mha.gov.in/MHA1/Par2017/pdfs/par2026-pdfs/LS17032026/4118.pdf,
S02,S02,Nagaland,18,state_ut,states,2021,8,8,registered cases (CR),"Total cyber crimes (IT Act + IPC + SLL, NCRB definition)","NCRB 'Crime in India' via MHA reply, Lok Sabha USQ 4118 (17.03.2026)",S02_LS_USQ4118_2026-03-17_Annex_2021-2023.txt,Annexure 'State/UT-wise Cases Registered under Cyber Crimes during 2021-2023'; no printed page no.,https://www.mha.gov.in/MHA1/Par2017/pdfs/par2026-pdfs/LS17032026/4118.pdf,
S02,S02,Nagaland,18,state_ut,states,2022,4,4,registered cases (CR),"Total cyber crimes (IT Act + IPC + SLL, NCRB definition)","NCRB 'Crime in India' via MHA reply, Lok Sabha USQ 4118 (17.03.2026)",S02_LS_USQ4118_2026-03-17_Annex_2021-2023.txt,Annexure 'State/UT-wise Cases Registered under Cyber Crimes during 2021-2023'; no printed page no.,https://www.mha.gov.in/MHA1/Par2017/pdfs/par2026-pdfs/LS17032026/4118.pdf,
S02,S02,Nagaland,18,state_ut,states,2023,2,2,registered cases (CR),"Total cyber crimes (IT Act + IPC + SLL, NCRB definition)","NCRB 'Crime in India' via MHA reply, Lok Sabha USQ 4118 (17.03.2026)",S02_LS_USQ4118_2026-03-17_Annex_2021-2023.txt,Annexure 'State/UT-wise Cases Registered under Cyber Crimes during 2021-2023'; no printed page no.,https://www.mha.gov.in/MHA1/Par2017/pdfs/par2026-pdfs/LS17032026/4118.pdf,
S02,S02,Odisha,19,state_ut,states,2021,2037,2037,registered cases (CR),"Total cyber crimes (IT Act + IPC + SLL, NCRB definition)","NCRB 'Crime in India' via MHA reply, Lok Sabha USQ 4118 (17.03.2026)",S02_LS_USQ4118_2026-03-17_Annex_2021-2023.txt,Annexure 'State/UT-wise Cases Registered under Cyber Crimes during 2021-2023'; no printed page no.,https://www.mha.gov.in/MHA1/Par2017/pdfs/par2026-pdfs/LS17032026/4118.pdf,
S02,S02,Odisha,19,state_ut,states,2022,1983,1983,registered cases (CR),"Total cyber crimes (IT Act + IPC + SLL, NCRB definition)","NCRB 'Crime in India' via MHA reply, Lok Sabha USQ 4118 (17.03.2026)",S02_LS_USQ4118_2026-03-17_Annex_2021-2023.txt,Annexure 'State/UT-wise Cases Registered under Cyber Crimes during 2021-2023'; no printed page no.,https://www.mha.gov.in/MHA1/Par2017/pdfs/par2026-pdfs/LS17032026/4118.pdf,
S02,S02,Odisha,19,state_ut,states,2023,2348,2348,registered cases (CR),"Total cyber crimes (IT Act + IPC + SLL, NCRB definition)","NCRB 'Crime in India' via MHA reply, Lok Sabha USQ 4118 (17.03.2026)",S02_LS_USQ4118_2026-03-17_Annex_2021-2023.txt,Annexure 'State/UT-wise Cases Registered under Cyber Crimes during 2021-2023'; no printed page no.,https://www.mha.gov.in/MHA1/Par2017/pdfs/par2026-pdfs/LS17032026/4118.pdf,
S02,S02,Punjab,20,state_ut,states,2021,551,551,registered cases (CR),"Total cyber crimes (IT Act + IPC + SLL, NCRB definition)","NCRB 'Crime in India' via MHA reply, Lok Sabha USQ 4118 (17.03.2026)",S02_LS_USQ4118_2026-03-17_Annex_2021-2023.txt,Annexure 'State/UT-wise Cases Registered under Cyber Crimes during 2021-2023'; no printed page no.,https://www.mha.gov.in/MHA1/Par2017/pdfs/par2026-pdfs/LS17032026/4118.pdf,
S02,S02,Punjab,20,state_ut,states,2022,697,697,registered cases (CR),"Total cyber crimes (IT Act + IPC + SLL, NCRB definition)","NCRB 'Crime in India' via MHA reply, Lok Sabha USQ 4118 (17.03.2026)",S02_LS_USQ4118_2026-03-17_Annex_2021-2023.txt,Annexure 'State/UT-wise Cases Registered under Cyber Crimes during 2021-2023'; no printed page no.,https://www.mha.gov.in/MHA1/Par2017/pdfs/par2026-pdfs/LS17032026/4118.pdf,
S02,S02,Punjab,20,state_ut,states,2023,511,511,registered cases (CR),"Total cyber crimes (IT Act + IPC + SLL, NCRB definition)","NCRB 'Crime in India' via MHA reply, Lok Sabha USQ 4118 (17.03.2026)",S02_LS_USQ4118_2026-03-17_Annex_2021-2023.txt,Annexure 'State/UT-wise Cases Registered under Cyber Crimes during 2021-2023'; no printed page no.,https://www.mha.gov.in/MHA1/Par2017/pdfs/par2026-pdfs/LS17032026/4118.pdf,
S02,S02,Rajasthan,21,state_ut,states,2021,1504,1504,registered cases (CR),"Total cyber crimes (IT Act + IPC + SLL, NCRB definition)","NCRB 'Crime in India' via MHA reply, Lok Sabha USQ 4118 (17.03.2026)",S02_LS_USQ4118_2026-03-17_Annex_2021-2023.txt,Annexure 'State/UT-wise Cases Registered under Cyber Crimes during 2021-2023'; no printed page no.,https://www.mha.gov.in/MHA1/Par2017/pdfs/par2026-pdfs/LS17032026/4118.pdf,
S02,S02,Rajasthan,21,state_ut,states,2022,1833,1833,registered cases (CR),"Total cyber crimes (IT Act + IPC + SLL, NCRB definition)","NCRB 'Crime in India' via MHA reply, Lok Sabha USQ 4118 (17.03.2026)",S02_LS_USQ4118_2026-03-17_Annex_2021-2023.txt,Annexure 'State/UT-wise Cases Registered under Cyber Crimes during 2021-2023'; no printed page no.,https://www.mha.gov.in/MHA1/Par2017/pdfs/par2026-pdfs/LS17032026/4118.pdf,
S02,S02,Rajasthan,21,state_ut,states,2023,2435,2435,registered cases (CR),"Total cyber crimes (IT Act + IPC + SLL, NCRB definition)","NCRB 'Crime in India' via MHA reply, Lok Sabha USQ 4118 (17.03.2026)",S02_LS_USQ4118_2026-03-17_Annex_2021-2023.txt,Annexure 'State/UT-wise Cases Registered under Cyber Crimes during 2021-2023'; no printed page no.,https://www.mha.gov.in/MHA1/Par2017/pdfs/par2026-pdfs/LS17032026/4118.pdf,
S02,S02,Sikkim,22,state_ut,states,2021,0,0,registered cases (CR),"Total cyber crimes (IT Act + IPC + SLL, NCRB definition)","NCRB 'Crime in India' via MHA reply, Lok Sabha USQ 4118 (17.03.2026)",S02_LS_USQ4118_2026-03-17_Annex_2021-2023.txt,Annexure 'State/UT-wise Cases Registered under Cyber Crimes during 2021-2023'; no printed page no.,https://www.mha.gov.in/MHA1/Par2017/pdfs/par2026-pdfs/LS17032026/4118.pdf,
S02,S02,Sikkim,22,state_ut,states,2022,26,26,registered cases (CR),"Total cyber crimes (IT Act + IPC + SLL, NCRB definition)","NCRB 'Crime in India' via MHA reply, Lok Sabha USQ 4118 (17.03.2026)",S02_LS_USQ4118_2026-03-17_Annex_2021-2023.txt,Annexure 'State/UT-wise Cases Registered under Cyber Crimes during 2021-2023'; no printed page no.,https://www.mha.gov.in/MHA1/Par2017/pdfs/par2026-pdfs/LS17032026/4118.pdf,
S02,S02,Sikkim,22,state_ut,states,2023,12,12,registered cases (CR),"Total cyber crimes (IT Act + IPC + SLL, NCRB definition)","NCRB 'Crime in India' via MHA reply, Lok Sabha USQ 4118 (17.03.2026)",S02_LS_USQ4118_2026-03-17_Annex_2021-2023.txt,Annexure 'State/UT-wise Cases Registered under Cyber Crimes during 2021-2023'; no printed page no.,https://www.mha.gov.in/MHA1/Par2017/pdfs/par2026-pdfs/LS17032026/4118.pdf,
S02,S02,Tamil Nadu,23,state_ut,states,2021,1076,1076,registered cases (CR),"Total cyber crimes (IT Act + IPC + SLL, NCRB definition)","NCRB 'Crime in India' via MHA reply, Lok Sabha USQ 4118 (17.03.2026)",S02_LS_USQ4118_2026-03-17_Annex_2021-2023.txt,Annexure 'State/UT-wise Cases Registered under Cyber Crimes during 2021-2023'; no printed page no.,https://www.mha.gov.in/MHA1/Par2017/pdfs/par2026-pdfs/LS17032026/4118.pdf,
S02,S02,Tamil Nadu,23,state_ut,states,2022,2082,2082,registered cases (CR),"Total cyber crimes (IT Act + IPC + SLL, NCRB definition)","NCRB 'Crime in India' via MHA reply, Lok Sabha USQ 4118 (17.03.2026)",S02_LS_USQ4118_2026-03-17_Annex_2021-2023.txt,Annexure 'State/UT-wise Cases Registered under Cyber Crimes during 2021-2023'; no printed page no.,https://www.mha.gov.in/MHA1/Par2017/pdfs/par2026-pdfs/LS17032026/4118.pdf,
S02,S02,Tamil Nadu,23,state_ut,states,2023,4121,4121,registered cases (CR),"Total cyber crimes (IT Act + IPC + SLL, NCRB definition)","NCRB 'Crime in India' via MHA reply, Lok Sabha USQ 4118 (17.03.2026)",S02_LS_USQ4118_2026-03-17_Annex_2021-2023.txt,Annexure 'State/UT-wise Cases Registered under Cyber Crimes during 2021-2023'; no printed page no.,https://www.mha.gov.in/MHA1/Par2017/pdfs/par2026-pdfs/LS17032026/4118.pdf,
S02,S02,Telangana,24,state_ut,states,2021,10303,10303,registered cases (CR),"Total cyber crimes (IT Act + IPC + SLL, NCRB definition)","NCRB 'Crime in India' via MHA reply, Lok Sabha USQ 4118 (17.03.2026)",S02_LS_USQ4118_2026-03-17_Annex_2021-2023.txt,Annexure 'State/UT-wise Cases Registered under Cyber Crimes during 2021-2023'; no printed page no.,https://www.mha.gov.in/MHA1/Par2017/pdfs/par2026-pdfs/LS17032026/4118.pdf,
S02,S02,Telangana,24,state_ut,states,2022,15297,15297,registered cases (CR),"Total cyber crimes (IT Act + IPC + SLL, NCRB definition)","NCRB 'Crime in India' via MHA reply, Lok Sabha USQ 4118 (17.03.2026)",S02_LS_USQ4118_2026-03-17_Annex_2021-2023.txt,Annexure 'State/UT-wise Cases Registered under Cyber Crimes during 2021-2023'; no printed page no.,https://www.mha.gov.in/MHA1/Par2017/pdfs/par2026-pdfs/LS17032026/4118.pdf,
S02,S02,Telangana,24,state_ut,states,2023,18236,18236,registered cases (CR),"Total cyber crimes (IT Act + IPC + SLL, NCRB definition)","NCRB 'Crime in India' via MHA reply, Lok Sabha USQ 4118 (17.03.2026)",S02_LS_USQ4118_2026-03-17_Annex_2021-2023.txt,Annexure 'State/UT-wise Cases Registered under Cyber Crimes during 2021-2023'; no printed page no.,https://www.mha.gov.in/MHA1/Par2017/pdfs/par2026-pdfs/LS17032026/4118.pdf,
S02,S02,Tripura,25,state_ut,states,2021,24,24,registered cases (CR),"Total cyber crimes (IT Act + IPC + SLL, NCRB definition)","NCRB 'Crime in India' via MHA reply, Lok Sabha USQ 4118 (17.03.2026)",S02_LS_USQ4118_2026-03-17_Annex_2021-2023.txt,Annexure 'State/UT-wise Cases Registered under Cyber Crimes during 2021-2023'; no printed page no.,https://www.mha.gov.in/MHA1/Par2017/pdfs/par2026-pdfs/LS17032026/4118.pdf,
S02,S02,Tripura,25,state_ut,states,2022,30,30,registered cases (CR),"Total cyber crimes (IT Act + IPC + SLL, NCRB definition)","NCRB 'Crime in India' via MHA reply, Lok Sabha USQ 4118 (17.03.2026)",S02_LS_USQ4118_2026-03-17_Annex_2021-2023.txt,Annexure 'State/UT-wise Cases Registered under Cyber Crimes during 2021-2023'; no printed page no.,https://www.mha.gov.in/MHA1/Par2017/pdfs/par2026-pdfs/LS17032026/4118.pdf,
S02,S02,Tripura,25,state_ut,states,2023,36,36,registered cases (CR),"Total cyber crimes (IT Act + IPC + SLL, NCRB definition)","NCRB 'Crime in India' via MHA reply, Lok Sabha USQ 4118 (17.03.2026)",S02_LS_USQ4118_2026-03-17_Annex_2021-2023.txt,Annexure 'State/UT-wise Cases Registered under Cyber Crimes during 2021-2023'; no printed page no.,https://www.mha.gov.in/MHA1/Par2017/pdfs/par2026-pdfs/LS17032026/4118.pdf,
S02,S02,Uttar Pradesh,26,state_ut,states,2021,8829,8829,registered cases (CR),"Total cyber crimes (IT Act + IPC + SLL, NCRB definition)","NCRB 'Crime in India' via MHA reply, Lok Sabha USQ 4118 (17.03.2026)",S02_LS_USQ4118_2026-03-17_Annex_2021-2023.txt,Annexure 'State/UT-wise Cases Registered under Cyber Crimes during 2021-2023'; no printed page no.,https://www.mha.gov.in/MHA1/Par2017/pdfs/par2026-pdfs/LS17032026/4118.pdf,
S02,S02,Uttar Pradesh,26,state_ut,states,2022,10117,10117,registered cases (CR),"Total cyber crimes (IT Act + IPC + SLL, NCRB definition)","NCRB 'Crime in India' via MHA reply, Lok Sabha USQ 4118 (17.03.2026)",S02_LS_USQ4118_2026-03-17_Annex_2021-2023.txt,Annexure 'State/UT-wise Cases Registered under Cyber Crimes during 2021-2023'; no printed page no.,https://www.mha.gov.in/MHA1/Par2017/pdfs/par2026-pdfs/LS17032026/4118.pdf,
S02,S02,Uttar Pradesh,26,state_ut,states,2023,10794,10794,registered cases (CR),"Total cyber crimes (IT Act + IPC + SLL, NCRB definition)","NCRB 'Crime in India' via MHA reply, Lok Sabha USQ 4118 (17.03.2026)",S02_LS_USQ4118_2026-03-17_Annex_2021-2023.txt,Annexure 'State/UT-wise Cases Registered under Cyber Crimes during 2021-2023'; no printed page no.,https://www.mha.gov.in/MHA1/Par2017/pdfs/par2026-pdfs/LS17032026/4118.pdf,
S02,S02,Uttarakhand,27,state_ut,states,2021,718,718,registered cases (CR),"Total cyber crimes (IT Act + IPC + SLL, NCRB definition)","NCRB 'Crime in India' via MHA reply, Lok Sabha USQ 4118 (17.03.2026)",S02_LS_USQ4118_2026-03-17_Annex_2021-2023.txt,Annexure 'State/UT-wise Cases Registered under Cyber Crimes during 2021-2023'; no printed page no.,https://www.mha.gov.in/MHA1/Par2017/pdfs/par2026-pdfs/LS17032026/4118.pdf,
S02,S02,Uttarakhand,27,state_ut,states,2022,559,559,registered cases (CR),"Total cyber crimes (IT Act + IPC + SLL, NCRB definition)","NCRB 'Crime in India' via MHA reply, Lok Sabha USQ 4118 (17.03.2026)",S02_LS_USQ4118_2026-03-17_Annex_2021-2023.txt,Annexure 'State/UT-wise Cases Registered under Cyber Crimes during 2021-2023'; no printed page no.,https://www.mha.gov.in/MHA1/Par2017/pdfs/par2026-pdfs/LS17032026/4118.pdf,
S02,S02,Uttarakhand,27,state_ut,states,2023,494,494,registered cases (CR),"Total cyber crimes (IT Act + IPC + SLL, NCRB definition)","NCRB 'Crime in India' via MHA reply, Lok Sabha USQ 4118 (17.03.2026)",S02_LS_USQ4118_2026-03-17_Annex_2021-2023.txt,Annexure 'State/UT-wise Cases Registered under Cyber Crimes during 2021-2023'; no printed page no.,https://www.mha.gov.in/MHA1/Par2017/pdfs/par2026-pdfs/LS17032026/4118.pdf,
S02,S02,West Bengal,28,state_ut,states,2021,513,513,registered cases (CR),"Total cyber crimes (IT Act + IPC + SLL, NCRB definition)","NCRB 'Crime in India' via MHA reply, Lok Sabha USQ 4118 (17.03.2026)",S02_LS_USQ4118_2026-03-17_Annex_2021-2023.txt,Annexure 'State/UT-wise Cases Registered under Cyber Crimes during 2021-2023'; no printed page no.,https://www.mha.gov.in/MHA1/Par2017/pdfs/par2026-pdfs/LS17032026/4118.pdf,
S02,S02,West Bengal,28,state_ut,states,2022,401,401,registered cases (CR),"Total cyber crimes (IT Act + IPC + SLL, NCRB definition)","NCRB 'Crime in India' via MHA reply, Lok Sabha USQ 4118 (17.03.2026)",S02_LS_USQ4118_2026-03-17_Annex_2021-2023.txt,Annexure 'State/UT-wise Cases Registered under Cyber Crimes during 2021-2023'; no printed page no.,https://www.mha.gov.in/MHA1/Par2017/pdfs/par2026-pdfs/LS17032026/4118.pdf,
S02,S02,West Bengal,28,state_ut,states,2023,309,309,registered cases (CR),"Total cyber crimes (IT Act + IPC + SLL, NCRB definition)","NCRB 'Crime in India' via MHA reply, Lok Sabha USQ 4118 (17.03.2026)",S02_LS_USQ4118_2026-03-17_Annex_2021-2023.txt,Annexure 'State/UT-wise Cases Registered under Cyber Crimes during 2021-2023'; no printed page no.,https://www.mha.gov.in/MHA1/Par2017/pdfs/par2026-pdfs/LS17032026/4118.pdf,
S02,S02,TOTAL STATE(S),,total_states,states,2021,52430,52430,registered cases (CR),"Total cyber crimes (IT Act + IPC + SLL, NCRB definition)","NCRB 'Crime in India' via MHA reply, Lok Sabha USQ 4118 (17.03.2026)",S02_LS_USQ4118_2026-03-17_Annex_2021-2023.txt,Annexure 'State/UT-wise Cases Registered under Cyber Crimes during 2021-2023'; no printed page no.,https://www.mha.gov.in/MHA1/Par2017/pdfs/par2026-pdfs/LS17032026/4118.pdf,
S02,S02,TOTAL STATE(S),,total_states,states,2022,64907,64907,registered cases (CR),"Total cyber crimes (IT Act + IPC + SLL, NCRB definition)","NCRB 'Crime in India' via MHA reply, Lok Sabha USQ 4118 (17.03.2026)",S02_LS_USQ4118_2026-03-17_Annex_2021-2023.txt,Annexure 'State/UT-wise Cases Registered under Cyber Crimes during 2021-2023'; no printed page no.,https://www.mha.gov.in/MHA1/Par2017/pdfs/par2026-pdfs/LS17032026/4118.pdf,
S02,S02,TOTAL STATE(S),,total_states,states,2023,85603,85603,registered cases (CR),"Total cyber crimes (IT Act + IPC + SLL, NCRB definition)","NCRB 'Crime in India' via MHA reply, Lok Sabha USQ 4118 (17.03.2026)",S02_LS_USQ4118_2026-03-17_Annex_2021-2023.txt,Annexure 'State/UT-wise Cases Registered under Cyber Crimes during 2021-2023'; no printed page no.,https://www.mha.gov.in/MHA1/Par2017/pdfs/par2026-pdfs/LS17032026/4118.pdf,
S02,S02,A&N Islands,29,state_ut,uts,2021,8,8,registered cases (CR),"Total cyber crimes (IT Act + IPC + SLL, NCRB definition)","NCRB 'Crime in India' via MHA reply, Lok Sabha USQ 4118 (17.03.2026)",S02_LS_USQ4118_2026-03-17_Annex_2021-2023.txt,Annexure 'State/UT-wise Cases Registered under Cyber Crimes during 2021-2023'; no printed page no.,https://www.mha.gov.in/MHA1/Par2017/pdfs/par2026-pdfs/LS17032026/4118.pdf,
S02,S02,A&N Islands,29,state_ut,uts,2022,28,28,registered cases (CR),"Total cyber crimes (IT Act + IPC + SLL, NCRB definition)","NCRB 'Crime in India' via MHA reply, Lok Sabha USQ 4118 (17.03.2026)",S02_LS_USQ4118_2026-03-17_Annex_2021-2023.txt,Annexure 'State/UT-wise Cases Registered under Cyber Crimes during 2021-2023'; no printed page no.,https://www.mha.gov.in/MHA1/Par2017/pdfs/par2026-pdfs/LS17032026/4118.pdf,
S02,S02,A&N Islands,29,state_ut,uts,2023,47,47,registered cases (CR),"Total cyber crimes (IT Act + IPC + SLL, NCRB definition)","NCRB 'Crime in India' via MHA reply, Lok Sabha USQ 4118 (17.03.2026)",S02_LS_USQ4118_2026-03-17_Annex_2021-2023.txt,Annexure 'State/UT-wise Cases Registered under Cyber Crimes during 2021-2023'; no printed page no.,https://www.mha.gov.in/MHA1/Par2017/pdfs/par2026-pdfs/LS17032026/4118.pdf,
S02,S02,Chandigarh,30,state_ut,uts,2021,15,15,registered cases (CR),"Total cyber crimes (IT Act + IPC + SLL, NCRB definition)","NCRB 'Crime in India' via MHA reply, Lok Sabha USQ 4118 (17.03.2026)",S02_LS_USQ4118_2026-03-17_Annex_2021-2023.txt,Annexure 'State/UT-wise Cases Registered under Cyber Crimes during 2021-2023'; no printed page no.,https://www.mha.gov.in/MHA1/Par2017/pdfs/par2026-pdfs/LS17032026/4118.pdf,
S02,S02,Chandigarh,30,state_ut,uts,2022,27,27,registered cases (CR),"Total cyber crimes (IT Act + IPC + SLL, NCRB definition)","NCRB 'Crime in India' via MHA reply, Lok Sabha USQ 4118 (17.03.2026)",S02_LS_USQ4118_2026-03-17_Annex_2021-2023.txt,Annexure 'State/UT-wise Cases Registered under Cyber Crimes during 2021-2023'; no printed page no.,https://www.mha.gov.in/MHA1/Par2017/pdfs/par2026-pdfs/LS17032026/4118.pdf,
S02,S02,Chandigarh,30,state_ut,uts,2023,23,23,registered cases (CR),"Total cyber crimes (IT Act + IPC + SLL, NCRB definition)","NCRB 'Crime in India' via MHA reply, Lok Sabha USQ 4118 (17.03.2026)",S02_LS_USQ4118_2026-03-17_Annex_2021-2023.txt,Annexure 'State/UT-wise Cases Registered under Cyber Crimes during 2021-2023'; no printed page no.,https://www.mha.gov.in/MHA1/Par2017/pdfs/par2026-pdfs/LS17032026/4118.pdf,
S02,S02,D&N Haveli and Daman & Diu,31,state_ut,uts,2021,5,5,registered cases (CR),"Total cyber crimes (IT Act + IPC + SLL, NCRB definition)","NCRB 'Crime in India' via MHA reply, Lok Sabha USQ 4118 (17.03.2026)",S02_LS_USQ4118_2026-03-17_Annex_2021-2023.txt,Annexure 'State/UT-wise Cases Registered under Cyber Crimes during 2021-2023'; no printed page no.,https://www.mha.gov.in/MHA1/Par2017/pdfs/par2026-pdfs/LS17032026/4118.pdf,
S02,S02,D&N Haveli and Daman & Diu,31,state_ut,uts,2022,5,5,registered cases (CR),"Total cyber crimes (IT Act + IPC + SLL, NCRB definition)","NCRB 'Crime in India' via MHA reply, Lok Sabha USQ 4118 (17.03.2026)",S02_LS_USQ4118_2026-03-17_Annex_2021-2023.txt,Annexure 'State/UT-wise Cases Registered under Cyber Crimes during 2021-2023'; no printed page no.,https://www.mha.gov.in/MHA1/Par2017/pdfs/par2026-pdfs/LS17032026/4118.pdf,
S02,S02,D&N Haveli and Daman & Diu,31,state_ut,uts,2023,6,6,registered cases (CR),"Total cyber crimes (IT Act + IPC + SLL, NCRB definition)","NCRB 'Crime in India' via MHA reply, Lok Sabha USQ 4118 (17.03.2026)",S02_LS_USQ4118_2026-03-17_Annex_2021-2023.txt,Annexure 'State/UT-wise Cases Registered under Cyber Crimes during 2021-2023'; no printed page no.,https://www.mha.gov.in/MHA1/Par2017/pdfs/par2026-pdfs/LS17032026/4118.pdf,
S02,S02,Delhi,32,state_ut,uts,2021,356,356,registered cases (CR),"Total cyber crimes (IT Act + IPC + SLL, NCRB definition)","NCRB 'Crime in India' via MHA reply, Lok Sabha USQ 4118 (17.03.2026)",S02_LS_USQ4118_2026-03-17_Annex_2021-2023.txt,Annexure 'State/UT-wise Cases Registered under Cyber Crimes during 2021-2023'; no printed page no.,https://www.mha.gov.in/MHA1/Par2017/pdfs/par2026-pdfs/LS17032026/4118.pdf,
S02,S02,Delhi,32,state_ut,uts,2022,685,685,registered cases (CR),"Total cyber crimes (IT Act + IPC + SLL, NCRB definition)","NCRB 'Crime in India' via MHA reply, Lok Sabha USQ 4118 (17.03.2026)",S02_LS_USQ4118_2026-03-17_Annex_2021-2023.txt,Annexure 'State/UT-wise Cases Registered under Cyber Crimes during 2021-2023'; no printed page no.,https://www.mha.gov.in/MHA1/Par2017/pdfs/par2026-pdfs/LS17032026/4118.pdf,
S02,S02,Delhi,32,state_ut,uts,2023,407,407,registered cases (CR),"Total cyber crimes (IT Act + IPC + SLL, NCRB definition)","NCRB 'Crime in India' via MHA reply, Lok Sabha USQ 4118 (17.03.2026)",S02_LS_USQ4118_2026-03-17_Annex_2021-2023.txt,Annexure 'State/UT-wise Cases Registered under Cyber Crimes during 2021-2023'; no printed page no.,https://www.mha.gov.in/MHA1/Par2017/pdfs/par2026-pdfs/LS17032026/4118.pdf,
S02,S02,Jammu & Kashmir,33,state_ut,uts,2021,154,154,registered cases (CR),"Total cyber crimes (IT Act + IPC + SLL, NCRB definition)","NCRB 'Crime in India' via MHA reply, Lok Sabha USQ 4118 (17.03.2026)",S02_LS_USQ4118_2026-03-17_Annex_2021-2023.txt,Annexure 'State/UT-wise Cases Registered under Cyber Crimes during 2021-2023'; no printed page no.,https://www.mha.gov.in/MHA1/Par2017/pdfs/par2026-pdfs/LS17032026/4118.pdf,
S02,S02,Jammu & Kashmir,33,state_ut,uts,2022,173,173,registered cases (CR),"Total cyber crimes (IT Act + IPC + SLL, NCRB definition)","NCRB 'Crime in India' via MHA reply, Lok Sabha USQ 4118 (17.03.2026)",S02_LS_USQ4118_2026-03-17_Annex_2021-2023.txt,Annexure 'State/UT-wise Cases Registered under Cyber Crimes during 2021-2023'; no printed page no.,https://www.mha.gov.in/MHA1/Par2017/pdfs/par2026-pdfs/LS17032026/4118.pdf,
S02,S02,Jammu & Kashmir,33,state_ut,uts,2023,185,185,registered cases (CR),"Total cyber crimes (IT Act + IPC + SLL, NCRB definition)","NCRB 'Crime in India' via MHA reply, Lok Sabha USQ 4118 (17.03.2026)",S02_LS_USQ4118_2026-03-17_Annex_2021-2023.txt,Annexure 'State/UT-wise Cases Registered under Cyber Crimes during 2021-2023'; no printed page no.,https://www.mha.gov.in/MHA1/Par2017/pdfs/par2026-pdfs/LS17032026/4118.pdf,
S02,S02,Ladakh,34,state_ut,uts,2021,5,5,registered cases (CR),"Total cyber crimes (IT Act + IPC + SLL, NCRB definition)","NCRB 'Crime in India' via MHA reply, Lok Sabha USQ 4118 (17.03.2026)",S02_LS_USQ4118_2026-03-17_Annex_2021-2023.txt,Annexure 'State/UT-wise Cases Registered under Cyber Crimes during 2021-2023'; no printed page no.,https://www.mha.gov.in/MHA1/Par2017/pdfs/par2026-pdfs/LS17032026/4118.pdf,
S02,S02,Ladakh,34,state_ut,uts,2022,3,3,registered cases (CR),"Total cyber crimes (IT Act + IPC + SLL, NCRB definition)","NCRB 'Crime in India' via MHA reply, Lok Sabha USQ 4118 (17.03.2026)",S02_LS_USQ4118_2026-03-17_Annex_2021-2023.txt,Annexure 'State/UT-wise Cases Registered under Cyber Crimes during 2021-2023'; no printed page no.,https://www.mha.gov.in/MHA1/Par2017/pdfs/par2026-pdfs/LS17032026/4118.pdf,
S02,S02,Ladakh,34,state_ut,uts,2023,1,1,registered cases (CR),"Total cyber crimes (IT Act + IPC + SLL, NCRB definition)","NCRB 'Crime in India' via MHA reply, Lok Sabha USQ 4118 (17.03.2026)",S02_LS_USQ4118_2026-03-17_Annex_2021-2023.txt,Annexure 'State/UT-wise Cases Registered under Cyber Crimes during 2021-2023'; no printed page no.,https://www.mha.gov.in/MHA1/Par2017/pdfs/par2026-pdfs/LS17032026/4118.pdf,
S02,S02,Lakshadweep,35,state_ut,uts,2021,1,1,registered cases (CR),"Total cyber crimes (IT Act + IPC + SLL, NCRB definition)","NCRB 'Crime in India' via MHA reply, Lok Sabha USQ 4118 (17.03.2026)",S02_LS_USQ4118_2026-03-17_Annex_2021-2023.txt,Annexure 'State/UT-wise Cases Registered under Cyber Crimes during 2021-2023'; no printed page no.,https://www.mha.gov.in/MHA1/Par2017/pdfs/par2026-pdfs/LS17032026/4118.pdf,
S02,S02,Lakshadweep,35,state_ut,uts,2022,1,1,registered cases (CR),"Total cyber crimes (IT Act + IPC + SLL, NCRB definition)","NCRB 'Crime in India' via MHA reply, Lok Sabha USQ 4118 (17.03.2026)",S02_LS_USQ4118_2026-03-17_Annex_2021-2023.txt,Annexure 'State/UT-wise Cases Registered under Cyber Crimes during 2021-2023'; no printed page no.,https://www.mha.gov.in/MHA1/Par2017/pdfs/par2026-pdfs/LS17032026/4118.pdf,
S02,S02,Lakshadweep,35,state_ut,uts,2023,1,1,registered cases (CR),"Total cyber crimes (IT Act + IPC + SLL, NCRB definition)","NCRB 'Crime in India' via MHA reply, Lok Sabha USQ 4118 (17.03.2026)",S02_LS_USQ4118_2026-03-17_Annex_2021-2023.txt,Annexure 'State/UT-wise Cases Registered under Cyber Crimes during 2021-2023'; no printed page no.,https://www.mha.gov.in/MHA1/Par2017/pdfs/par2026-pdfs/LS17032026/4118.pdf,
S02,S02,Puducherry,36,state_ut,uts,2021,0,0,registered cases (CR),"Total cyber crimes (IT Act + IPC + SLL, NCRB definition)","NCRB 'Crime in India' via MHA reply, Lok Sabha USQ 4118 (17.03.2026)",S02_LS_USQ4118_2026-03-17_Annex_2021-2023.txt,Annexure 'State/UT-wise Cases Registered under Cyber Crimes during 2021-2023'; no printed page no.,https://www.mha.gov.in/MHA1/Par2017/pdfs/par2026-pdfs/LS17032026/4118.pdf,
S02,S02,Puducherry,36,state_ut,uts,2022,64,64,registered cases (CR),"Total cyber crimes (IT Act + IPC + SLL, NCRB definition)","NCRB 'Crime in India' via MHA reply, Lok Sabha USQ 4118 (17.03.2026)",S02_LS_USQ4118_2026-03-17_Annex_2021-2023.txt,Annexure 'State/UT-wise Cases Registered under Cyber Crimes during 2021-2023'; no printed page no.,https://www.mha.gov.in/MHA1/Par2017/pdfs/par2026-pdfs/LS17032026/4118.pdf,
S02,S02,Puducherry,36,state_ut,uts,2023,147,147,registered cases (CR),"Total cyber crimes (IT Act + IPC + SLL, NCRB definition)","NCRB 'Crime in India' via MHA reply, Lok Sabha USQ 4118 (17.03.2026)",S02_LS_USQ4118_2026-03-17_Annex_2021-2023.txt,Annexure 'State/UT-wise Cases Registered under Cyber Crimes during 2021-2023'; no printed page no.,https://www.mha.gov.in/MHA1/Par2017/pdfs/par2026-pdfs/LS17032026/4118.pdf,
S02,S02,TOTAL UT(S),,total_uts,uts,2021,544,544,registered cases (CR),"Total cyber crimes (IT Act + IPC + SLL, NCRB definition)","NCRB 'Crime in India' via MHA reply, Lok Sabha USQ 4118 (17.03.2026)",S02_LS_USQ4118_2026-03-17_Annex_2021-2023.txt,Annexure 'State/UT-wise Cases Registered under Cyber Crimes during 2021-2023'; no printed page no.,https://www.mha.gov.in/MHA1/Par2017/pdfs/par2026-pdfs/LS17032026/4118.pdf,
S02,S02,TOTAL UT(S),,total_uts,uts,2022,986,986,registered cases (CR),"Total cyber crimes (IT Act + IPC + SLL, NCRB definition)","NCRB 'Crime in India' via MHA reply, Lok Sabha USQ 4118 (17.03.2026)",S02_LS_USQ4118_2026-03-17_Annex_2021-2023.txt,Annexure 'State/UT-wise Cases Registered under Cyber Crimes during 2021-2023'; no printed page no.,https://www.mha.gov.in/MHA1/Par2017/pdfs/par2026-pdfs/LS17032026/4118.pdf,
S02,S02,TOTAL UT(S),,total_uts,uts,2023,817,817,registered cases (CR),"Total cyber crimes (IT Act + IPC + SLL, NCRB definition)","NCRB 'Crime in India' via MHA reply, Lok Sabha USQ 4118 (17.03.2026)",S02_LS_USQ4118_2026-03-17_Annex_2021-2023.txt,Annexure 'State/UT-wise Cases Registered under Cyber Crimes during 2021-2023'; no printed page no.,https://www.mha.gov.in/MHA1/Par2017/pdfs/par2026-pdfs/LS17032026/4118.pdf,
S02,S02,TOTAL (ALL INDIA),,total_all_india,all_india,2021,52974,52974,registered cases (CR),"Total cyber crimes (IT Act + IPC + SLL, NCRB definition)","NCRB 'Crime in India' via MHA reply, Lok Sabha USQ 4118 (17.03.2026)",S02_LS_USQ4118_2026-03-17_Annex_2021-2023.txt,Annexure 'State/UT-wise Cases Registered under Cyber Crimes during 2021-2023'; no printed page no.,https://www.mha.gov.in/MHA1/Par2017/pdfs/par2026-pdfs/LS17032026/4118.pdf,
S02,S02,TOTAL (ALL INDIA),,total_all_india,all_india,2022,65893,65893,registered cases (CR),"Total cyber crimes (IT Act + IPC + SLL, NCRB definition)","NCRB 'Crime in India' via MHA reply, Lok Sabha USQ 4118 (17.03.2026)",S02_LS_USQ4118_2026-03-17_Annex_2021-2023.txt,Annexure 'State/UT-wise Cases Registered under Cyber Crimes during 2021-2023'; no printed page no.,https://www.mha.gov.in/MHA1/Par2017/pdfs/par2026-pdfs/LS17032026/4118.pdf,
S02,S02,TOTAL (ALL INDIA),,total_all_india,all_india,2023,86420,86420,registered cases (CR),"Total cyber crimes (IT Act + IPC + SLL, NCRB definition)","NCRB 'Crime in India' via MHA reply, Lok Sabha USQ 4118 (17.03.2026)",S02_LS_USQ4118_2026-03-17_Annex_2021-2023.txt,Annexure 'State/UT-wise Cases Registered under Cyber Crimes during 2021-2023'; no printed page no.,https://www.mha.gov.in/MHA1/Par2017/pdfs/par2026-pdfs/LS17032026/4118.pdf,
S03,S03,Andhra Pradesh,1,state_ut,states,2021,1875,1875,registered cases (CR),"Total cyber crimes (IT Act + IPC + SLL, NCRB definition)","NCRB 'Crime in India' via MHA reply, Rajya Sabha USQ 1998 (17.12.2025)",S03_RS_USQ1998_2025-12-17_Annex_2021-2023.txt,Annexure 'State/UT-wise Cases Registered under Cyber Crimes during 2021-2023'; no printed page no.,https://www.mha.gov.in/MHA1/Par2017/pdfs/par2025-pdfs/RS17122025/1998.pdf,
S03,S03,Andhra Pradesh,1,state_ut,states,2022,2341,2341,registered cases (CR),"Total cyber crimes (IT Act + IPC + SLL, NCRB definition)","NCRB 'Crime in India' via MHA reply, Rajya Sabha USQ 1998 (17.12.2025)",S03_RS_USQ1998_2025-12-17_Annex_2021-2023.txt,Annexure 'State/UT-wise Cases Registered under Cyber Crimes during 2021-2023'; no printed page no.,https://www.mha.gov.in/MHA1/Par2017/pdfs/par2025-pdfs/RS17122025/1998.pdf,
S03,S03,Andhra Pradesh,1,state_ut,states,2023,2341,2341,registered cases (CR),"Total cyber crimes (IT Act + IPC + SLL, NCRB definition)","NCRB 'Crime in India' via MHA reply, Rajya Sabha USQ 1998 (17.12.2025)",S03_RS_USQ1998_2025-12-17_Annex_2021-2023.txt,Annexure 'State/UT-wise Cases Registered under Cyber Crimes during 2021-2023'; no printed page no.,https://www.mha.gov.in/MHA1/Par2017/pdfs/par2025-pdfs/RS17122025/1998.pdf,Value 2341 identical to 2022 - verify against Crime in India 2023.
S03,S03,Arunachal Pradesh,2,state_ut,states,2021,47,47,registered cases (CR),"Total cyber crimes (IT Act + IPC + SLL, NCRB definition)","NCRB 'Crime in India' via MHA reply, Rajya Sabha USQ 1998 (17.12.2025)",S03_RS_USQ1998_2025-12-17_Annex_2021-2023.txt,Annexure 'State/UT-wise Cases Registered under Cyber Crimes during 2021-2023'; no printed page no.,https://www.mha.gov.in/MHA1/Par2017/pdfs/par2025-pdfs/RS17122025/1998.pdf,
S03,S03,Arunachal Pradesh,2,state_ut,states,2022,14,14,registered cases (CR),"Total cyber crimes (IT Act + IPC + SLL, NCRB definition)","NCRB 'Crime in India' via MHA reply, Rajya Sabha USQ 1998 (17.12.2025)",S03_RS_USQ1998_2025-12-17_Annex_2021-2023.txt,Annexure 'State/UT-wise Cases Registered under Cyber Crimes during 2021-2023'; no printed page no.,https://www.mha.gov.in/MHA1/Par2017/pdfs/par2025-pdfs/RS17122025/1998.pdf,
S03,S03,Arunachal Pradesh,2,state_ut,states,2023,24,24,registered cases (CR),"Total cyber crimes (IT Act + IPC + SLL, NCRB definition)","NCRB 'Crime in India' via MHA reply, Rajya Sabha USQ 1998 (17.12.2025)",S03_RS_USQ1998_2025-12-17_Annex_2021-2023.txt,Annexure 'State/UT-wise Cases Registered under Cyber Crimes during 2021-2023'; no printed page no.,https://www.mha.gov.in/MHA1/Par2017/pdfs/par2025-pdfs/RS17122025/1998.pdf,
S03,S03,Assam,3,state_ut,states,2021,4846,4846,registered cases (CR),"Total cyber crimes (IT Act + IPC + SLL, NCRB definition)","NCRB 'Crime in India' via MHA reply, Rajya Sabha USQ 1998 (17.12.2025)",S03_RS_USQ1998_2025-12-17_Annex_2021-2023.txt,Annexure 'State/UT-wise Cases Registered under Cyber Crimes during 2021-2023'; no printed page no.,https://www.mha.gov.in/MHA1/Par2017/pdfs/par2025-pdfs/RS17122025/1998.pdf,
S03,S03,Assam,3,state_ut,states,2022,1733,1733,registered cases (CR),"Total cyber crimes (IT Act + IPC + SLL, NCRB definition)","NCRB 'Crime in India' via MHA reply, Rajya Sabha USQ 1998 (17.12.2025)",S03_RS_USQ1998_2025-12-17_Annex_2021-2023.txt,Annexure 'State/UT-wise Cases Registered under Cyber Crimes during 2021-2023'; no printed page no.,https://www.mha.gov.in/MHA1/Par2017/pdfs/par2025-pdfs/RS17122025/1998.pdf,
S03,S03,Assam,3,state_ut,states,2023,909,909,registered cases (CR),"Total cyber crimes (IT Act + IPC + SLL, NCRB definition)","NCRB 'Crime in India' via MHA reply, Rajya Sabha USQ 1998 (17.12.2025)",S03_RS_USQ1998_2025-12-17_Annex_2021-2023.txt,Annexure 'State/UT-wise Cases Registered under Cyber Crimes during 2021-2023'; no printed page no.,https://www.mha.gov.in/MHA1/Par2017/pdfs/par2025-pdfs/RS17122025/1998.pdf,
S03,S03,Bihar,4,state_ut,states,2021,1413,1413,registered cases (CR),"Total cyber crimes (IT Act + IPC + SLL, NCRB definition)","NCRB 'Crime in India' via MHA reply, Rajya Sabha USQ 1998 (17.12.2025)",S03_RS_USQ1998_2025-12-17_Annex_2021-2023.txt,Annexure 'State/UT-wise Cases Registered under Cyber Crimes during 2021-2023'; no printed page no.,https://www.mha.gov.in/MHA1/Par2017/pdfs/par2025-pdfs/RS17122025/1998.pdf,
S03,S03,Bihar,4,state_ut,states,2022,1621,1621,registered cases (CR),"Total cyber crimes (IT Act + IPC + SLL, NCRB definition)","NCRB 'Crime in India' via MHA reply, Rajya Sabha USQ 1998 (17.12.2025)",S03_RS_USQ1998_2025-12-17_Annex_2021-2023.txt,Annexure 'State/UT-wise Cases Registered under Cyber Crimes during 2021-2023'; no printed page no.,https://www.mha.gov.in/MHA1/Par2017/pdfs/par2025-pdfs/RS17122025/1998.pdf,
S03,S03,Bihar,4,state_ut,states,2023,4450,4450,registered cases (CR),"Total cyber crimes (IT Act + IPC + SLL, NCRB definition)","NCRB 'Crime in India' via MHA reply, Rajya Sabha USQ 1998 (17.12.2025)",S03_RS_USQ1998_2025-12-17_Annex_2021-2023.txt,Annexure 'State/UT-wise Cases Registered under Cyber Crimes during 2021-2023'; no printed page no.,https://www.mha.gov.in/MHA1/Par2017/pdfs/par2025-pdfs/RS17122025/1998.pdf,
S03,S03,Chhattisgarh,5,state_ut,states,2021,352,352,registered cases (CR),"Total cyber crimes (IT Act + IPC + SLL, NCRB definition)","NCRB 'Crime in India' via MHA reply, Rajya Sabha USQ 1998 (17.12.2025)",S03_RS_USQ1998_2025-12-17_Annex_2021-2023.txt,Annexure 'State/UT-wise Cases Registered under Cyber Crimes during 2021-2023'; no printed page no.,https://www.mha.gov.in/MHA1/Par2017/pdfs/par2025-pdfs/RS17122025/1998.pdf,
S03,S03,Chhattisgarh,5,state_ut,states,2022,439,439,registered cases (CR),"Total cyber crimes (IT Act + IPC + SLL, NCRB definition)","NCRB 'Crime in India' via MHA reply, Rajya Sabha USQ 1998 (17.12.2025)",S03_RS_USQ1998_2025-12-17_Annex_2021-2023.txt,Annexure 'State/UT-wise Cases Registered under Cyber Crimes during 2021-2023'; no printed page no.,https://www.mha.gov.in/MHA1/Par2017/pdfs/par2025-pdfs/RS17122025/1998.pdf,
S03,S03,Chhattisgarh,5,state_ut,states,2023,473,473,registered cases (CR),"Total cyber crimes (IT Act + IPC + SLL, NCRB definition)","NCRB 'Crime in India' via MHA reply, Rajya Sabha USQ 1998 (17.12.2025)",S03_RS_USQ1998_2025-12-17_Annex_2021-2023.txt,Annexure 'State/UT-wise Cases Registered under Cyber Crimes during 2021-2023'; no printed page no.,https://www.mha.gov.in/MHA1/Par2017/pdfs/par2025-pdfs/RS17122025/1998.pdf,
S03,S03,Goa,6,state_ut,states,2021,36,36,registered cases (CR),"Total cyber crimes (IT Act + IPC + SLL, NCRB definition)","NCRB 'Crime in India' via MHA reply, Rajya Sabha USQ 1998 (17.12.2025)",S03_RS_USQ1998_2025-12-17_Annex_2021-2023.txt,Annexure 'State/UT-wise Cases Registered under Cyber Crimes during 2021-2023'; no printed page no.,https://www.mha.gov.in/MHA1/Par2017/pdfs/par2025-pdfs/RS17122025/1998.pdf,
S03,S03,Goa,6,state_ut,states,2022,90,90,registered cases (CR),"Total cyber crimes (IT Act + IPC + SLL, NCRB definition)","NCRB 'Crime in India' via MHA reply, Rajya Sabha USQ 1998 (17.12.2025)",S03_RS_USQ1998_2025-12-17_Annex_2021-2023.txt,Annexure 'State/UT-wise Cases Registered under Cyber Crimes during 2021-2023'; no printed page no.,https://www.mha.gov.in/MHA1/Par2017/pdfs/par2025-pdfs/RS17122025/1998.pdf,
S03,S03,Goa,6,state_ut,states,2023,86,86,registered cases (CR),"Total cyber crimes (IT Act + IPC + SLL, NCRB definition)","NCRB 'Crime in India' via MHA reply, Rajya Sabha USQ 1998 (17.12.2025)",S03_RS_USQ1998_2025-12-17_Annex_2021-2023.txt,Annexure 'State/UT-wise Cases Registered under Cyber Crimes during 2021-2023'; no printed page no.,https://www.mha.gov.in/MHA1/Par2017/pdfs/par2025-pdfs/RS17122025/1998.pdf,
S03,S03,Gujarat,7,state_ut,states,2021,1536,1536,registered cases (CR),"Total cyber crimes (IT Act + IPC + SLL, NCRB definition)","NCRB 'Crime in India' via MHA reply, Rajya Sabha USQ 1998 (17.12.2025)",S03_RS_USQ1998_2025-12-17_Annex_2021-2023.txt,Annexure 'State/UT-wise Cases Registered under Cyber Crimes during 2021-2023'; no printed page no.,https://www.mha.gov.in/MHA1/Par2017/pdfs/par2025-pdfs/RS17122025/1998.pdf,
S03,S03,Gujarat,7,state_ut,states,2022,1417,1417,registered cases (CR),"Total cyber crimes (IT Act + IPC + SLL, NCRB definition)","NCRB 'Crime in India' via MHA reply, Rajya Sabha USQ 1998 (17.12.2025)",S03_RS_USQ1998_2025-12-17_Annex_2021-2023.txt,Annexure 'State/UT-wise Cases Registered under Cyber Crimes during 2021-2023'; no printed page no.,https://www.mha.gov.in/MHA1/Par2017/pdfs/par2025-pdfs/RS17122025/1998.pdf,
S03,S03,Gujarat,7,state_ut,states,2023,1995,1995,registered cases (CR),"Total cyber crimes (IT Act + IPC + SLL, NCRB definition)","NCRB 'Crime in India' via MHA reply, Rajya Sabha USQ 1998 (17.12.2025)",S03_RS_USQ1998_2025-12-17_Annex_2021-2023.txt,Annexure 'State/UT-wise Cases Registered under Cyber Crimes during 2021-2023'; no printed page no.,https://www.mha.gov.in/MHA1/Par2017/pdfs/par2025-pdfs/RS17122025/1998.pdf,
S03,S03,Haryana,8,state_ut,states,2021,622,622,registered cases (CR),"Total cyber crimes (IT Act + IPC + SLL, NCRB definition)","NCRB 'Crime in India' via MHA reply, Rajya Sabha USQ 1998 (17.12.2025)",S03_RS_USQ1998_2025-12-17_Annex_2021-2023.txt,Annexure 'State/UT-wise Cases Registered under Cyber Crimes during 2021-2023'; no printed page no.,https://www.mha.gov.in/MHA1/Par2017/pdfs/par2025-pdfs/RS17122025/1998.pdf,
S03,S03,Haryana,8,state_ut,states,2022,681,681,registered cases (CR),"Total cyber crimes (IT Act + IPC + SLL, NCRB definition)","NCRB 'Crime in India' via MHA reply, Rajya Sabha USQ 1998 (17.12.2025)",S03_RS_USQ1998_2025-12-17_Annex_2021-2023.txt,Annexure 'State/UT-wise Cases Registered under Cyber Crimes during 2021-2023'; no printed page no.,https://www.mha.gov.in/MHA1/Par2017/pdfs/par2025-pdfs/RS17122025/1998.pdf,
S03,S03,Haryana,8,state_ut,states,2023,751,751,registered cases (CR),"Total cyber crimes (IT Act + IPC + SLL, NCRB definition)","NCRB 'Crime in India' via MHA reply, Rajya Sabha USQ 1998 (17.12.2025)",S03_RS_USQ1998_2025-12-17_Annex_2021-2023.txt,Annexure 'State/UT-wise Cases Registered under Cyber Crimes during 2021-2023'; no printed page no.,https://www.mha.gov.in/MHA1/Par2017/pdfs/par2025-pdfs/RS17122025/1998.pdf,
S03,S03,Himachal Pradesh,9,state_ut,states,2021,70,70,registered cases (CR),"Total cyber crimes (IT Act + IPC + SLL, NCRB definition)","NCRB 'Crime in India' via MHA reply, Rajya Sabha USQ 1998 (17.12.2025)",S03_RS_USQ1998_2025-12-17_Annex_2021-2023.txt,Annexure 'State/UT-wise Cases Registered under Cyber Crimes during 2021-2023'; no printed page no.,https://www.mha.gov.in/MHA1/Par2017/pdfs/par2025-pdfs/RS17122025/1998.pdf,
S03,S03,Himachal Pradesh,9,state_ut,states,2022,77,77,registered cases (CR),"Total cyber crimes (IT Act + IPC + SLL, NCRB definition)","NCRB 'Crime in India' via MHA reply, Rajya Sabha USQ 1998 (17.12.2025)",S03_RS_USQ1998_2025-12-17_Annex_2021-2023.txt,Annexure 'State/UT-wise Cases Registered under Cyber Crimes during 2021-2023'; no printed page no.,https://www.mha.gov.in/MHA1/Par2017/pdfs/par2025-pdfs/RS17122025/1998.pdf,
S03,S03,Himachal Pradesh,9,state_ut,states,2023,127,127,registered cases (CR),"Total cyber crimes (IT Act + IPC + SLL, NCRB definition)","NCRB 'Crime in India' via MHA reply, Rajya Sabha USQ 1998 (17.12.2025)",S03_RS_USQ1998_2025-12-17_Annex_2021-2023.txt,Annexure 'State/UT-wise Cases Registered under Cyber Crimes during 2021-2023'; no printed page no.,https://www.mha.gov.in/MHA1/Par2017/pdfs/par2025-pdfs/RS17122025/1998.pdf,
S03,S03,Jharkhand,10,state_ut,states,2021,953,953,registered cases (CR),"Total cyber crimes (IT Act + IPC + SLL, NCRB definition)","NCRB 'Crime in India' via MHA reply, Rajya Sabha USQ 1998 (17.12.2025)",S03_RS_USQ1998_2025-12-17_Annex_2021-2023.txt,Annexure 'State/UT-wise Cases Registered under Cyber Crimes during 2021-2023'; no printed page no.,https://www.mha.gov.in/MHA1/Par2017/pdfs/par2025-pdfs/RS17122025/1998.pdf,
S03,S03,Jharkhand,10,state_ut,states,2022,967,967,registered cases (CR),"Total cyber crimes (IT Act + IPC + SLL, NCRB definition)","NCRB 'Crime in India' via MHA reply, Rajya Sabha USQ 1998 (17.12.2025)",S03_RS_USQ1998_2025-12-17_Annex_2021-2023.txt,Annexure 'State/UT-wise Cases Registered under Cyber Crimes during 2021-2023'; no printed page no.,https://www.mha.gov.in/MHA1/Par2017/pdfs/par2025-pdfs/RS17122025/1998.pdf,
S03,S03,Jharkhand,10,state_ut,states,2023,1079,1079,registered cases (CR),"Total cyber crimes (IT Act + IPC + SLL, NCRB definition)","NCRB 'Crime in India' via MHA reply, Rajya Sabha USQ 1998 (17.12.2025)",S03_RS_USQ1998_2025-12-17_Annex_2021-2023.txt,Annexure 'State/UT-wise Cases Registered under Cyber Crimes during 2021-2023'; no printed page no.,https://www.mha.gov.in/MHA1/Par2017/pdfs/par2025-pdfs/RS17122025/1998.pdf,
S03,S03,Karnataka,11,state_ut,states,2021,8136,8136,registered cases (CR),"Total cyber crimes (IT Act + IPC + SLL, NCRB definition)","NCRB 'Crime in India' via MHA reply, Rajya Sabha USQ 1998 (17.12.2025)",S03_RS_USQ1998_2025-12-17_Annex_2021-2023.txt,Annexure 'State/UT-wise Cases Registered under Cyber Crimes during 2021-2023'; no printed page no.,https://www.mha.gov.in/MHA1/Par2017/pdfs/par2025-pdfs/RS17122025/1998.pdf,
S03,S03,Karnataka,11,state_ut,states,2022,12556,12556,registered cases (CR),"Total cyber crimes (IT Act + IPC + SLL, NCRB definition)","NCRB 'Crime in India' via MHA reply, Rajya Sabha USQ 1998 (17.12.2025)",S03_RS_USQ1998_2025-12-17_Annex_2021-2023.txt,Annexure 'State/UT-wise Cases Registered under Cyber Crimes during 2021-2023'; no printed page no.,https://www.mha.gov.in/MHA1/Par2017/pdfs/par2025-pdfs/RS17122025/1998.pdf,
S03,S03,Karnataka,11,state_ut,states,2023,21889,21889,registered cases (CR),"Total cyber crimes (IT Act + IPC + SLL, NCRB definition)","NCRB 'Crime in India' via MHA reply, Rajya Sabha USQ 1998 (17.12.2025)",S03_RS_USQ1998_2025-12-17_Annex_2021-2023.txt,Annexure 'State/UT-wise Cases Registered under Cyber Crimes during 2021-2023'; no printed page no.,https://www.mha.gov.in/MHA1/Par2017/pdfs/par2025-pdfs/RS17122025/1998.pdf,
S03,S03,Kerala,12,state_ut,states,2021,626,626,registered cases (CR),"Total cyber crimes (IT Act + IPC + SLL, NCRB definition)","NCRB 'Crime in India' via MHA reply, Rajya Sabha USQ 1998 (17.12.2025)",S03_RS_USQ1998_2025-12-17_Annex_2021-2023.txt,Annexure 'State/UT-wise Cases Registered under Cyber Crimes during 2021-2023'; no printed page no.,https://www.mha.gov.in/MHA1/Par2017/pdfs/par2025-pdfs/RS17122025/1998.pdf,
S03,S03,Kerala,12,state_ut,states,2022,773,773,registered cases (CR),"Total cyber crimes (IT Act + IPC + SLL, NCRB definition)","NCRB 'Crime in India' via MHA reply, Rajya Sabha USQ 1998 (17.12.2025)",S03_RS_USQ1998_2025-12-17_Annex_2021-2023.txt,Annexure 'State/UT-wise Cases Registered under Cyber Crimes during 2021-2023'; no printed page no.,https://www.mha.gov.in/MHA1/Par2017/pdfs/par2025-pdfs/RS17122025/1998.pdf,
S03,S03,Kerala,12,state_ut,states,2023,3295,3295,registered cases (CR),"Total cyber crimes (IT Act + IPC + SLL, NCRB definition)","NCRB 'Crime in India' via MHA reply, Rajya Sabha USQ 1998 (17.12.2025)",S03_RS_USQ1998_2025-12-17_Annex_2021-2023.txt,Annexure 'State/UT-wise Cases Registered under Cyber Crimes during 2021-2023'; no printed page no.,https://www.mha.gov.in/MHA1/Par2017/pdfs/par2025-pdfs/RS17122025/1998.pdf,
S03,S03,Madhya Pradesh,13,state_ut,states,2021,589,589,registered cases (CR),"Total cyber crimes (IT Act + IPC + SLL, NCRB definition)","NCRB 'Crime in India' via MHA reply, Rajya Sabha USQ 1998 (17.12.2025)",S03_RS_USQ1998_2025-12-17_Annex_2021-2023.txt,Annexure 'State/UT-wise Cases Registered under Cyber Crimes during 2021-2023'; no printed page no.,https://www.mha.gov.in/MHA1/Par2017/pdfs/par2025-pdfs/RS17122025/1998.pdf,
S03,S03,Madhya Pradesh,13,state_ut,states,2022,826,826,registered cases (CR),"Total cyber crimes (IT Act + IPC + SLL, NCRB definition)","NCRB 'Crime in India' via MHA reply, Rajya Sabha USQ 1998 (17.12.2025)",S03_RS_USQ1998_2025-12-17_Annex_2021-2023.txt,Annexure 'State/UT-wise Cases Registered under Cyber Crimes during 2021-2023'; no printed page no.,https://www.mha.gov.in/MHA1/Par2017/pdfs/par2025-pdfs/RS17122025/1998.pdf,
S03,S03,Madhya Pradesh,13,state_ut,states,2023,685,685,registered cases (CR),"Total cyber crimes (IT Act + IPC + SLL, NCRB definition)","NCRB 'Crime in India' via MHA reply, Rajya Sabha USQ 1998 (17.12.2025)",S03_RS_USQ1998_2025-12-17_Annex_2021-2023.txt,Annexure 'State/UT-wise Cases Registered under Cyber Crimes during 2021-2023'; no printed page no.,https://www.mha.gov.in/MHA1/Par2017/pdfs/par2025-pdfs/RS17122025/1998.pdf,
S03,S03,Maharashtra,14,state_ut,states,2021,5562,5562,registered cases (CR),"Total cyber crimes (IT Act + IPC + SLL, NCRB definition)","NCRB 'Crime in India' via MHA reply, Rajya Sabha USQ 1998 (17.12.2025)",S03_RS_USQ1998_2025-12-17_Annex_2021-2023.txt,Annexure 'State/UT-wise Cases Registered under Cyber Crimes during 2021-2023'; no printed page no.,https://www.mha.gov.in/MHA1/Par2017/pdfs/par2025-pdfs/RS17122025/1998.pdf,
S03,S03,Maharashtra,14,state_ut,states,2022,8249,8249,registered cases (CR),"Total cyber crimes (IT Act + IPC + SLL, NCRB definition)","NCRB 'Crime in India' via MHA reply, Rajya Sabha USQ 1998 (17.12.2025)",S03_RS_USQ1998_2025-12-17_Annex_2021-2023.txt,Annexure 'State/UT-wise Cases Registered under Cyber Crimes during 2021-2023'; no printed page no.,https://www.mha.gov.in/MHA1/Par2017/pdfs/par2025-pdfs/RS17122025/1998.pdf,
S03,S03,Maharashtra,14,state_ut,states,2023,8103,8103,registered cases (CR),"Total cyber crimes (IT Act + IPC + SLL, NCRB definition)","NCRB 'Crime in India' via MHA reply, Rajya Sabha USQ 1998 (17.12.2025)",S03_RS_USQ1998_2025-12-17_Annex_2021-2023.txt,Annexure 'State/UT-wise Cases Registered under Cyber Crimes during 2021-2023'; no printed page no.,https://www.mha.gov.in/MHA1/Par2017/pdfs/par2025-pdfs/RS17122025/1998.pdf,
S03,S03,Manipur,15,state_ut,states,2021,67,67,registered cases (CR),"Total cyber crimes (IT Act + IPC + SLL, NCRB definition)","NCRB 'Crime in India' via MHA reply, Rajya Sabha USQ 1998 (17.12.2025)",S03_RS_USQ1998_2025-12-17_Annex_2021-2023.txt,Annexure 'State/UT-wise Cases Registered under Cyber Crimes during 2021-2023'; no printed page no.,https://www.mha.gov.in/MHA1/Par2017/pdfs/par2025-pdfs/RS17122025/1998.pdf,
S03,S03,Manipur,15,state_ut,states,2022,18,18,registered cases (CR),"Total cyber crimes (IT Act + IPC + SLL, NCRB definition)","NCRB 'Crime in India' via MHA reply, Rajya Sabha USQ 1998 (17.12.2025)",S03_RS_USQ1998_2025-12-17_Annex_2021-2023.txt,Annexure 'State/UT-wise Cases Registered under Cyber Crimes during 2021-2023'; no printed page no.,https://www.mha.gov.in/MHA1/Par2017/pdfs/par2025-pdfs/RS17122025/1998.pdf,
S03,S03,Manipur,15,state_ut,states,2023,3,3,registered cases (CR),"Total cyber crimes (IT Act + IPC + SLL, NCRB definition)","NCRB 'Crime in India' via MHA reply, Rajya Sabha USQ 1998 (17.12.2025)",S03_RS_USQ1998_2025-12-17_Annex_2021-2023.txt,Annexure 'State/UT-wise Cases Registered under Cyber Crimes during 2021-2023'; no printed page no.,https://www.mha.gov.in/MHA1/Par2017/pdfs/par2025-pdfs/RS17122025/1998.pdf,
S03,S03,Meghalaya,16,state_ut,states,2021,107,107,registered cases (CR),"Total cyber crimes (IT Act + IPC + SLL, NCRB definition)","NCRB 'Crime in India' via MHA reply, Rajya Sabha USQ 1998 (17.12.2025)",S03_RS_USQ1998_2025-12-17_Annex_2021-2023.txt,Annexure 'State/UT-wise Cases Registered under Cyber Crimes during 2021-2023'; no printed page no.,https://www.mha.gov.in/MHA1/Par2017/pdfs/par2025-pdfs/RS17122025/1998.pdf,
S03,S03,Meghalaya,16,state_ut,states,2022,75,75,registered cases (CR),"Total cyber crimes (IT Act + IPC + SLL, NCRB definition)","NCRB 'Crime in India' via MHA reply, Rajya Sabha USQ 1998 (17.12.2025)",S03_RS_USQ1998_2025-12-17_Annex_2021-2023.txt,Annexure 'State/UT-wise Cases Registered under Cyber Crimes during 2021-2023'; no printed page no.,https://www.mha.gov.in/MHA1/Par2017/pdfs/par2025-pdfs/RS17122025/1998.pdf,
S03,S03,Meghalaya,16,state_ut,states,2023,64,64,registered cases (CR),"Total cyber crimes (IT Act + IPC + SLL, NCRB definition)","NCRB 'Crime in India' via MHA reply, Rajya Sabha USQ 1998 (17.12.2025)",S03_RS_USQ1998_2025-12-17_Annex_2021-2023.txt,Annexure 'State/UT-wise Cases Registered under Cyber Crimes during 2021-2023'; no printed page no.,https://www.mha.gov.in/MHA1/Par2017/pdfs/par2025-pdfs/RS17122025/1998.pdf,
S03,S03,Mizoram,17,state_ut,states,2021,30,30,registered cases (CR),"Total cyber crimes (IT Act + IPC + SLL, NCRB definition)","NCRB 'Crime in India' via MHA reply, Rajya Sabha USQ 1998 (17.12.2025)",S03_RS_USQ1998_2025-12-17_Annex_2021-2023.txt,Annexure 'State/UT-wise Cases Registered under Cyber Crimes during 2021-2023'; no printed page no.,https://www.mha.gov.in/MHA1/Par2017/pdfs/par2025-pdfs/RS17122025/1998.pdf,
S03,S03,Mizoram,17,state_ut,states,2022,1,1,registered cases (CR),"Total cyber crimes (IT Act + IPC + SLL, NCRB definition)","NCRB 'Crime in India' via MHA reply, Rajya Sabha USQ 1998 (17.12.2025)",S03_RS_USQ1998_2025-12-17_Annex_2021-2023.txt,Annexure 'State/UT-wise Cases Registered under Cyber Crimes during 2021-2023'; no printed page no.,https://www.mha.gov.in/MHA1/Par2017/pdfs/par2025-pdfs/RS17122025/1998.pdf,
S03,S03,Mizoram,17,state_ut,states,2023,31,31,registered cases (CR),"Total cyber crimes (IT Act + IPC + SLL, NCRB definition)","NCRB 'Crime in India' via MHA reply, Rajya Sabha USQ 1998 (17.12.2025)",S03_RS_USQ1998_2025-12-17_Annex_2021-2023.txt,Annexure 'State/UT-wise Cases Registered under Cyber Crimes during 2021-2023'; no printed page no.,https://www.mha.gov.in/MHA1/Par2017/pdfs/par2025-pdfs/RS17122025/1998.pdf,
S03,S03,Nagaland,18,state_ut,states,2021,8,8,registered cases (CR),"Total cyber crimes (IT Act + IPC + SLL, NCRB definition)","NCRB 'Crime in India' via MHA reply, Rajya Sabha USQ 1998 (17.12.2025)",S03_RS_USQ1998_2025-12-17_Annex_2021-2023.txt,Annexure 'State/UT-wise Cases Registered under Cyber Crimes during 2021-2023'; no printed page no.,https://www.mha.gov.in/MHA1/Par2017/pdfs/par2025-pdfs/RS17122025/1998.pdf,
S03,S03,Nagaland,18,state_ut,states,2022,4,4,registered cases (CR),"Total cyber crimes (IT Act + IPC + SLL, NCRB definition)","NCRB 'Crime in India' via MHA reply, Rajya Sabha USQ 1998 (17.12.2025)",S03_RS_USQ1998_2025-12-17_Annex_2021-2023.txt,Annexure 'State/UT-wise Cases Registered under Cyber Crimes during 2021-2023'; no printed page no.,https://www.mha.gov.in/MHA1/Par2017/pdfs/par2025-pdfs/RS17122025/1998.pdf,
S03,S03,Nagaland,18,state_ut,states,2023,2,2,registered cases (CR),"Total cyber crimes (IT Act + IPC + SLL, NCRB definition)","NCRB 'Crime in India' via MHA reply, Rajya Sabha USQ 1998 (17.12.2025)",S03_RS_USQ1998_2025-12-17_Annex_2021-2023.txt,Annexure 'State/UT-wise Cases Registered under Cyber Crimes during 2021-2023'; no printed page no.,https://www.mha.gov.in/MHA1/Par2017/pdfs/par2025-pdfs/RS17122025/1998.pdf,
S03,S03,Odisha,19,state_ut,states,2021,2037,2037,registered cases (CR),"Total cyber crimes (IT Act + IPC + SLL, NCRB definition)","NCRB 'Crime in India' via MHA reply, Rajya Sabha USQ 1998 (17.12.2025)",S03_RS_USQ1998_2025-12-17_Annex_2021-2023.txt,Annexure 'State/UT-wise Cases Registered under Cyber Crimes during 2021-2023'; no printed page no.,https://www.mha.gov.in/MHA1/Par2017/pdfs/par2025-pdfs/RS17122025/1998.pdf,
S03,S03,Odisha,19,state_ut,states,2022,1983,1983,registered cases (CR),"Total cyber crimes (IT Act + IPC + SLL, NCRB definition)","NCRB 'Crime in India' via MHA reply, Rajya Sabha USQ 1998 (17.12.2025)",S03_RS_USQ1998_2025-12-17_Annex_2021-2023.txt,Annexure 'State/UT-wise Cases Registered under Cyber Crimes during 2021-2023'; no printed page no.,https://www.mha.gov.in/MHA1/Par2017/pdfs/par2025-pdfs/RS17122025/1998.pdf,
S03,S03,Odisha,19,state_ut,states,2023,2348,2348,registered cases (CR),"Total cyber crimes (IT Act + IPC + SLL, NCRB definition)","NCRB 'Crime in India' via MHA reply, Rajya Sabha USQ 1998 (17.12.2025)",S03_RS_USQ1998_2025-12-17_Annex_2021-2023.txt,Annexure 'State/UT-wise Cases Registered under Cyber Crimes during 2021-2023'; no printed page no.,https://www.mha.gov.in/MHA1/Par2017/pdfs/par2025-pdfs/RS17122025/1998.pdf,
S03,S03,Punjab,20,state_ut,states,2021,551,551,registered cases (CR),"Total cyber crimes (IT Act + IPC + SLL, NCRB definition)","NCRB 'Crime in India' via MHA reply, Rajya Sabha USQ 1998 (17.12.2025)",S03_RS_USQ1998_2025-12-17_Annex_2021-2023.txt,Annexure 'State/UT-wise Cases Registered under Cyber Crimes during 2021-2023'; no printed page no.,https://www.mha.gov.in/MHA1/Par2017/pdfs/par2025-pdfs/RS17122025/1998.pdf,
S03,S03,Punjab,20,state_ut,states,2022,697,697,registered cases (CR),"Total cyber crimes (IT Act + IPC + SLL, NCRB definition)","NCRB 'Crime in India' via MHA reply, Rajya Sabha USQ 1998 (17.12.2025)",S03_RS_USQ1998_2025-12-17_Annex_2021-2023.txt,Annexure 'State/UT-wise Cases Registered under Cyber Crimes during 2021-2023'; no printed page no.,https://www.mha.gov.in/MHA1/Par2017/pdfs/par2025-pdfs/RS17122025/1998.pdf,
S03,S03,Punjab,20,state_ut,states,2023,511,511,registered cases (CR),"Total cyber crimes (IT Act + IPC + SLL, NCRB definition)","NCRB 'Crime in India' via MHA reply, Rajya Sabha USQ 1998 (17.12.2025)",S03_RS_USQ1998_2025-12-17_Annex_2021-2023.txt,Annexure 'State/UT-wise Cases Registered under Cyber Crimes during 2021-2023'; no printed page no.,https://www.mha.gov.in/MHA1/Par2017/pdfs/par2025-pdfs/RS17122025/1998.pdf,
S03,S03,Rajasthan,21,state_ut,states,2021,1504,1504,registered cases (CR),"Total cyber crimes (IT Act + IPC + SLL, NCRB definition)","NCRB 'Crime in India' via MHA reply, Rajya Sabha USQ 1998 (17.12.2025)",S03_RS_USQ1998_2025-12-17_Annex_2021-2023.txt,Annexure 'State/UT-wise Cases Registered under Cyber Crimes during 2021-2023'; no printed page no.,https://www.mha.gov.in/MHA1/Par2017/pdfs/par2025-pdfs/RS17122025/1998.pdf,
S03,S03,Rajasthan,21,state_ut,states,2022,1833,1833,registered cases (CR),"Total cyber crimes (IT Act + IPC + SLL, NCRB definition)","NCRB 'Crime in India' via MHA reply, Rajya Sabha USQ 1998 (17.12.2025)",S03_RS_USQ1998_2025-12-17_Annex_2021-2023.txt,Annexure 'State/UT-wise Cases Registered under Cyber Crimes during 2021-2023'; no printed page no.,https://www.mha.gov.in/MHA1/Par2017/pdfs/par2025-pdfs/RS17122025/1998.pdf,
S03,S03,Rajasthan,21,state_ut,states,2023,2435,2435,registered cases (CR),"Total cyber crimes (IT Act + IPC + SLL, NCRB definition)","NCRB 'Crime in India' via MHA reply, Rajya Sabha USQ 1998 (17.12.2025)",S03_RS_USQ1998_2025-12-17_Annex_2021-2023.txt,Annexure 'State/UT-wise Cases Registered under Cyber Crimes during 2021-2023'; no printed page no.,https://www.mha.gov.in/MHA1/Par2017/pdfs/par2025-pdfs/RS17122025/1998.pdf,
S03,S03,Sikkim,22,state_ut,states,2021,0,0,registered cases (CR),"Total cyber crimes (IT Act + IPC + SLL, NCRB definition)","NCRB 'Crime in India' via MHA reply, Rajya Sabha USQ 1998 (17.12.2025)",S03_RS_USQ1998_2025-12-17_Annex_2021-2023.txt,Annexure 'State/UT-wise Cases Registered under Cyber Crimes during 2021-2023'; no printed page no.,https://www.mha.gov.in/MHA1/Par2017/pdfs/par2025-pdfs/RS17122025/1998.pdf,
S03,S03,Sikkim,22,state_ut,states,2022,26,26,registered cases (CR),"Total cyber crimes (IT Act + IPC + SLL, NCRB definition)","NCRB 'Crime in India' via MHA reply, Rajya Sabha USQ 1998 (17.12.2025)",S03_RS_USQ1998_2025-12-17_Annex_2021-2023.txt,Annexure 'State/UT-wise Cases Registered under Cyber Crimes during 2021-2023'; no printed page no.,https://www.mha.gov.in/MHA1/Par2017/pdfs/par2025-pdfs/RS17122025/1998.pdf,
S03,S03,Sikkim,22,state_ut,states,2023,12,12,registered cases (CR),"Total cyber crimes (IT Act + IPC + SLL, NCRB definition)","NCRB 'Crime in India' via MHA reply, Rajya Sabha USQ 1998 (17.12.2025)",S03_RS_USQ1998_2025-12-17_Annex_2021-2023.txt,Annexure 'State/UT-wise Cases Registered under Cyber Crimes during 2021-2023'; no printed page no.,https://www.mha.gov.in/MHA1/Par2017/pdfs/par2025-pdfs/RS17122025/1998.pdf,
S03,S03,Tamil Nadu,23,state_ut,states,2021,1076,1076,registered cases (CR),"Total cyber crimes (IT Act + IPC + SLL, NCRB definition)","NCRB 'Crime in India' via MHA reply, Rajya Sabha USQ 1998 (17.12.2025)",S03_RS_USQ1998_2025-12-17_Annex_2021-2023.txt,Annexure 'State/UT-wise Cases Registered under Cyber Crimes during 2021-2023'; no printed page no.,https://www.mha.gov.in/MHA1/Par2017/pdfs/par2025-pdfs/RS17122025/1998.pdf,
S03,S03,Tamil Nadu,23,state_ut,states,2022,2082,2082,registered cases (CR),"Total cyber crimes (IT Act + IPC + SLL, NCRB definition)","NCRB 'Crime in India' via MHA reply, Rajya Sabha USQ 1998 (17.12.2025)",S03_RS_USQ1998_2025-12-17_Annex_2021-2023.txt,Annexure 'State/UT-wise Cases Registered under Cyber Crimes during 2021-2023'; no printed page no.,https://www.mha.gov.in/MHA1/Par2017/pdfs/par2025-pdfs/RS17122025/1998.pdf,
S03,S03,Tamil Nadu,23,state_ut,states,2023,4121,4121,registered cases (CR),"Total cyber crimes (IT Act + IPC + SLL, NCRB definition)","NCRB 'Crime in India' via MHA reply, Rajya Sabha USQ 1998 (17.12.2025)",S03_RS_USQ1998_2025-12-17_Annex_2021-2023.txt,Annexure 'State/UT-wise Cases Registered under Cyber Crimes during 2021-2023'; no printed page no.,https://www.mha.gov.in/MHA1/Par2017/pdfs/par2025-pdfs/RS17122025/1998.pdf,
S03,S03,Telangana,24,state_ut,states,2021,10303,10303,registered cases (CR),"Total cyber crimes (IT Act + IPC + SLL, NCRB definition)","NCRB 'Crime in India' via MHA reply, Rajya Sabha USQ 1998 (17.12.2025)",S03_RS_USQ1998_2025-12-17_Annex_2021-2023.txt,Annexure 'State/UT-wise Cases Registered under Cyber Crimes during 2021-2023'; no printed page no.,https://www.mha.gov.in/MHA1/Par2017/pdfs/par2025-pdfs/RS17122025/1998.pdf,
S03,S03,Telangana,24,state_ut,states,2022,15297,15297,registered cases (CR),"Total cyber crimes (IT Act + IPC + SLL, NCRB definition)","NCRB 'Crime in India' via MHA reply, Rajya Sabha USQ 1998 (17.12.2025)",S03_RS_USQ1998_2025-12-17_Annex_2021-2023.txt,Annexure 'State/UT-wise Cases Registered under Cyber Crimes during 2021-2023'; no printed page no.,https://www.mha.gov.in/MHA1/Par2017/pdfs/par2025-pdfs/RS17122025/1998.pdf,
S03,S03,Telangana,24,state_ut,states,2023,18236,18236,registered cases (CR),"Total cyber crimes (IT Act + IPC + SLL, NCRB definition)","NCRB 'Crime in India' via MHA reply, Rajya Sabha USQ 1998 (17.12.2025)",S03_RS_USQ1998_2025-12-17_Annex_2021-2023.txt,Annexure 'State/UT-wise Cases Registered under Cyber Crimes during 2021-2023'; no printed page no.,https://www.mha.gov.in/MHA1/Par2017/pdfs/par2025-pdfs/RS17122025/1998.pdf,
S03,S03,Tripura,25,state_ut,states,2021,24,24,registered cases (CR),"Total cyber crimes (IT Act + IPC + SLL, NCRB definition)","NCRB 'Crime in India' via MHA reply, Rajya Sabha USQ 1998 (17.12.2025)",S03_RS_USQ1998_2025-12-17_Annex_2021-2023.txt,Annexure 'State/UT-wise Cases Registered under Cyber Crimes during 2021-2023'; no printed page no.,https://www.mha.gov.in/MHA1/Par2017/pdfs/par2025-pdfs/RS17122025/1998.pdf,
S03,S03,Tripura,25,state_ut,states,2022,30,30,registered cases (CR),"Total cyber crimes (IT Act + IPC + SLL, NCRB definition)","NCRB 'Crime in India' via MHA reply, Rajya Sabha USQ 1998 (17.12.2025)",S03_RS_USQ1998_2025-12-17_Annex_2021-2023.txt,Annexure 'State/UT-wise Cases Registered under Cyber Crimes during 2021-2023'; no printed page no.,https://www.mha.gov.in/MHA1/Par2017/pdfs/par2025-pdfs/RS17122025/1998.pdf,
S03,S03,Tripura,25,state_ut,states,2023,36,36,registered cases (CR),"Total cyber crimes (IT Act + IPC + SLL, NCRB definition)","NCRB 'Crime in India' via MHA reply, Rajya Sabha USQ 1998 (17.12.2025)",S03_RS_USQ1998_2025-12-17_Annex_2021-2023.txt,Annexure 'State/UT-wise Cases Registered under Cyber Crimes during 2021-2023'; no printed page no.,https://www.mha.gov.in/MHA1/Par2017/pdfs/par2025-pdfs/RS17122025/1998.pdf,
S03,S03,Uttar Pradesh,26,state_ut,states,2021,8829,8829,registered cases (CR),"Total cyber crimes (IT Act + IPC + SLL, NCRB definition)","NCRB 'Crime in India' via MHA reply, Rajya Sabha USQ 1998 (17.12.2025)",S03_RS_USQ1998_2025-12-17_Annex_2021-2023.txt,Annexure 'State/UT-wise Cases Registered under Cyber Crimes during 2021-2023'; no printed page no.,https://www.mha.gov.in/MHA1/Par2017/pdfs/par2025-pdfs/RS17122025/1998.pdf,
S03,S03,Uttar Pradesh,26,state_ut,states,2022,10117,10117,registered cases (CR),"Total cyber crimes (IT Act + IPC + SLL, NCRB definition)","NCRB 'Crime in India' via MHA reply, Rajya Sabha USQ 1998 (17.12.2025)",S03_RS_USQ1998_2025-12-17_Annex_2021-2023.txt,Annexure 'State/UT-wise Cases Registered under Cyber Crimes during 2021-2023'; no printed page no.,https://www.mha.gov.in/MHA1/Par2017/pdfs/par2025-pdfs/RS17122025/1998.pdf,
S03,S03,Uttar Pradesh,26,state_ut,states,2023,10794,10794,registered cases (CR),"Total cyber crimes (IT Act + IPC + SLL, NCRB definition)","NCRB 'Crime in India' via MHA reply, Rajya Sabha USQ 1998 (17.12.2025)",S03_RS_USQ1998_2025-12-17_Annex_2021-2023.txt,Annexure 'State/UT-wise Cases Registered under Cyber Crimes during 2021-2023'; no printed page no.,https://www.mha.gov.in/MHA1/Par2017/pdfs/par2025-pdfs/RS17122025/1998.pdf,
S03,S03,Uttarakhand,27,state_ut,states,2021,718,718,registered cases (CR),"Total cyber crimes (IT Act + IPC + SLL, NCRB definition)","NCRB 'Crime in India' via MHA reply, Rajya Sabha USQ 1998 (17.12.2025)",S03_RS_USQ1998_2025-12-17_Annex_2021-2023.txt,Annexure 'State/UT-wise Cases Registered under Cyber Crimes during 2021-2023'; no printed page no.,https://www.mha.gov.in/MHA1/Par2017/pdfs/par2025-pdfs/RS17122025/1998.pdf,
S03,S03,Uttarakhand,27,state_ut,states,2022,559,559,registered cases (CR),"Total cyber crimes (IT Act + IPC + SLL, NCRB definition)","NCRB 'Crime in India' via MHA reply, Rajya Sabha USQ 1998 (17.12.2025)",S03_RS_USQ1998_2025-12-17_Annex_2021-2023.txt,Annexure 'State/UT-wise Cases Registered under Cyber Crimes during 2021-2023'; no printed page no.,https://www.mha.gov.in/MHA1/Par2017/pdfs/par2025-pdfs/RS17122025/1998.pdf,
S03,S03,Uttarakhand,27,state_ut,states,2023,494,494,registered cases (CR),"Total cyber crimes (IT Act + IPC + SLL, NCRB definition)","NCRB 'Crime in India' via MHA reply, Rajya Sabha USQ 1998 (17.12.2025)",S03_RS_USQ1998_2025-12-17_Annex_2021-2023.txt,Annexure 'State/UT-wise Cases Registered under Cyber Crimes during 2021-2023'; no printed page no.,https://www.mha.gov.in/MHA1/Par2017/pdfs/par2025-pdfs/RS17122025/1998.pdf,
S03,S03,West Bengal,28,state_ut,states,2021,513,513,registered cases (CR),"Total cyber crimes (IT Act + IPC + SLL, NCRB definition)","NCRB 'Crime in India' via MHA reply, Rajya Sabha USQ 1998 (17.12.2025)",S03_RS_USQ1998_2025-12-17_Annex_2021-2023.txt,Annexure 'State/UT-wise Cases Registered under Cyber Crimes during 2021-2023'; no printed page no.,https://www.mha.gov.in/MHA1/Par2017/pdfs/par2025-pdfs/RS17122025/1998.pdf,
S03,S03,West Bengal,28,state_ut,states,2022,401,401,registered cases (CR),"Total cyber crimes (IT Act + IPC + SLL, NCRB definition)","NCRB 'Crime in India' via MHA reply, Rajya Sabha USQ 1998 (17.12.2025)",S03_RS_USQ1998_2025-12-17_Annex_2021-2023.txt,Annexure 'State/UT-wise Cases Registered under Cyber Crimes during 2021-2023'; no printed page no.,https://www.mha.gov.in/MHA1/Par2017/pdfs/par2025-pdfs/RS17122025/1998.pdf,
S03,S03,West Bengal,28,state_ut,states,2023,309,309,registered cases (CR),"Total cyber crimes (IT Act + IPC + SLL, NCRB definition)","NCRB 'Crime in India' via MHA reply, Rajya Sabha USQ 1998 (17.12.2025)",S03_RS_USQ1998_2025-12-17_Annex_2021-2023.txt,Annexure 'State/UT-wise Cases Registered under Cyber Crimes during 2021-2023'; no printed page no.,https://www.mha.gov.in/MHA1/Par2017/pdfs/par2025-pdfs/RS17122025/1998.pdf,
S03,S03,TOTAL STATE(S),,total_states,states,2021,52430,52430,registered cases (CR),"Total cyber crimes (IT Act + IPC + SLL, NCRB definition)","NCRB 'Crime in India' via MHA reply, Rajya Sabha USQ 1998 (17.12.2025)",S03_RS_USQ1998_2025-12-17_Annex_2021-2023.txt,Annexure 'State/UT-wise Cases Registered under Cyber Crimes during 2021-2023'; no printed page no.,https://www.mha.gov.in/MHA1/Par2017/pdfs/par2025-pdfs/RS17122025/1998.pdf,
S03,S03,TOTAL STATE(S),,total_states,states,2022,64907,64907,registered cases (CR),"Total cyber crimes (IT Act + IPC + SLL, NCRB definition)","NCRB 'Crime in India' via MHA reply, Rajya Sabha USQ 1998 (17.12.2025)",S03_RS_USQ1998_2025-12-17_Annex_2021-2023.txt,Annexure 'State/UT-wise Cases Registered under Cyber Crimes during 2021-2023'; no printed page no.,https://www.mha.gov.in/MHA1/Par2017/pdfs/par2025-pdfs/RS17122025/1998.pdf,
S03,S03,TOTAL STATE(S),,total_states,states,2023,85603,85603,registered cases (CR),"Total cyber crimes (IT Act + IPC + SLL, NCRB definition)","NCRB 'Crime in India' via MHA reply, Rajya Sabha USQ 1998 (17.12.2025)",S03_RS_USQ1998_2025-12-17_Annex_2021-2023.txt,Annexure 'State/UT-wise Cases Registered under Cyber Crimes during 2021-2023'; no printed page no.,https://www.mha.gov.in/MHA1/Par2017/pdfs/par2025-pdfs/RS17122025/1998.pdf,
S03,S03,A&N Islands,29,state_ut,uts,2021,8,8,registered cases (CR),"Total cyber crimes (IT Act + IPC + SLL, NCRB definition)","NCRB 'Crime in India' via MHA reply, Rajya Sabha USQ 1998 (17.12.2025)",S03_RS_USQ1998_2025-12-17_Annex_2021-2023.txt,Annexure 'State/UT-wise Cases Registered under Cyber Crimes during 2021-2023'; no printed page no.,https://www.mha.gov.in/MHA1/Par2017/pdfs/par2025-pdfs/RS17122025/1998.pdf,
S03,S03,A&N Islands,29,state_ut,uts,2022,28,28,registered cases (CR),"Total cyber crimes (IT Act + IPC + SLL, NCRB definition)","NCRB 'Crime in India' via MHA reply, Rajya Sabha USQ 1998 (17.12.2025)",S03_RS_USQ1998_2025-12-17_Annex_2021-2023.txt,Annexure 'State/UT-wise Cases Registered under Cyber Crimes during 2021-2023'; no printed page no.,https://www.mha.gov.in/MHA1/Par2017/pdfs/par2025-pdfs/RS17122025/1998.pdf,
S03,S03,A&N Islands,29,state_ut,uts,2023,47,47,registered cases (CR),"Total cyber crimes (IT Act + IPC + SLL, NCRB definition)","NCRB 'Crime in India' via MHA reply, Rajya Sabha USQ 1998 (17.12.2025)",S03_RS_USQ1998_2025-12-17_Annex_2021-2023.txt,Annexure 'State/UT-wise Cases Registered under Cyber Crimes during 2021-2023'; no printed page no.,https://www.mha.gov.in/MHA1/Par2017/pdfs/par2025-pdfs/RS17122025/1998.pdf,
S03,S03,Chandigarh,30,state_ut,uts,2021,15,15,registered cases (CR),"Total cyber crimes (IT Act + IPC + SLL, NCRB definition)","NCRB 'Crime in India' via MHA reply, Rajya Sabha USQ 1998 (17.12.2025)",S03_RS_USQ1998_2025-12-17_Annex_2021-2023.txt,Annexure 'State/UT-wise Cases Registered under Cyber Crimes during 2021-2023'; no printed page no.,https://www.mha.gov.in/MHA1/Par2017/pdfs/par2025-pdfs/RS17122025/1998.pdf,
S03,S03,Chandigarh,30,state_ut,uts,2022,27,27,registered cases (CR),"Total cyber crimes (IT Act + IPC + SLL, NCRB definition)","NCRB 'Crime in India' via MHA reply, Rajya Sabha USQ 1998 (17.12.2025)",S03_RS_USQ1998_2025-12-17_Annex_2021-2023.txt,Annexure 'State/UT-wise Cases Registered under Cyber Crimes during 2021-2023'; no printed page no.,https://www.mha.gov.in/MHA1/Par2017/pdfs/par2025-pdfs/RS17122025/1998.pdf,
S03,S03,Chandigarh,30,state_ut,uts,2023,23,23,registered cases (CR),"Total cyber crimes (IT Act + IPC + SLL, NCRB definition)","NCRB 'Crime in India' via MHA reply, Rajya Sabha USQ 1998 (17.12.2025)",S03_RS_USQ1998_2025-12-17_Annex_2021-2023.txt,Annexure 'State/UT-wise Cases Registered under Cyber Crimes during 2021-2023'; no printed page no.,https://www.mha.gov.in/MHA1/Par2017/pdfs/par2025-pdfs/RS17122025/1998.pdf,
S03,S03,D&N Haveli and Daman & Diu,31,state_ut,uts,2021,5,5,registered cases (CR),"Total cyber crimes (IT Act + IPC + SLL, NCRB definition)","NCRB 'Crime in India' via MHA reply, Rajya Sabha USQ 1998 (17.12.2025)",S03_RS_USQ1998_2025-12-17_Annex_2021-2023.txt,Annexure 'State/UT-wise Cases Registered under Cyber Crimes during 2021-2023'; no printed page no.,https://www.mha.gov.in/MHA1/Par2017/pdfs/par2025-pdfs/RS17122025/1998.pdf,
S03,S03,D&N Haveli and Daman & Diu,31,state_ut,uts,2022,5,5,registered cases (CR),"Total cyber crimes (IT Act + IPC + SLL, NCRB definition)","NCRB 'Crime in India' via MHA reply, Rajya Sabha USQ 1998 (17.12.2025)",S03_RS_USQ1998_2025-12-17_Annex_2021-2023.txt,Annexure 'State/UT-wise Cases Registered under Cyber Crimes during 2021-2023'; no printed page no.,https://www.mha.gov.in/MHA1/Par2017/pdfs/par2025-pdfs/RS17122025/1998.pdf,
S03,S03,D&N Haveli and Daman & Diu,31,state_ut,uts,2023,6,6,registered cases (CR),"Total cyber crimes (IT Act + IPC + SLL, NCRB definition)","NCRB 'Crime in India' via MHA reply, Rajya Sabha USQ 1998 (17.12.2025)",S03_RS_USQ1998_2025-12-17_Annex_2021-2023.txt,Annexure 'State/UT-wise Cases Registered under Cyber Crimes during 2021-2023'; no printed page no.,https://www.mha.gov.in/MHA1/Par2017/pdfs/par2025-pdfs/RS17122025/1998.pdf,
S03,S03,Delhi,32,state_ut,uts,2021,356,356,registered cases (CR),"Total cyber crimes (IT Act + IPC + SLL, NCRB definition)","NCRB 'Crime in India' via MHA reply, Rajya Sabha USQ 1998 (17.12.2025)",S03_RS_USQ1998_2025-12-17_Annex_2021-2023.txt,Annexure 'State/UT-wise Cases Registered under Cyber Crimes during 2021-2023'; no printed page no.,https://www.mha.gov.in/MHA1/Par2017/pdfs/par2025-pdfs/RS17122025/1998.pdf,
S03,S03,Delhi,32,state_ut,uts,2022,685,685,registered cases (CR),"Total cyber crimes (IT Act + IPC + SLL, NCRB definition)","NCRB 'Crime in India' via MHA reply, Rajya Sabha USQ 1998 (17.12.2025)",S03_RS_USQ1998_2025-12-17_Annex_2021-2023.txt,Annexure 'State/UT-wise Cases Registered under Cyber Crimes during 2021-2023'; no printed page no.,https://www.mha.gov.in/MHA1/Par2017/pdfs/par2025-pdfs/RS17122025/1998.pdf,
S03,S03,Delhi,32,state_ut,uts,2023,407,407,registered cases (CR),"Total cyber crimes (IT Act + IPC + SLL, NCRB definition)","NCRB 'Crime in India' via MHA reply, Rajya Sabha USQ 1998 (17.12.2025)",S03_RS_USQ1998_2025-12-17_Annex_2021-2023.txt,Annexure 'State/UT-wise Cases Registered under Cyber Crimes during 2021-2023'; no printed page no.,https://www.mha.gov.in/MHA1/Par2017/pdfs/par2025-pdfs/RS17122025/1998.pdf,
S03,S03,Jammu & Kashmir,33,state_ut,uts,2021,154,154,registered cases (CR),"Total cyber crimes (IT Act + IPC + SLL, NCRB definition)","NCRB 'Crime in India' via MHA reply, Rajya Sabha USQ 1998 (17.12.2025)",S03_RS_USQ1998_2025-12-17_Annex_2021-2023.txt,Annexure 'State/UT-wise Cases Registered under Cyber Crimes during 2021-2023'; no printed page no.,https://www.mha.gov.in/MHA1/Par2017/pdfs/par2025-pdfs/RS17122025/1998.pdf,
S03,S03,Jammu & Kashmir,33,state_ut,uts,2022,173,173,registered cases (CR),"Total cyber crimes (IT Act + IPC + SLL, NCRB definition)","NCRB 'Crime in India' via MHA reply, Rajya Sabha USQ 1998 (17.12.2025)",S03_RS_USQ1998_2025-12-17_Annex_2021-2023.txt,Annexure 'State/UT-wise Cases Registered under Cyber Crimes during 2021-2023'; no printed page no.,https://www.mha.gov.in/MHA1/Par2017/pdfs/par2025-pdfs/RS17122025/1998.pdf,
S03,S03,Jammu & Kashmir,33,state_ut,uts,2023,185,185,registered cases (CR),"Total cyber crimes (IT Act + IPC + SLL, NCRB definition)","NCRB 'Crime in India' via MHA reply, Rajya Sabha USQ 1998 (17.12.2025)",S03_RS_USQ1998_2025-12-17_Annex_2021-2023.txt,Annexure 'State/UT-wise Cases Registered under Cyber Crimes during 2021-2023'; no printed page no.,https://www.mha.gov.in/MHA1/Par2017/pdfs/par2025-pdfs/RS17122025/1998.pdf,
S03,S03,Ladakh,34,state_ut,uts,2021,5,5,registered cases (CR),"Total cyber crimes (IT Act + IPC + SLL, NCRB definition)","NCRB 'Crime in India' via MHA reply, Rajya Sabha USQ 1998 (17.12.2025)",S03_RS_USQ1998_2025-12-17_Annex_2021-2023.txt,Annexure 'State/UT-wise Cases Registered under Cyber Crimes during 2021-2023'; no printed page no.,https://www.mha.gov.in/MHA1/Par2017/pdfs/par2025-pdfs/RS17122025/1998.pdf,
S03,S03,Ladakh,34,state_ut,uts,2022,3,3,registered cases (CR),"Total cyber crimes (IT Act + IPC + SLL, NCRB definition)","NCRB 'Crime in India' via MHA reply, Rajya Sabha USQ 1998 (17.12.2025)",S03_RS_USQ1998_2025-12-17_Annex_2021-2023.txt,Annexure 'State/UT-wise Cases Registered under Cyber Crimes during 2021-2023'; no printed page no.,https://www.mha.gov.in/MHA1/Par2017/pdfs/par2025-pdfs/RS17122025/1998.pdf,
S03,S03,Ladakh,34,state_ut,uts,2023,1,1,registered cases (CR),"Total cyber crimes (IT Act + IPC + SLL, NCRB definition)","NCRB 'Crime in India' via MHA reply, Rajya Sabha USQ 1998 (17.12.2025)",S03_RS_USQ1998_2025-12-17_Annex_2021-2023.txt,Annexure 'State/UT-wise Cases Registered under Cyber Crimes during 2021-2023'; no printed page no.,https://www.mha.gov.in/MHA1/Par2017/pdfs/par2025-pdfs/RS17122025/1998.pdf,
S03,S03,Lakshadweep,35,state_ut,uts,2021,1,1,registered cases (CR),"Total cyber crimes (IT Act + IPC + SLL, NCRB definition)","NCRB 'Crime in India' via MHA reply, Rajya Sabha USQ 1998 (17.12.2025)",S03_RS_USQ1998_2025-12-17_Annex_2021-2023.txt,Annexure 'State/UT-wise Cases Registered under Cyber Crimes during 2021-2023'; no printed page no.,https://www.mha.gov.in/MHA1/Par2017/pdfs/par2025-pdfs/RS17122025/1998.pdf,
S03,S03,Lakshadweep,35,state_ut,uts,2022,1,1,registered cases (CR),"Total cyber crimes (IT Act + IPC + SLL, NCRB definition)","NCRB 'Crime in India' via MHA reply, Rajya Sabha USQ 1998 (17.12.2025)",S03_RS_USQ1998_2025-12-17_Annex_2021-2023.txt,Annexure 'State/UT-wise Cases Registered under Cyber Crimes during 2021-2023'; no printed page no.,https://www.mha.gov.in/MHA1/Par2017/pdfs/par2025-pdfs/RS17122025/1998.pdf,
S03,S03,Lakshadweep,35,state_ut,uts,2023,1,1,registered cases (CR),"Total cyber crimes (IT Act + IPC + SLL, NCRB definition)","NCRB 'Crime in India' via MHA reply, Rajya Sabha USQ 1998 (17.12.2025)",S03_RS_USQ1998_2025-12-17_Annex_2021-2023.txt,Annexure 'State/UT-wise Cases Registered under Cyber Crimes during 2021-2023'; no printed page no.,https://www.mha.gov.in/MHA1/Par2017/pdfs/par2025-pdfs/RS17122025/1998.pdf,
S03,S03,Puducherry,36,state_ut,uts,2021,0,0,registered cases (CR),"Total cyber crimes (IT Act + IPC + SLL, NCRB definition)","NCRB 'Crime in India' via MHA reply, Rajya Sabha USQ 1998 (17.12.2025)",S03_RS_USQ1998_2025-12-17_Annex_2021-2023.txt,Annexure 'State/UT-wise Cases Registered under Cyber Crimes during 2021-2023'; no printed page no.,https://www.mha.gov.in/MHA1/Par2017/pdfs/par2025-pdfs/RS17122025/1998.pdf,
S03,S03,Puducherry,36,state_ut,uts,2022,64,64,registered cases (CR),"Total cyber crimes (IT Act + IPC + SLL, NCRB definition)","NCRB 'Crime in India' via MHA reply, Rajya Sabha USQ 1998 (17.12.2025)",S03_RS_USQ1998_2025-12-17_Annex_2021-2023.txt,Annexure 'State/UT-wise Cases Registered under Cyber Crimes during 2021-2023'; no printed page no.,https://www.mha.gov.in/MHA1/Par2017/pdfs/par2025-pdfs/RS17122025/1998.pdf,
S03,S03,Puducherry,36,state_ut,uts,2023,147,147,registered cases (CR),"Total cyber crimes (IT Act + IPC + SLL, NCRB definition)","NCRB 'Crime in India' via MHA reply, Rajya Sabha USQ 1998 (17.12.2025)",S03_RS_USQ1998_2025-12-17_Annex_2021-2023.txt,Annexure 'State/UT-wise Cases Registered under Cyber Crimes during 2021-2023'; no printed page no.,https://www.mha.gov.in/MHA1/Par2017/pdfs/par2025-pdfs/RS17122025/1998.pdf,
S03,S03,TOTAL UT(S),,total_uts,uts,2021,544,544,registered cases (CR),"Total cyber crimes (IT Act + IPC + SLL, NCRB definition)","NCRB 'Crime in India' via MHA reply, Rajya Sabha USQ 1998 (17.12.2025)",S03_RS_USQ1998_2025-12-17_Annex_2021-2023.txt,Annexure 'State/UT-wise Cases Registered under Cyber Crimes during 2021-2023'; no printed page no.,https://www.mha.gov.in/MHA1/Par2017/pdfs/par2025-pdfs/RS17122025/1998.pdf,
S03,S03,TOTAL UT(S),,total_uts,uts,2022,986,986,registered cases (CR),"Total cyber crimes (IT Act + IPC + SLL, NCRB definition)","NCRB 'Crime in India' via MHA reply, Rajya Sabha USQ 1998 (17.12.2025)",S03_RS_USQ1998_2025-12-17_Annex_2021-2023.txt,Annexure 'State/UT-wise Cases Registered under Cyber Crimes during 2021-2023'; no printed page no.,https://www.mha.gov.in/MHA1/Par2017/pdfs/par2025-pdfs/RS17122025/1998.pdf,
S03,S03,TOTAL UT(S),,total_uts,uts,2023,817,817,registered cases (CR),"Total cyber crimes (IT Act + IPC + SLL, NCRB definition)","NCRB 'Crime in India' via MHA reply, Rajya Sabha USQ 1998 (17.12.2025)",S03_RS_USQ1998_2025-12-17_Annex_2021-2023.txt,Annexure 'State/UT-wise Cases Registered under Cyber Crimes during 2021-2023'; no printed page no.,https://www.mha.gov.in/MHA1/Par2017/pdfs/par2025-pdfs/RS17122025/1998.pdf,
S03,S03,TOTAL (ALL INDIA),,total_all_india,all_india,2021,52974,52974,registered cases (CR),"Total cyber crimes (IT Act + IPC + SLL, NCRB definition)","NCRB 'Crime in India' via MHA reply, Rajya Sabha USQ 1998 (17.12.2025)",S03_RS_USQ1998_2025-12-17_Annex_2021-2023.txt,Annexure 'State/UT-wise Cases Registered under Cyber Crimes during 2021-2023'; no printed page no.,https://www.mha.gov.in/MHA1/Par2017/pdfs/par2025-pdfs/RS17122025/1998.pdf,
S03,S03,TOTAL (ALL INDIA),,total_all_india,all_india,2022,65893,65893,registered cases (CR),"Total cyber crimes (IT Act + IPC + SLL, NCRB definition)","NCRB 'Crime in India' via MHA reply, Rajya Sabha USQ 1998 (17.12.2025)",S03_RS_USQ1998_2025-12-17_Annex_2021-2023.txt,Annexure 'State/UT-wise Cases Registered under Cyber Crimes during 2021-2023'; no printed page no.,https://www.mha.gov.in/MHA1/Par2017/pdfs/par2025-pdfs/RS17122025/1998.pdf,
S03,S03,TOTAL (ALL INDIA),,total_all_india,all_india,2023,86420,86420,registered cases (CR),"Total cyber crimes (IT Act + IPC + SLL, NCRB definition)","NCRB 'Crime in India' via MHA reply, Rajya Sabha USQ 1998 (17.12.2025)",S03_RS_USQ1998_2025-12-17_Annex_2021-2023.txt,Annexure 'State/UT-wise Cases Registered under Cyber Crimes during 2021-2023'; no printed page no.,https://www.mha.gov.in/MHA1/Par2017/pdfs/par2025-pdfs/RS17122025/1998.pdf,
S04,S04,Andhra Pradesh,1,state_ut,states,2018,1207,1207,registered cases (CR),"Total cyber crimes (IT Act + IPC + SLL, NCRB definition)","NCRB 'Crime in India' via MHA reply, Rajya Sabha USQ 239 (24.07.2024)",S04_RS_USQ239_2024-07-24_Annex_2018-2022.txt,Annexure 'STATE/UT-WISE CASES REGISTERED UNDER CYBER CRIMES DURING 2018-2022'; no printed page no.,https://www.mha.gov.in/MHA1/Par2017/pdfs/par2024-pdfs/RS24072024/239.pdf,
S04,S04,Andhra Pradesh,1,state_ut,states,2019,1886,1886,registered cases (CR),"Total cyber crimes (IT Act + IPC + SLL, NCRB definition)","NCRB 'Crime in India' via MHA reply, Rajya Sabha USQ 239 (24.07.2024)",S04_RS_USQ239_2024-07-24_Annex_2018-2022.txt,Annexure 'STATE/UT-WISE CASES REGISTERED UNDER CYBER CRIMES DURING 2018-2022'; no printed page no.,https://www.mha.gov.in/MHA1/Par2017/pdfs/par2024-pdfs/RS24072024/239.pdf,
S04,S04,Andhra Pradesh,1,state_ut,states,2020,1899,1899,registered cases (CR),"Total cyber crimes (IT Act + IPC + SLL, NCRB definition)","NCRB 'Crime in India' via MHA reply, Rajya Sabha USQ 239 (24.07.2024)",S04_RS_USQ239_2024-07-24_Annex_2018-2022.txt,Annexure 'STATE/UT-WISE CASES REGISTERED UNDER CYBER CRIMES DURING 2018-2022'; no printed page no.,https://www.mha.gov.in/MHA1/Par2017/pdfs/par2024-pdfs/RS24072024/239.pdf,
S04,S04,Andhra Pradesh,1,state_ut,states,2021,1875,1875,registered cases (CR),"Total cyber crimes (IT Act + IPC + SLL, NCRB definition)","NCRB 'Crime in India' via MHA reply, Rajya Sabha USQ 239 (24.07.2024)",S04_RS_USQ239_2024-07-24_Annex_2018-2022.txt,Annexure 'STATE/UT-WISE CASES REGISTERED UNDER CYBER CRIMES DURING 2018-2022'; no printed page no.,https://www.mha.gov.in/MHA1/Par2017/pdfs/par2024-pdfs/RS24072024/239.pdf,
S04,S04,Andhra Pradesh,1,state_ut,states,2022,2341,2341,registered cases (CR),"Total cyber crimes (IT Act + IPC + SLL, NCRB definition)","NCRB 'Crime in India' via MHA reply, Rajya Sabha USQ 239 (24.07.2024)",S04_RS_USQ239_2024-07-24_Annex_2018-2022.txt,Annexure 'STATE/UT-WISE CASES REGISTERED UNDER CYBER CRIMES DURING 2018-2022'; no printed page no.,https://www.mha.gov.in/MHA1/Par2017/pdfs/par2024-pdfs/RS24072024/239.pdf,
S04,S04,Arunachal Pradesh,2,state_ut,states,2018,7,7,registered cases (CR),"Total cyber crimes (IT Act + IPC + SLL, NCRB definition)","NCRB 'Crime in India' via MHA reply, Rajya Sabha USQ 239 (24.07.2024)",S04_RS_USQ239_2024-07-24_Annex_2018-2022.txt,Annexure 'STATE/UT-WISE CASES REGISTERED UNDER CYBER CRIMES DURING 2018-2022'; no printed page no.,https://www.mha.gov.in/MHA1/Par2017/pdfs/par2024-pdfs/RS24072024/239.pdf,
S04,S04,Arunachal Pradesh,2,state_ut,states,2019,8,8,registered cases (CR),"Total cyber crimes (IT Act + IPC + SLL, NCRB definition)","NCRB 'Crime in India' via MHA reply, Rajya Sabha USQ 239 (24.07.2024)",S04_RS_USQ239_2024-07-24_Annex_2018-2022.txt,Annexure 'STATE/UT-WISE CASES REGISTERED UNDER CYBER CRIMES DURING 2018-2022'; no printed page no.,https://www.mha.gov.in/MHA1/Par2017/pdfs/par2024-pdfs/RS24072024/239.pdf,
S04,S04,Arunachal Pradesh,2,state_ut,states,2020,30,30,registered cases (CR),"Total cyber crimes (IT Act + IPC + SLL, NCRB definition)","NCRB 'Crime in India' via MHA reply, Rajya Sabha USQ 239 (24.07.2024)",S04_RS_USQ239_2024-07-24_Annex_2018-2022.txt,Annexure 'STATE/UT-WISE CASES REGISTERED UNDER CYBER CRIMES DURING 2018-2022'; no printed page no.,https://www.mha.gov.in/MHA1/Par2017/pdfs/par2024-pdfs/RS24072024/239.pdf,
S04,S04,Arunachal Pradesh,2,state_ut,states,2021,47,47,registered cases (CR),"Total cyber crimes (IT Act + IPC + SLL, NCRB definition)","NCRB 'Crime in India' via MHA reply, Rajya Sabha USQ 239 (24.07.2024)",S04_RS_USQ239_2024-07-24_Annex_2018-2022.txt,Annexure 'STATE/UT-WISE CASES REGISTERED UNDER CYBER CRIMES DURING 2018-2022'; no printed page no.,https://www.mha.gov.in/MHA1/Par2017/pdfs/par2024-pdfs/RS24072024/239.pdf,
S04,S04,Arunachal Pradesh,2,state_ut,states,2022,14,14,registered cases (CR),"Total cyber crimes (IT Act + IPC + SLL, NCRB definition)","NCRB 'Crime in India' via MHA reply, Rajya Sabha USQ 239 (24.07.2024)",S04_RS_USQ239_2024-07-24_Annex_2018-2022.txt,Annexure 'STATE/UT-WISE CASES REGISTERED UNDER CYBER CRIMES DURING 2018-2022'; no printed page no.,https://www.mha.gov.in/MHA1/Par2017/pdfs/par2024-pdfs/RS24072024/239.pdf,
S04,S04,Assam,3,state_ut,states,2018,2022,2022,registered cases (CR),"Total cyber crimes (IT Act + IPC + SLL, NCRB definition)","NCRB 'Crime in India' via MHA reply, Rajya Sabha USQ 239 (24.07.2024)",S04_RS_USQ239_2024-07-24_Annex_2018-2022.txt,Annexure 'STATE/UT-WISE CASES REGISTERED UNDER CYBER CRIMES DURING 2018-2022'; no printed page no.,https://www.mha.gov.in/MHA1/Par2017/pdfs/par2024-pdfs/RS24072024/239.pdf,
S04,S04,Assam,3,state_ut,states,2019,2231,2231,registered cases (CR),"Total cyber crimes (IT Act + IPC + SLL, NCRB definition)","NCRB 'Crime in India' via MHA reply, Rajya Sabha USQ 239 (24.07.2024)",S04_RS_USQ239_2024-07-24_Annex_2018-2022.txt,Annexure 'STATE/UT-WISE CASES REGISTERED UNDER CYBER CRIMES DURING 2018-2022'; no printed page no.,https://www.mha.gov.in/MHA1/Par2017/pdfs/par2024-pdfs/RS24072024/239.pdf,
S04,S04,Assam,3,state_ut,states,2020,3530,3530,registered cases (CR),"Total cyber crimes (IT Act + IPC + SLL, NCRB definition)","NCRB 'Crime in India' via MHA reply, Rajya Sabha USQ 239 (24.07.2024)",S04_RS_USQ239_2024-07-24_Annex_2018-2022.txt,Annexure 'STATE/UT-WISE CASES REGISTERED UNDER CYBER CRIMES DURING 2018-2022'; no printed page no.,https://www.mha.gov.in/MHA1/Par2017/pdfs/par2024-pdfs/RS24072024/239.pdf,
S04,S04,Assam,3,state_ut,states,2021,4846,4846,registered cases (CR),"Total cyber crimes (IT Act + IPC + SLL, NCRB definition)","NCRB 'Crime in India' via MHA reply, Rajya Sabha USQ 239 (24.07.2024)",S04_RS_USQ239_2024-07-24_Annex_2018-2022.txt,Annexure 'STATE/UT-WISE CASES REGISTERED UNDER CYBER CRIMES DURING 2018-2022'; no printed page no.,https://www.mha.gov.in/MHA1/Par2017/pdfs/par2024-pdfs/RS24072024/239.pdf,
S04,S04,Assam,3,state_ut,states,2022,1733,1733,registered cases (CR),"Total cyber crimes (IT Act + IPC + SLL, NCRB definition)","NCRB 'Crime in India' via MHA reply, Rajya Sabha USQ 239 (24.07.2024)",S04_RS_USQ239_2024-07-24_Annex_2018-2022.txt,Annexure 'STATE/UT-WISE CASES REGISTERED UNDER CYBER CRIMES DURING 2018-2022'; no printed page no.,https://www.mha.gov.in/MHA1/Par2017/pdfs/par2024-pdfs/RS24072024/239.pdf,
S04,S04,Bihar,4,state_ut,states,2018,374,374,registered cases (CR),"Total cyber crimes (IT Act + IPC + SLL, NCRB definition)","NCRB 'Crime in India' via MHA reply, Rajya Sabha USQ 239 (24.07.2024)",S04_RS_USQ239_2024-07-24_Annex_2018-2022.txt,Annexure 'STATE/UT-WISE CASES REGISTERED UNDER CYBER CRIMES DURING 2018-2022'; no printed page no.,https://www.mha.gov.in/MHA1/Par2017/pdfs/par2024-pdfs/RS24072024/239.pdf,
S04,S04,Bihar,4,state_ut,states,2019,1050,1050,registered cases (CR),"Total cyber crimes (IT Act + IPC + SLL, NCRB definition)","NCRB 'Crime in India' via MHA reply, Rajya Sabha USQ 239 (24.07.2024)",S04_RS_USQ239_2024-07-24_Annex_2018-2022.txt,Annexure 'STATE/UT-WISE CASES REGISTERED UNDER CYBER CRIMES DURING 2018-2022'; no printed page no.,https://www.mha.gov.in/MHA1/Par2017/pdfs/par2024-pdfs/RS24072024/239.pdf,
S04,S04,Bihar,4,state_ut,states,2020,1512,1512,registered cases (CR),"Total cyber crimes (IT Act + IPC + SLL, NCRB definition)","NCRB 'Crime in India' via MHA reply, Rajya Sabha USQ 239 (24.07.2024)",S04_RS_USQ239_2024-07-24_Annex_2018-2022.txt,Annexure 'STATE/UT-WISE CASES REGISTERED UNDER CYBER CRIMES DURING 2018-2022'; no printed page no.,https://www.mha.gov.in/MHA1/Par2017/pdfs/par2024-pdfs/RS24072024/239.pdf,
S04,S04,Bihar,4,state_ut,states,2021,1413,1413,registered cases (CR),"Total cyber crimes (IT Act + IPC + SLL, NCRB definition)","NCRB 'Crime in India' via MHA reply, Rajya Sabha USQ 239 (24.07.2024)",S04_RS_USQ239_2024-07-24_Annex_2018-2022.txt,Annexure 'STATE/UT-WISE CASES REGISTERED UNDER CYBER CRIMES DURING 2018-2022'; no printed page no.,https://www.mha.gov.in/MHA1/Par2017/pdfs/par2024-pdfs/RS24072024/239.pdf,
S04,S04,Bihar,4,state_ut,states,2022,1621,1621,registered cases (CR),"Total cyber crimes (IT Act + IPC + SLL, NCRB definition)","NCRB 'Crime in India' via MHA reply, Rajya Sabha USQ 239 (24.07.2024)",S04_RS_USQ239_2024-07-24_Annex_2018-2022.txt,Annexure 'STATE/UT-WISE CASES REGISTERED UNDER CYBER CRIMES DURING 2018-2022'; no printed page no.,https://www.mha.gov.in/MHA1/Par2017/pdfs/par2024-pdfs/RS24072024/239.pdf,
S04,S04,Chhattisgarh,5,state_ut,states,2018,139,139,registered cases (CR),"Total cyber crimes (IT Act + IPC + SLL, NCRB definition)","NCRB 'Crime in India' via MHA reply, Rajya Sabha USQ 239 (24.07.2024)",S04_RS_USQ239_2024-07-24_Annex_2018-2022.txt,Annexure 'STATE/UT-WISE CASES REGISTERED UNDER CYBER CRIMES DURING 2018-2022'; no printed page no.,https://www.mha.gov.in/MHA1/Par2017/pdfs/par2024-pdfs/RS24072024/239.pdf,
S04,S04,Chhattisgarh,5,state_ut,states,2019,175,175,registered cases (CR),"Total cyber crimes (IT Act + IPC + SLL, NCRB definition)","NCRB 'Crime in India' via MHA reply, Rajya Sabha USQ 239 (24.07.2024)",S04_RS_USQ239_2024-07-24_Annex_2018-2022.txt,Annexure 'STATE/UT-WISE CASES REGISTERED UNDER CYBER CRIMES DURING 2018-2022'; no printed page no.,https://www.mha.gov.in/MHA1/Par2017/pdfs/par2024-pdfs/RS24072024/239.pdf,
S04,S04,Chhattisgarh,5,state_ut,states,2020,297,297,registered cases (CR),"Total cyber crimes (IT Act + IPC + SLL, NCRB definition)","NCRB 'Crime in India' via MHA reply, Rajya Sabha USQ 239 (24.07.2024)",S04_RS_USQ239_2024-07-24_Annex_2018-2022.txt,Annexure 'STATE/UT-WISE CASES REGISTERED UNDER CYBER CRIMES DURING 2018-2022'; no printed page no.,https://www.mha.gov.in/MHA1/Par2017/pdfs/par2024-pdfs/RS24072024/239.pdf,
S04,S04,Chhattisgarh,5,state_ut,states,2021,352,352,registered cases (CR),"Total cyber crimes (IT Act + IPC + SLL, NCRB definition)","NCRB 'Crime in India' via MHA reply, Rajya Sabha USQ 239 (24.07.2024)",S04_RS_USQ239_2024-07-24_Annex_2018-2022.txt,Annexure 'STATE/UT-WISE CASES REGISTERED UNDER CYBER CRIMES DURING 2018-2022'; no printed page no.,https://www.mha.gov.in/MHA1/Par2017/pdfs/par2024-pdfs/RS24072024/239.pdf,
S04,S04,Chhattisgarh,5,state_ut,states,2022,439,439,registered cases (CR),"Total cyber crimes (IT Act + IPC + SLL, NCRB definition)","NCRB 'Crime in India' via MHA reply, Rajya Sabha USQ 239 (24.07.2024)",S04_RS_USQ239_2024-07-24_Annex_2018-2022.txt,Annexure 'STATE/UT-WISE CASES REGISTERED UNDER CYBER CRIMES DURING 2018-2022'; no printed page no.,https://www.mha.gov.in/MHA1/Par2017/pdfs/par2024-pdfs/RS24072024/239.pdf,
S04,S04,Goa,6,state_ut,states,2018,29,29,registered cases (CR),"Total cyber crimes (IT Act + IPC + SLL, NCRB definition)","NCRB 'Crime in India' via MHA reply, Rajya Sabha USQ 239 (24.07.2024)",S04_RS_USQ239_2024-07-24_Annex_2018-2022.txt,Annexure 'STATE/UT-WISE CASES REGISTERED UNDER CYBER CRIMES DURING 2018-2022'; no printed page no.,https://www.mha.gov.in/MHA1/Par2017/pdfs/par2024-pdfs/RS24072024/239.pdf,
S04,S04,Goa,6,state_ut,states,2019,15,15,registered cases (CR),"Total cyber crimes (IT Act + IPC + SLL, NCRB definition)","NCRB 'Crime in India' via MHA reply, Rajya Sabha USQ 239 (24.07.2024)",S04_RS_USQ239_2024-07-24_Annex_2018-2022.txt,Annexure 'STATE/UT-WISE CASES REGISTERED UNDER CYBER CRIMES DURING 2018-2022'; no printed page no.,https://www.mha.gov.in/MHA1/Par2017/pdfs/par2024-pdfs/RS24072024/239.pdf,
S04,S04,Goa,6,state_ut,states,2020,40,40,registered cases (CR),"Total cyber crimes (IT Act + IPC + SLL, NCRB definition)","NCRB 'Crime in India' via MHA reply, Rajya Sabha USQ 239 (24.07.2024)",S04_RS_USQ239_2024-07-24_Annex_2018-2022.txt,Annexure 'STATE/UT-WISE CASES REGISTERED UNDER CYBER CRIMES DURING 2018-2022'; no printed page no.,https://www.mha.gov.in/MHA1/Par2017/pdfs/par2024-pdfs/RS24072024/239.pdf,
S04,S04,Goa,6,state_ut,states,2021,36,36,registered cases (CR),"Total cyber crimes (IT Act + IPC + SLL, NCRB definition)","NCRB 'Crime in India' via MHA reply, Rajya Sabha USQ 239 (24.07.2024)",S04_RS_USQ239_2024-07-24_Annex_2018-2022.txt,Annexure 'STATE/UT-WISE CASES REGISTERED UNDER CYBER CRIMES DURING 2018-2022'; no printed page no.,https://www.mha.gov.in/MHA1/Par2017/pdfs/par2024-pdfs/RS24072024/239.pdf,
S04,S04,Goa,6,state_ut,states,2022,90,90,registered cases (CR),"Total cyber crimes (IT Act + IPC + SLL, NCRB definition)","NCRB 'Crime in India' via MHA reply, Rajya Sabha USQ 239 (24.07.2024)",S04_RS_USQ239_2024-07-24_Annex_2018-2022.txt,Annexure 'STATE/UT-WISE CASES REGISTERED UNDER CYBER CRIMES DURING 2018-2022'; no printed page no.,https://www.mha.gov.in/MHA1/Par2017/pdfs/par2024-pdfs/RS24072024/239.pdf,
S04,S04,Gujarat,7,state_ut,states,2018,702,702,registered cases (CR),"Total cyber crimes (IT Act + IPC + SLL, NCRB definition)","NCRB 'Crime in India' via MHA reply, Rajya Sabha USQ 239 (24.07.2024)",S04_RS_USQ239_2024-07-24_Annex_2018-2022.txt,Annexure 'STATE/UT-WISE CASES REGISTERED UNDER CYBER CRIMES DURING 2018-2022'; no printed page no.,https://www.mha.gov.in/MHA1/Par2017/pdfs/par2024-pdfs/RS24072024/239.pdf,
S04,S04,Gujarat,7,state_ut,states,2019,784,784,registered cases (CR),"Total cyber crimes (IT Act + IPC + SLL, NCRB definition)","NCRB 'Crime in India' via MHA reply, Rajya Sabha USQ 239 (24.07.2024)",S04_RS_USQ239_2024-07-24_Annex_2018-2022.txt,Annexure 'STATE/UT-WISE CASES REGISTERED UNDER CYBER CRIMES DURING 2018-2022'; no printed page no.,https://www.mha.gov.in/MHA1/Par2017/pdfs/par2024-pdfs/RS24072024/239.pdf,
S04,S04,Gujarat,7,state_ut,states,2020,1283,1283,registered cases (CR),"Total cyber crimes (IT Act + IPC + SLL, NCRB definition)","NCRB 'Crime in India' via MHA reply, Rajya Sabha USQ 239 (24.07.2024)",S04_RS_USQ239_2024-07-24_Annex_2018-2022.txt,Annexure 'STATE/UT-WISE CASES REGISTERED UNDER CYBER CRIMES DURING 2018-2022'; no printed page no.,https://www.mha.gov.in/MHA1/Par2017/pdfs/par2024-pdfs/RS24072024/239.pdf,
S04,S04,Gujarat,7,state_ut,states,2021,1536,1536,registered cases (CR),"Total cyber crimes (IT Act + IPC + SLL, NCRB definition)","NCRB 'Crime in India' via MHA reply, Rajya Sabha USQ 239 (24.07.2024)",S04_RS_USQ239_2024-07-24_Annex_2018-2022.txt,Annexure 'STATE/UT-WISE CASES REGISTERED UNDER CYBER CRIMES DURING 2018-2022'; no printed page no.,https://www.mha.gov.in/MHA1/Par2017/pdfs/par2024-pdfs/RS24072024/239.pdf,
S04,S04,Gujarat,7,state_ut,states,2022,1417,1417,registered cases (CR),"Total cyber crimes (IT Act + IPC + SLL, NCRB definition)","NCRB 'Crime in India' via MHA reply, Rajya Sabha USQ 239 (24.07.2024)",S04_RS_USQ239_2024-07-24_Annex_2018-2022.txt,Annexure 'STATE/UT-WISE CASES REGISTERED UNDER CYBER CRIMES DURING 2018-2022'; no printed page no.,https://www.mha.gov.in/MHA1/Par2017/pdfs/par2024-pdfs/RS24072024/239.pdf,
S04,S04,Haryana,8,state_ut,states,2018,418,418,registered cases (CR),"Total cyber crimes (IT Act + IPC + SLL, NCRB definition)","NCRB 'Crime in India' via MHA reply, Rajya Sabha USQ 239 (24.07.2024)",S04_RS_USQ239_2024-07-24_Annex_2018-2022.txt,Annexure 'STATE/UT-WISE CASES REGISTERED UNDER CYBER CRIMES DURING 2018-2022'; no printed page no.,https://www.mha.gov.in/MHA1/Par2017/pdfs/par2024-pdfs/RS24072024/239.pdf,
S04,S04,Haryana,8,state_ut,states,2019,564,564,registered cases (CR),"Total cyber crimes (IT Act + IPC + SLL, NCRB definition)","NCRB 'Crime in India' via MHA reply, Rajya Sabha USQ 239 (24.07.2024)",S04_RS_USQ239_2024-07-24_Annex_2018-2022.txt,Annexure 'STATE/UT-WISE CASES REGISTERED UNDER CYBER CRIMES DURING 2018-2022'; no printed page no.,https://www.mha.gov.in/MHA1/Par2017/pdfs/par2024-pdfs/RS24072024/239.pdf,
S04,S04,Haryana,8,state_ut,states,2020,656,656,registered cases (CR),"Total cyber crimes (IT Act + IPC + SLL, NCRB definition)","NCRB 'Crime in India' via MHA reply, Rajya Sabha USQ 239 (24.07.2024)",S04_RS_USQ239_2024-07-24_Annex_2018-2022.txt,Annexure 'STATE/UT-WISE CASES REGISTERED UNDER CYBER CRIMES DURING 2018-2022'; no printed page no.,https://www.mha.gov.in/MHA1/Par2017/pdfs/par2024-pdfs/RS24072024/239.pdf,
S04,S04,Haryana,8,state_ut,states,2021,622,622,registered cases (CR),"Total cyber crimes (IT Act + IPC + SLL, NCRB definition)","NCRB 'Crime in India' via MHA reply, Rajya Sabha USQ 239 (24.07.2024)",S04_RS_USQ239_2024-07-24_Annex_2018-2022.txt,Annexure 'STATE/UT-WISE CASES REGISTERED UNDER CYBER CRIMES DURING 2018-2022'; no printed page no.,https://www.mha.gov.in/MHA1/Par2017/pdfs/par2024-pdfs/RS24072024/239.pdf,
S04,S04,Haryana,8,state_ut,states,2022,681,681,registered cases (CR),"Total cyber crimes (IT Act + IPC + SLL, NCRB definition)","NCRB 'Crime in India' via MHA reply, Rajya Sabha USQ 239 (24.07.2024)",S04_RS_USQ239_2024-07-24_Annex_2018-2022.txt,Annexure 'STATE/UT-WISE CASES REGISTERED UNDER CYBER CRIMES DURING 2018-2022'; no printed page no.,https://www.mha.gov.in/MHA1/Par2017/pdfs/par2024-pdfs/RS24072024/239.pdf,
S04,S04,Himachal Pradesh,9,state_ut,states,2018,69,69,registered cases (CR),"Total cyber crimes (IT Act + IPC + SLL, NCRB definition)","NCRB 'Crime in India' via MHA reply, Rajya Sabha USQ 239 (24.07.2024)",S04_RS_USQ239_2024-07-24_Annex_2018-2022.txt,Annexure 'STATE/UT-WISE CASES REGISTERED UNDER CYBER CRIMES DURING 2018-2022'; no printed page no.,https://www.mha.gov.in/MHA1/Par2017/pdfs/par2024-pdfs/RS24072024/239.pdf,
S04,S04,Himachal Pradesh,9,state_ut,states,2019,76,76,registered cases (CR),"Total cyber crimes (IT Act + IPC + SLL, NCRB definition)","NCRB 'Crime in India' via MHA reply, Rajya Sabha USQ 239 (24.07.2024)",S04_RS_USQ239_2024-07-24_Annex_2018-2022.txt,Annexure 'STATE/UT-WISE CASES REGISTERED UNDER CYBER CRIMES DURING 2018-2022'; no printed page no.,https://www.mha.gov.in/MHA1/Par2017/pdfs/par2024-pdfs/RS24072024/239.pdf,
S04,S04,Himachal Pradesh,9,state_ut,states,2020,98,98,registered cases (CR),"Total cyber crimes (IT Act + IPC + SLL, NCRB definition)","NCRB 'Crime in India' via MHA reply, Rajya Sabha USQ 239 (24.07.2024)",S04_RS_USQ239_2024-07-24_Annex_2018-2022.txt,Annexure 'STATE/UT-WISE CASES REGISTERED UNDER CYBER CRIMES DURING 2018-2022'; no printed page no.,https://www.mha.gov.in/MHA1/Par2017/pdfs/par2024-pdfs/RS24072024/239.pdf,
S04,S04,Himachal Pradesh,9,state_ut,states,2021,70,70,registered cases (CR),"Total cyber crimes (IT Act + IPC + SLL, NCRB definition)","NCRB 'Crime in India' via MHA reply, Rajya Sabha USQ 239 (24.07.2024)",S04_RS_USQ239_2024-07-24_Annex_2018-2022.txt,Annexure 'STATE/UT-WISE CASES REGISTERED UNDER CYBER CRIMES DURING 2018-2022'; no printed page no.,https://www.mha.gov.in/MHA1/Par2017/pdfs/par2024-pdfs/RS24072024/239.pdf,
S04,S04,Himachal Pradesh,9,state_ut,states,2022,77,77,registered cases (CR),"Total cyber crimes (IT Act + IPC + SLL, NCRB definition)","NCRB 'Crime in India' via MHA reply, Rajya Sabha USQ 239 (24.07.2024)",S04_RS_USQ239_2024-07-24_Annex_2018-2022.txt,Annexure 'STATE/UT-WISE CASES REGISTERED UNDER CYBER CRIMES DURING 2018-2022'; no printed page no.,https://www.mha.gov.in/MHA1/Par2017/pdfs/par2024-pdfs/RS24072024/239.pdf,
S04,S04,Jharkhand,10,state_ut,states,2018,930,930,registered cases (CR),"Total cyber crimes (IT Act + IPC + SLL, NCRB definition)","NCRB 'Crime in India' via MHA reply, Rajya Sabha USQ 239 (24.07.2024)",S04_RS_USQ239_2024-07-24_Annex_2018-2022.txt,Annexure 'STATE/UT-WISE CASES REGISTERED UNDER CYBER CRIMES DURING 2018-2022'; no printed page no.,https://www.mha.gov.in/MHA1/Par2017/pdfs/par2024-pdfs/RS24072024/239.pdf,
S04,S04,Jharkhand,10,state_ut,states,2019,1095,1095,registered cases (CR),"Total cyber crimes (IT Act + IPC + SLL, NCRB definition)","NCRB 'Crime in India' via MHA reply, Rajya Sabha USQ 239 (24.07.2024)",S04_RS_USQ239_2024-07-24_Annex_2018-2022.txt,Annexure 'STATE/UT-WISE CASES REGISTERED UNDER CYBER CRIMES DURING 2018-2022'; no printed page no.,https://www.mha.gov.in/MHA1/Par2017/pdfs/par2024-pdfs/RS24072024/239.pdf,
S04,S04,Jharkhand,10,state_ut,states,2020,1204,1204,registered cases (CR),"Total cyber crimes (IT Act + IPC + SLL, NCRB definition)","NCRB 'Crime in India' via MHA reply, Rajya Sabha USQ 239 (24.07.2024)",S04_RS_USQ239_2024-07-24_Annex_2018-2022.txt,Annexure 'STATE/UT-WISE CASES REGISTERED UNDER CYBER CRIMES DURING 2018-2022'; no printed page no.,https://www.mha.gov.in/MHA1/Par2017/pdfs/par2024-pdfs/RS24072024/239.pdf,
S04,S04,Jharkhand,10,state_ut,states,2021,953,953,registered cases (CR),"Total cyber crimes (IT Act + IPC + SLL, NCRB definition)","NCRB 'Crime in India' via MHA reply, Rajya Sabha USQ 239 (24.07.2024)",S04_RS_USQ239_2024-07-24_Annex_2018-2022.txt,Annexure 'STATE/UT-WISE CASES REGISTERED UNDER CYBER CRIMES DURING 2018-2022'; no printed page no.,https://www.mha.gov.in/MHA1/Par2017/pdfs/par2024-pdfs/RS24072024/239.pdf,
S04,S04,Jharkhand,10,state_ut,states,2022,967,967,registered cases (CR),"Total cyber crimes (IT Act + IPC + SLL, NCRB definition)","NCRB 'Crime in India' via MHA reply, Rajya Sabha USQ 239 (24.07.2024)",S04_RS_USQ239_2024-07-24_Annex_2018-2022.txt,Annexure 'STATE/UT-WISE CASES REGISTERED UNDER CYBER CRIMES DURING 2018-2022'; no printed page no.,https://www.mha.gov.in/MHA1/Par2017/pdfs/par2024-pdfs/RS24072024/239.pdf,
S04,S04,Karnataka,11,state_ut,states,2018,5839,5839,registered cases (CR),"Total cyber crimes (IT Act + IPC + SLL, NCRB definition)","NCRB 'Crime in India' via MHA reply, Rajya Sabha USQ 239 (24.07.2024)",S04_RS_USQ239_2024-07-24_Annex_2018-2022.txt,Annexure 'STATE/UT-WISE CASES REGISTERED UNDER CYBER CRIMES DURING 2018-2022'; no printed page no.,https://www.mha.gov.in/MHA1/Par2017/pdfs/par2024-pdfs/RS24072024/239.pdf,
S04,S04,Karnataka,11,state_ut,states,2019,12020,12020,registered cases (CR),"Total cyber crimes (IT Act + IPC + SLL, NCRB definition)","NCRB 'Crime in India' via MHA reply, Rajya Sabha USQ 239 (24.07.2024)",S04_RS_USQ239_2024-07-24_Annex_2018-2022.txt,Annexure 'STATE/UT-WISE CASES REGISTERED UNDER CYBER CRIMES DURING 2018-2022'; no printed page no.,https://www.mha.gov.in/MHA1/Par2017/pdfs/par2024-pdfs/RS24072024/239.pdf,
S04,S04,Karnataka,11,state_ut,states,2020,10741,10741,registered cases (CR),"Total cyber crimes (IT Act + IPC + SLL, NCRB definition)","NCRB 'Crime in India' via MHA reply, Rajya Sabha USQ 239 (24.07.2024)",S04_RS_USQ239_2024-07-24_Annex_2018-2022.txt,Annexure 'STATE/UT-WISE CASES REGISTERED UNDER CYBER CRIMES DURING 2018-2022'; no printed page no.,https://www.mha.gov.in/MHA1/Par2017/pdfs/par2024-pdfs/RS24072024/239.pdf,
S04,S04,Karnataka,11,state_ut,states,2021,8136,8136,registered cases (CR),"Total cyber crimes (IT Act + IPC + SLL, NCRB definition)","NCRB 'Crime in India' via MHA reply, Rajya Sabha USQ 239 (24.07.2024)",S04_RS_USQ239_2024-07-24_Annex_2018-2022.txt,Annexure 'STATE/UT-WISE CASES REGISTERED UNDER CYBER CRIMES DURING 2018-2022'; no printed page no.,https://www.mha.gov.in/MHA1/Par2017/pdfs/par2024-pdfs/RS24072024/239.pdf,
S04,S04,Karnataka,11,state_ut,states,2022,12556,12556,registered cases (CR),"Total cyber crimes (IT Act + IPC + SLL, NCRB definition)","NCRB 'Crime in India' via MHA reply, Rajya Sabha USQ 239 (24.07.2024)",S04_RS_USQ239_2024-07-24_Annex_2018-2022.txt,Annexure 'STATE/UT-WISE CASES REGISTERED UNDER CYBER CRIMES DURING 2018-2022'; no printed page no.,https://www.mha.gov.in/MHA1/Par2017/pdfs/par2024-pdfs/RS24072024/239.pdf,
S04,S04,Kerala,12,state_ut,states,2018,340,340,registered cases (CR),"Total cyber crimes (IT Act + IPC + SLL, NCRB definition)","NCRB 'Crime in India' via MHA reply, Rajya Sabha USQ 239 (24.07.2024)",S04_RS_USQ239_2024-07-24_Annex_2018-2022.txt,Annexure 'STATE/UT-WISE CASES REGISTERED UNDER CYBER CRIMES DURING 2018-2022'; no printed page no.,https://www.mha.gov.in/MHA1/Par2017/pdfs/par2024-pdfs/RS24072024/239.pdf,
S04,S04,Kerala,12,state_ut,states,2019,307,307,registered cases (CR),"Total cyber crimes (IT Act + IPC + SLL, NCRB definition)","NCRB 'Crime in India' via MHA reply, Rajya Sabha USQ 239 (24.07.2024)",S04_RS_USQ239_2024-07-24_Annex_2018-2022.txt,Annexure 'STATE/UT-WISE CASES REGISTERED UNDER CYBER CRIMES DURING 2018-2022'; no printed page no.,https://www.mha.gov.in/MHA1/Par2017/pdfs/par2024-pdfs/RS24072024/239.pdf,
S04,S04,Kerala,12,state_ut,states,2020,426,426,registered cases (CR),"Total cyber crimes (IT Act + IPC + SLL, NCRB definition)","NCRB 'Crime in India' via MHA reply, Rajya Sabha USQ 239 (24.07.2024)",S04_RS_USQ239_2024-07-24_Annex_2018-2022.txt,Annexure 'STATE/UT-WISE CASES REGISTERED UNDER CYBER CRIMES DURING 2018-2022'; no printed page no.,https://www.mha.gov.in/MHA1/Par2017/pdfs/par2024-pdfs/RS24072024/239.pdf,
S04,S04,Kerala,12,state_ut,states,2021,626,626,registered cases (CR),"Total cyber crimes (IT Act + IPC + SLL, NCRB definition)","NCRB 'Crime in India' via MHA reply, Rajya Sabha USQ 239 (24.07.2024)",S04_RS_USQ239_2024-07-24_Annex_2018-2022.txt,Annexure 'STATE/UT-WISE CASES REGISTERED UNDER CYBER CRIMES DURING 2018-2022'; no printed page no.,https://www.mha.gov.in/MHA1/Par2017/pdfs/par2024-pdfs/RS24072024/239.pdf,
S04,S04,Kerala,12,state_ut,states,2022,773,773,registered cases (CR),"Total cyber crimes (IT Act + IPC + SLL, NCRB definition)","NCRB 'Crime in India' via MHA reply, Rajya Sabha USQ 239 (24.07.2024)",S04_RS_USQ239_2024-07-24_Annex_2018-2022.txt,Annexure 'STATE/UT-WISE CASES REGISTERED UNDER CYBER CRIMES DURING 2018-2022'; no printed page no.,https://www.mha.gov.in/MHA1/Par2017/pdfs/par2024-pdfs/RS24072024/239.pdf,
S04,S04,Madhya Pradesh,13,state_ut,states,2018,740,740,registered cases (CR),"Total cyber crimes (IT Act + IPC + SLL, NCRB definition)","NCRB 'Crime in India' via MHA reply, Rajya Sabha USQ 239 (24.07.2024)",S04_RS_USQ239_2024-07-24_Annex_2018-2022.txt,Annexure 'STATE/UT-WISE CASES REGISTERED UNDER CYBER CRIMES DURING 2018-2022'; no printed page no.,https://www.mha.gov.in/MHA1/Par2017/pdfs/par2024-pdfs/RS24072024/239.pdf,
S04,S04,Madhya Pradesh,13,state_ut,states,2019,602,602,registered cases (CR),"Total cyber crimes (IT Act + IPC + SLL, NCRB definition)","NCRB 'Crime in India' via MHA reply, Rajya Sabha USQ 239 (24.07.2024)",S04_RS_USQ239_2024-07-24_Annex_2018-2022.txt,Annexure 'STATE/UT-WISE CASES REGISTERED UNDER CYBER CRIMES DURING 2018-2022'; no printed page no.,https://www.mha.gov.in/MHA1/Par2017/pdfs/par2024-pdfs/RS24072024/239.pdf,
S04,S04,Madhya Pradesh,13,state_ut,states,2020,699,699,registered cases (CR),"Total cyber crimes (IT Act + IPC + SLL, NCRB definition)","NCRB 'Crime in India' via MHA reply, Rajya Sabha USQ 239 (24.07.2024)",S04_RS_USQ239_2024-07-24_Annex_2018-2022.txt,Annexure 'STATE/UT-WISE CASES REGISTERED UNDER CYBER CRIMES DURING 2018-2022'; no printed page no.,https://www.mha.gov.in/MHA1/Par2017/pdfs/par2024-pdfs/RS24072024/239.pdf,
S04,S04,Madhya Pradesh,13,state_ut,states,2021,589,589,registered cases (CR),"Total cyber crimes (IT Act + IPC + SLL, NCRB definition)","NCRB 'Crime in India' via MHA reply, Rajya Sabha USQ 239 (24.07.2024)",S04_RS_USQ239_2024-07-24_Annex_2018-2022.txt,Annexure 'STATE/UT-WISE CASES REGISTERED UNDER CYBER CRIMES DURING 2018-2022'; no printed page no.,https://www.mha.gov.in/MHA1/Par2017/pdfs/par2024-pdfs/RS24072024/239.pdf,
S04,S04,Madhya Pradesh,13,state_ut,states,2022,826,826,registered cases (CR),"Total cyber crimes (IT Act + IPC + SLL, NCRB definition)","NCRB 'Crime in India' via MHA reply, Rajya Sabha USQ 239 (24.07.2024)",S04_RS_USQ239_2024-07-24_Annex_2018-2022.txt,Annexure 'STATE/UT-WISE CASES REGISTERED UNDER CYBER CRIMES DURING 2018-2022'; no printed page no.,https://www.mha.gov.in/MHA1/Par2017/pdfs/par2024-pdfs/RS24072024/239.pdf,
S04,S04,Maharashtra,14,state_ut,states,2018,3511,3511,registered cases (CR),"Total cyber crimes (IT Act + IPC + SLL, NCRB definition)","NCRB 'Crime in India' via MHA reply, Rajya Sabha USQ 239 (24.07.2024)",S04_RS_USQ239_2024-07-24_Annex_2018-2022.txt,Annexure 'STATE/UT-WISE CASES REGISTERED UNDER CYBER CRIMES DURING 2018-2022'; no printed page no.,https://www.mha.gov.in/MHA1/Par2017/pdfs/par2024-pdfs/RS24072024/239.pdf,
S04,S04,Maharashtra,14,state_ut,states,2019,4967,4967,registered cases (CR),"Total cyber crimes (IT Act + IPC + SLL, NCRB definition)","NCRB 'Crime in India' via MHA reply, Rajya Sabha USQ 239 (24.07.2024)",S04_RS_USQ239_2024-07-24_Annex_2018-2022.txt,Annexure 'STATE/UT-WISE CASES REGISTERED UNDER CYBER CRIMES DURING 2018-2022'; no printed page no.,https://www.mha.gov.in/MHA1/Par2017/pdfs/par2024-pdfs/RS24072024/239.pdf,
S04,S04,Maharashtra,14,state_ut,states,2020,5496,5496,registered cases (CR),"Total cyber crimes (IT Act + IPC + SLL, NCRB definition)","NCRB 'Crime in India' via MHA reply, Rajya Sabha USQ 239 (24.07.2024)",S04_RS_USQ239_2024-07-24_Annex_2018-2022.txt,Annexure 'STATE/UT-WISE CASES REGISTERED UNDER CYBER CRIMES DURING 2018-2022'; no printed page no.,https://www.mha.gov.in/MHA1/Par2017/pdfs/par2024-pdfs/RS24072024/239.pdf,
S04,S04,Maharashtra,14,state_ut,states,2021,5562,5562,registered cases (CR),"Total cyber crimes (IT Act + IPC + SLL, NCRB definition)","NCRB 'Crime in India' via MHA reply, Rajya Sabha USQ 239 (24.07.2024)",S04_RS_USQ239_2024-07-24_Annex_2018-2022.txt,Annexure 'STATE/UT-WISE CASES REGISTERED UNDER CYBER CRIMES DURING 2018-2022'; no printed page no.,https://www.mha.gov.in/MHA1/Par2017/pdfs/par2024-pdfs/RS24072024/239.pdf,
S04,S04,Maharashtra,14,state_ut,states,2022,8249,8249,registered cases (CR),"Total cyber crimes (IT Act + IPC + SLL, NCRB definition)","NCRB 'Crime in India' via MHA reply, Rajya Sabha USQ 239 (24.07.2024)",S04_RS_USQ239_2024-07-24_Annex_2018-2022.txt,Annexure 'STATE/UT-WISE CASES REGISTERED UNDER CYBER CRIMES DURING 2018-2022'; no printed page no.,https://www.mha.gov.in/MHA1/Par2017/pdfs/par2024-pdfs/RS24072024/239.pdf,
S04,S04,Manipur,15,state_ut,states,2018,29,29,registered cases (CR),"Total cyber crimes (IT Act + IPC + SLL, NCRB definition)","NCRB 'Crime in India' via MHA reply, Rajya Sabha USQ 239 (24.07.2024)",S04_RS_USQ239_2024-07-24_Annex_2018-2022.txt,Annexure 'STATE/UT-WISE CASES REGISTERED UNDER CYBER CRIMES DURING 2018-2022'; no printed page no.,https://www.mha.gov.in/MHA1/Par2017/pdfs/par2024-pdfs/RS24072024/239.pdf,
S04,S04,Manipur,15,state_ut,states,2019,4,4,registered cases (CR),"Total cyber crimes (IT Act + IPC + SLL, NCRB definition)","NCRB 'Crime in India' via MHA reply, Rajya Sabha USQ 239 (24.07.2024)",S04_RS_USQ239_2024-07-24_Annex_2018-2022.txt,Annexure 'STATE/UT-WISE CASES REGISTERED UNDER CYBER CRIMES DURING 2018-2022'; no printed page no.,https://www.mha.gov.in/MHA1/Par2017/pdfs/par2024-pdfs/RS24072024/239.pdf,
S04,S04,Manipur,15,state_ut,states,2020,79,79,registered cases (CR),"Total cyber crimes (IT Act + IPC + SLL, NCRB definition)","NCRB 'Crime in India' via MHA reply, Rajya Sabha USQ 239 (24.07.2024)",S04_RS_USQ239_2024-07-24_Annex_2018-2022.txt,Annexure 'STATE/UT-WISE CASES REGISTERED UNDER CYBER CRIMES DURING 2018-2022'; no printed page no.,https://www.mha.gov.in/MHA1/Par2017/pdfs/par2024-pdfs/RS24072024/239.pdf,
S04,S04,Manipur,15,state_ut,states,2021,67,67,registered cases (CR),"Total cyber crimes (IT Act + IPC + SLL, NCRB definition)","NCRB 'Crime in India' via MHA reply, Rajya Sabha USQ 239 (24.07.2024)",S04_RS_USQ239_2024-07-24_Annex_2018-2022.txt,Annexure 'STATE/UT-WISE CASES REGISTERED UNDER CYBER CRIMES DURING 2018-2022'; no printed page no.,https://www.mha.gov.in/MHA1/Par2017/pdfs/par2024-pdfs/RS24072024/239.pdf,
S04,S04,Manipur,15,state_ut,states,2022,18,18,registered cases (CR),"Total cyber crimes (IT Act + IPC + SLL, NCRB definition)","NCRB 'Crime in India' via MHA reply, Rajya Sabha USQ 239 (24.07.2024)",S04_RS_USQ239_2024-07-24_Annex_2018-2022.txt,Annexure 'STATE/UT-WISE CASES REGISTERED UNDER CYBER CRIMES DURING 2018-2022'; no printed page no.,https://www.mha.gov.in/MHA1/Par2017/pdfs/par2024-pdfs/RS24072024/239.pdf,
S04,S04,Meghalaya,16,state_ut,states,2018,74,74,registered cases (CR),"Total cyber crimes (IT Act + IPC + SLL, NCRB definition)","NCRB 'Crime in India' via MHA reply, Rajya Sabha USQ 239 (24.07.2024)",S04_RS_USQ239_2024-07-24_Annex_2018-2022.txt,Annexure 'STATE/UT-WISE CASES REGISTERED UNDER CYBER CRIMES DURING 2018-2022'; no printed page no.,https://www.mha.gov.in/MHA1/Par2017/pdfs/par2024-pdfs/RS24072024/239.pdf,
S04,S04,Meghalaya,16,state_ut,states,2019,89,89,registered cases (CR),"Total cyber crimes (IT Act + IPC + SLL, NCRB definition)","NCRB 'Crime in India' via MHA reply, Rajya Sabha USQ 239 (24.07.2024)",S04_RS_USQ239_2024-07-24_Annex_2018-2022.txt,Annexure 'STATE/UT-WISE CASES REGISTERED UNDER CYBER CRIMES DURING 2018-2022'; no printed page no.,https://www.mha.gov.in/MHA1/Par2017/pdfs/par2024-pdfs/RS24072024/239.pdf,
S04,S04,Meghalaya,16,state_ut,states,2020,142,142,registered cases (CR),"Total cyber crimes (IT Act + IPC + SLL, NCRB definition)","NCRB 'Crime in India' via MHA reply, Rajya Sabha USQ 239 (24.07.2024)",S04_RS_USQ239_2024-07-24_Annex_2018-2022.txt,Annexure 'STATE/UT-WISE CASES REGISTERED UNDER CYBER CRIMES DURING 2018-2022'; no printed page no.,https://www.mha.gov.in/MHA1/Par2017/pdfs/par2024-pdfs/RS24072024/239.pdf,
S04,S04,Meghalaya,16,state_ut,states,2021,107,107,registered cases (CR),"Total cyber crimes (IT Act + IPC + SLL, NCRB definition)","NCRB 'Crime in India' via MHA reply, Rajya Sabha USQ 239 (24.07.2024)",S04_RS_USQ239_2024-07-24_Annex_2018-2022.txt,Annexure 'STATE/UT-WISE CASES REGISTERED UNDER CYBER CRIMES DURING 2018-2022'; no printed page no.,https://www.mha.gov.in/MHA1/Par2017/pdfs/par2024-pdfs/RS24072024/239.pdf,
S04,S04,Meghalaya,16,state_ut,states,2022,75,75,registered cases (CR),"Total cyber crimes (IT Act + IPC + SLL, NCRB definition)","NCRB 'Crime in India' via MHA reply, Rajya Sabha USQ 239 (24.07.2024)",S04_RS_USQ239_2024-07-24_Annex_2018-2022.txt,Annexure 'STATE/UT-WISE CASES REGISTERED UNDER CYBER CRIMES DURING 2018-2022'; no printed page no.,https://www.mha.gov.in/MHA1/Par2017/pdfs/par2024-pdfs/RS24072024/239.pdf,
S04,S04,Mizoram,17,state_ut,states,2018,6,6,registered cases (CR),"Total cyber crimes (IT Act + IPC + SLL, NCRB definition)","NCRB 'Crime in India' via MHA reply, Rajya Sabha USQ 239 (24.07.2024)",S04_RS_USQ239_2024-07-24_Annex_2018-2022.txt,Annexure 'STATE/UT-WISE CASES REGISTERED UNDER CYBER CRIMES DURING 2018-2022'; no printed page no.,https://www.mha.gov.in/MHA1/Par2017/pdfs/par2024-pdfs/RS24072024/239.pdf,
S04,S04,Mizoram,17,state_ut,states,2019,8,8,registered cases (CR),"Total cyber crimes (IT Act + IPC + SLL, NCRB definition)","NCRB 'Crime in India' via MHA reply, Rajya Sabha USQ 239 (24.07.2024)",S04_RS_USQ239_2024-07-24_Annex_2018-2022.txt,Annexure 'STATE/UT-WISE CASES REGISTERED UNDER CYBER CRIMES DURING 2018-2022'; no printed page no.,https://www.mha.gov.in/MHA1/Par2017/pdfs/par2024-pdfs/RS24072024/239.pdf,
S04,S04,Mizoram,17,state_ut,states,2020,13,13,registered cases (CR),"Total cyber crimes (IT Act + IPC + SLL, NCRB definition)","NCRB 'Crime in India' via MHA reply, Rajya Sabha USQ 239 (24.07.2024)",S04_RS_USQ239_2024-07-24_Annex_2018-2022.txt,Annexure 'STATE/UT-WISE CASES REGISTERED UNDER CYBER CRIMES DURING 2018-2022'; no printed page no.,https://www.mha.gov.in/MHA1/Par2017/pdfs/par2024-pdfs/RS24072024/239.pdf,
S04,S04,Mizoram,17,state_ut,states,2021,30,30,registered cases (CR),"Total cyber crimes (IT Act + IPC + SLL, NCRB definition)","NCRB 'Crime in India' via MHA reply, Rajya Sabha USQ 239 (24.07.2024)",S04_RS_USQ239_2024-07-24_Annex_2018-2022.txt,Annexure 'STATE/UT-WISE CASES REGISTERED UNDER CYBER CRIMES DURING 2018-2022'; no printed page no.,https://www.mha.gov.in/MHA1/Par2017/pdfs/par2024-pdfs/RS24072024/239.pdf,
S04,S04,Mizoram,17,state_ut,states,2022,1,1,registered cases (CR),"Total cyber crimes (IT Act + IPC + SLL, NCRB definition)","NCRB 'Crime in India' via MHA reply, Rajya Sabha USQ 239 (24.07.2024)",S04_RS_USQ239_2024-07-24_Annex_2018-2022.txt,Annexure 'STATE/UT-WISE CASES REGISTERED UNDER CYBER CRIMES DURING 2018-2022'; no printed page no.,https://www.mha.gov.in/MHA1/Par2017/pdfs/par2024-pdfs/RS24072024/239.pdf,
S04,S04,Nagaland,18,state_ut,states,2018,2,2,registered cases (CR),"Total cyber crimes (IT Act + IPC + SLL, NCRB definition)","NCRB 'Crime in India' via MHA reply, Rajya Sabha USQ 239 (24.07.2024)",S04_RS_USQ239_2024-07-24_Annex_2018-2022.txt,Annexure 'STATE/UT-WISE CASES REGISTERED UNDER CYBER CRIMES DURING 2018-2022'; no printed page no.,https://www.mha.gov.in/MHA1/Par2017/pdfs/par2024-pdfs/RS24072024/239.pdf,
S04,S04,Nagaland,18,state_ut,states,2019,2,2,registered cases (CR),"Total cyber crimes (IT Act + IPC + SLL, NCRB definition)","NCRB 'Crime in India' via MHA reply, Rajya Sabha USQ 239 (24.07.2024)",S04_RS_USQ239_2024-07-24_Annex_2018-2022.txt,Annexure 'STATE/UT-WISE CASES REGISTERED UNDER CYBER CRIMES DURING 2018-2022'; no printed page no.,https://www.mha.gov.in/MHA1/Par2017/pdfs/par2024-pdfs/RS24072024/239.pdf,
S04,S04,Nagaland,18,state_ut,states,2020,8,8,registered cases (CR),"Total cyber crimes (IT Act + IPC + SLL, NCRB definition)","NCRB 'Crime in India' via MHA reply, Rajya Sabha USQ 239 (24.07.2024)",S04_RS_USQ239_2024-07-24_Annex_2018-2022.txt,Annexure 'STATE/UT-WISE CASES REGISTERED UNDER CYBER CRIMES DURING 2018-2022'; no printed page no.,https://www.mha.gov.in/MHA1/Par2017/pdfs/par2024-pdfs/RS24072024/239.pdf,
S04,S04,Nagaland,18,state_ut,states,2021,8,8,registered cases (CR),"Total cyber crimes (IT Act + IPC + SLL, NCRB definition)","NCRB 'Crime in India' via MHA reply, Rajya Sabha USQ 239 (24.07.2024)",S04_RS_USQ239_2024-07-24_Annex_2018-2022.txt,Annexure 'STATE/UT-WISE CASES REGISTERED UNDER CYBER CRIMES DURING 2018-2022'; no printed page no.,https://www.mha.gov.in/MHA1/Par2017/pdfs/par2024-pdfs/RS24072024/239.pdf,
S04,S04,Nagaland,18,state_ut,states,2022,4,4,registered cases (CR),"Total cyber crimes (IT Act + IPC + SLL, NCRB definition)","NCRB 'Crime in India' via MHA reply, Rajya Sabha USQ 239 (24.07.2024)",S04_RS_USQ239_2024-07-24_Annex_2018-2022.txt,Annexure 'STATE/UT-WISE CASES REGISTERED UNDER CYBER CRIMES DURING 2018-2022'; no printed page no.,https://www.mha.gov.in/MHA1/Par2017/pdfs/par2024-pdfs/RS24072024/239.pdf,
S04,S04,Odisha,19,state_ut,states,2018,843,843,registered cases (CR),"Total cyber crimes (IT Act + IPC + SLL, NCRB definition)","NCRB 'Crime in India' via MHA reply, Rajya Sabha USQ 239 (24.07.2024)",S04_RS_USQ239_2024-07-24_Annex_2018-2022.txt,Annexure 'STATE/UT-WISE CASES REGISTERED UNDER CYBER CRIMES DURING 2018-2022'; no printed page no.,https://www.mha.gov.in/MHA1/Par2017/pdfs/par2024-pdfs/RS24072024/239.pdf,
S04,S04,Odisha,19,state_ut,states,2019,1485,1485,registered cases (CR),"Total cyber crimes (IT Act + IPC + SLL, NCRB definition)","NCRB 'Crime in India' via MHA reply, Rajya Sabha USQ 239 (24.07.2024)",S04_RS_USQ239_2024-07-24_Annex_2018-2022.txt,Annexure 'STATE/UT-WISE CASES REGISTERED UNDER CYBER CRIMES DURING 2018-2022'; no printed page no.,https://www.mha.gov.in/MHA1/Par2017/pdfs/par2024-pdfs/RS24072024/239.pdf,
S04,S04,Odisha,19,state_ut,states,2020,1931,1931,registered cases (CR),"Total cyber crimes (IT Act + IPC + SLL, NCRB definition)","NCRB 'Crime in India' via MHA reply, Rajya Sabha USQ 239 (24.07.2024)",S04_RS_USQ239_2024-07-24_Annex_2018-2022.txt,Annexure 'STATE/UT-WISE CASES REGISTERED UNDER CYBER CRIMES DURING 2018-2022'; no printed page no.,https://www.mha.gov.in/MHA1/Par2017/pdfs/par2024-pdfs/RS24072024/239.pdf,
S04,S04,Odisha,19,state_ut,states,2021,2037,2037,registered cases (CR),"Total cyber crimes (IT Act + IPC + SLL, NCRB definition)","NCRB 'Crime in India' via MHA reply, Rajya Sabha USQ 239 (24.07.2024)",S04_RS_USQ239_2024-07-24_Annex_2018-2022.txt,Annexure 'STATE/UT-WISE CASES REGISTERED UNDER CYBER CRIMES DURING 2018-2022'; no printed page no.,https://www.mha.gov.in/MHA1/Par2017/pdfs/par2024-pdfs/RS24072024/239.pdf,
S04,S04,Odisha,19,state_ut,states,2022,1983,1983,registered cases (CR),"Total cyber crimes (IT Act + IPC + SLL, NCRB definition)","NCRB 'Crime in India' via MHA reply, Rajya Sabha USQ 239 (24.07.2024)",S04_RS_USQ239_2024-07-24_Annex_2018-2022.txt,Annexure 'STATE/UT-WISE CASES REGISTERED UNDER CYBER CRIMES DURING 2018-2022'; no printed page no.,https://www.mha.gov.in/MHA1/Par2017/pdfs/par2024-pdfs/RS24072024/239.pdf,
S04,S04,Punjab,20,state_ut,states,2018,239,239,registered cases (CR),"Total cyber crimes (IT Act + IPC + SLL, NCRB definition)","NCRB 'Crime in India' via MHA reply, Rajya Sabha USQ 239 (24.07.2024)",S04_RS_USQ239_2024-07-24_Annex_2018-2022.txt,Annexure 'STATE/UT-WISE CASES REGISTERED UNDER CYBER CRIMES DURING 2018-2022'; no printed page no.,https://www.mha.gov.in/MHA1/Par2017/pdfs/par2024-pdfs/RS24072024/239.pdf,
S04,S04,Punjab,20,state_ut,states,2019,243,243,registered cases (CR),"Total cyber crimes (IT Act + IPC + SLL, NCRB definition)","NCRB 'Crime in India' via MHA reply, Rajya Sabha USQ 239 (24.07.2024)",S04_RS_USQ239_2024-07-24_Annex_2018-2022.txt,Annexure 'STATE/UT-WISE CASES REGISTERED UNDER CYBER CRIMES DURING 2018-2022'; no printed page no.,https://www.mha.gov.in/MHA1/Par2017/pdfs/par2024-pdfs/RS24072024/239.pdf,
S04,S04,Punjab,20,state_ut,states,2020,378,378,registered cases (CR),"Total cyber crimes (IT Act + IPC + SLL, NCRB definition)","NCRB 'Crime in India' via MHA reply, Rajya Sabha USQ 239 (24.07.2024)",S04_RS_USQ239_2024-07-24_Annex_2018-2022.txt,Annexure 'STATE/UT-WISE CASES REGISTERED UNDER CYBER CRIMES DURING 2018-2022'; no printed page no.,https://www.mha.gov.in/MHA1/Par2017/pdfs/par2024-pdfs/RS24072024/239.pdf,
S04,S04,Punjab,20,state_ut,states,2021,551,551,registered cases (CR),"Total cyber crimes (IT Act + IPC + SLL, NCRB definition)","NCRB 'Crime in India' via MHA reply, Rajya Sabha USQ 239 (24.07.2024)",S04_RS_USQ239_2024-07-24_Annex_2018-2022.txt,Annexure 'STATE/UT-WISE CASES REGISTERED UNDER CYBER CRIMES DURING 2018-2022'; no printed page no.,https://www.mha.gov.in/MHA1/Par2017/pdfs/par2024-pdfs/RS24072024/239.pdf,
S04,S04,Punjab,20,state_ut,states,2022,697,697,registered cases (CR),"Total cyber crimes (IT Act + IPC + SLL, NCRB definition)","NCRB 'Crime in India' via MHA reply, Rajya Sabha USQ 239 (24.07.2024)",S04_RS_USQ239_2024-07-24_Annex_2018-2022.txt,Annexure 'STATE/UT-WISE CASES REGISTERED UNDER CYBER CRIMES DURING 2018-2022'; no printed page no.,https://www.mha.gov.in/MHA1/Par2017/pdfs/par2024-pdfs/RS24072024/239.pdf,
S04,S04,Rajasthan,21,state_ut,states,2018,1104,1104,registered cases (CR),"Total cyber crimes (IT Act + IPC + SLL, NCRB definition)","NCRB 'Crime in India' via MHA reply, Rajya Sabha USQ 239 (24.07.2024)",S04_RS_USQ239_2024-07-24_Annex_2018-2022.txt,Annexure 'STATE/UT-WISE CASES REGISTERED UNDER CYBER CRIMES DURING 2018-2022'; no printed page no.,https://www.mha.gov.in/MHA1/Par2017/pdfs/par2024-pdfs/RS24072024/239.pdf,
S04,S04,Rajasthan,21,state_ut,states,2019,1762,1762,registered cases (CR),"Total cyber crimes (IT Act + IPC + SLL, NCRB definition)","NCRB 'Crime in India' via MHA reply, Rajya Sabha USQ 239 (24.07.2024)",S04_RS_USQ239_2024-07-24_Annex_2018-2022.txt,Annexure 'STATE/UT-WISE CASES REGISTERED UNDER CYBER CRIMES DURING 2018-2022'; no printed page no.,https://www.mha.gov.in/MHA1/Par2017/pdfs/par2024-pdfs/RS24072024/239.pdf,
S04,S04,Rajasthan,21,state_ut,states,2020,1354,1354,registered cases (CR),"Total cyber crimes (IT Act + IPC + SLL, NCRB definition)","NCRB 'Crime in India' via MHA reply, Rajya Sabha USQ 239 (24.07.2024)",S04_RS_USQ239_2024-07-24_Annex_2018-2022.txt,Annexure 'STATE/UT-WISE CASES REGISTERED UNDER CYBER CRIMES DURING 2018-2022'; no printed page no.,https://www.mha.gov.in/MHA1/Par2017/pdfs/par2024-pdfs/RS24072024/239.pdf,
S04,S04,Rajasthan,21,state_ut,states,2021,1504,1504,registered cases (CR),"Total cyber crimes (IT Act + IPC + SLL, NCRB definition)","NCRB 'Crime in India' via MHA reply, Rajya Sabha USQ 239 (24.07.2024)",S04_RS_USQ239_2024-07-24_Annex_2018-2022.txt,Annexure 'STATE/UT-WISE CASES REGISTERED UNDER CYBER CRIMES DURING 2018-2022'; no printed page no.,https://www.mha.gov.in/MHA1/Par2017/pdfs/par2024-pdfs/RS24072024/239.pdf,
S04,S04,Rajasthan,21,state_ut,states,2022,1833,1833,registered cases (CR),"Total cyber crimes (IT Act + IPC + SLL, NCRB definition)","NCRB 'Crime in India' via MHA reply, Rajya Sabha USQ 239 (24.07.2024)",S04_RS_USQ239_2024-07-24_Annex_2018-2022.txt,Annexure 'STATE/UT-WISE CASES REGISTERED UNDER CYBER CRIMES DURING 2018-2022'; no printed page no.,https://www.mha.gov.in/MHA1/Par2017/pdfs/par2024-pdfs/RS24072024/239.pdf,
S04,S04,Sikkim,22,state_ut,states,2018,1,1,registered cases (CR),"Total cyber crimes (IT Act + IPC + SLL, NCRB definition)","NCRB 'Crime in India' via MHA reply, Rajya Sabha USQ 239 (24.07.2024)",S04_RS_USQ239_2024-07-24_Annex_2018-2022.txt,Annexure 'STATE/UT-WISE CASES REGISTERED UNDER CYBER CRIMES DURING 2018-2022'; no printed page no.,https://www.mha.gov.in/MHA1/Par2017/pdfs/par2024-pdfs/RS24072024/239.pdf,
S04,S04,Sikkim,22,state_ut,states,2019,2,2,registered cases (CR),"Total cyber crimes (IT Act + IPC + SLL, NCRB definition)","NCRB 'Crime in India' via MHA reply, Rajya Sabha USQ 239 (24.07.2024)",S04_RS_USQ239_2024-07-24_Annex_2018-2022.txt,Annexure 'STATE/UT-WISE CASES REGISTERED UNDER CYBER CRIMES DURING 2018-2022'; no printed page no.,https://www.mha.gov.in/MHA1/Par2017/pdfs/par2024-pdfs/RS24072024/239.pdf,
S04,S04,Sikkim,22,state_ut,states,2020,0,0,registered cases (CR),"Total cyber crimes (IT Act + IPC + SLL, NCRB definition)","NCRB 'Crime in India' via MHA reply, Rajya Sabha USQ 239 (24.07.2024)",S04_RS_USQ239_2024-07-24_Annex_2018-2022.txt,Annexure 'STATE/UT-WISE CASES REGISTERED UNDER CYBER CRIMES DURING 2018-2022'; no printed page no.,https://www.mha.gov.in/MHA1/Par2017/pdfs/par2024-pdfs/RS24072024/239.pdf,
S04,S04,Sikkim,22,state_ut,states,2021,0,0,registered cases (CR),"Total cyber crimes (IT Act + IPC + SLL, NCRB definition)","NCRB 'Crime in India' via MHA reply, Rajya Sabha USQ 239 (24.07.2024)",S04_RS_USQ239_2024-07-24_Annex_2018-2022.txt,Annexure 'STATE/UT-WISE CASES REGISTERED UNDER CYBER CRIMES DURING 2018-2022'; no printed page no.,https://www.mha.gov.in/MHA1/Par2017/pdfs/par2024-pdfs/RS24072024/239.pdf,
S04,S04,Sikkim,22,state_ut,states,2022,26,26,registered cases (CR),"Total cyber crimes (IT Act + IPC + SLL, NCRB definition)","NCRB 'Crime in India' via MHA reply, Rajya Sabha USQ 239 (24.07.2024)",S04_RS_USQ239_2024-07-24_Annex_2018-2022.txt,Annexure 'STATE/UT-WISE CASES REGISTERED UNDER CYBER CRIMES DURING 2018-2022'; no printed page no.,https://www.mha.gov.in/MHA1/Par2017/pdfs/par2024-pdfs/RS24072024/239.pdf,
S04,S04,Tamil Nadu,23,state_ut,states,2018,295,295,registered cases (CR),"Total cyber crimes (IT Act + IPC + SLL, NCRB definition)","NCRB 'Crime in India' via MHA reply, Rajya Sabha USQ 239 (24.07.2024)",S04_RS_USQ239_2024-07-24_Annex_2018-2022.txt,Annexure 'STATE/UT-WISE CASES REGISTERED UNDER CYBER CRIMES DURING 2018-2022'; no printed page no.,https://www.mha.gov.in/MHA1/Par2017/pdfs/par2024-pdfs/RS24072024/239.pdf,
S04,S04,Tamil Nadu,23,state_ut,states,2019,385,385,registered cases (CR),"Total cyber crimes (IT Act + IPC + SLL, NCRB definition)","NCRB 'Crime in India' via MHA reply, Rajya Sabha USQ 239 (24.07.2024)",S04_RS_USQ239_2024-07-24_Annex_2018-2022.txt,Annexure 'STATE/UT-WISE CASES REGISTERED UNDER CYBER CRIMES DURING 2018-2022'; no printed page no.,https://www.mha.gov.in/MHA1/Par2017/pdfs/par2024-pdfs/RS24072024/239.pdf,
S04,S04,Tamil Nadu,23,state_ut,states,2020,782,782,registered cases (CR),"Total cyber crimes (IT Act + IPC + SLL, NCRB definition)","NCRB 'Crime in India' via MHA reply, Rajya Sabha USQ 239 (24.07.2024)",S04_RS_USQ239_2024-07-24_Annex_2018-2022.txt,Annexure 'STATE/UT-WISE CASES REGISTERED UNDER CYBER CRIMES DURING 2018-2022'; no printed page no.,https://www.mha.gov.in/MHA1/Par2017/pdfs/par2024-pdfs/RS24072024/239.pdf,
S04,S04,Tamil Nadu,23,state_ut,states,2021,1076,1076,registered cases (CR),"Total cyber crimes (IT Act + IPC + SLL, NCRB definition)","NCRB 'Crime in India' via MHA reply, Rajya Sabha USQ 239 (24.07.2024)",S04_RS_USQ239_2024-07-24_Annex_2018-2022.txt,Annexure 'STATE/UT-WISE CASES REGISTERED UNDER CYBER CRIMES DURING 2018-2022'; no printed page no.,https://www.mha.gov.in/MHA1/Par2017/pdfs/par2024-pdfs/RS24072024/239.pdf,
S04,S04,Tamil Nadu,23,state_ut,states,2022,2082,2082,registered cases (CR),"Total cyber crimes (IT Act + IPC + SLL, NCRB definition)","NCRB 'Crime in India' via MHA reply, Rajya Sabha USQ 239 (24.07.2024)",S04_RS_USQ239_2024-07-24_Annex_2018-2022.txt,Annexure 'STATE/UT-WISE CASES REGISTERED UNDER CYBER CRIMES DURING 2018-2022'; no printed page no.,https://www.mha.gov.in/MHA1/Par2017/pdfs/par2024-pdfs/RS24072024/239.pdf,
S04,S04,Telangana,24,state_ut,states,2018,1205,1205,registered cases (CR),"Total cyber crimes (IT Act + IPC + SLL, NCRB definition)","NCRB 'Crime in India' via MHA reply, Rajya Sabha USQ 239 (24.07.2024)",S04_RS_USQ239_2024-07-24_Annex_2018-2022.txt,Annexure 'STATE/UT-WISE CASES REGISTERED UNDER CYBER CRIMES DURING 2018-2022'; no printed page no.,https://www.mha.gov.in/MHA1/Par2017/pdfs/par2024-pdfs/RS24072024/239.pdf,
S04,S04,Telangana,24,state_ut,states,2019,2691,2691,registered cases (CR),"Total cyber crimes (IT Act + IPC + SLL, NCRB definition)","NCRB 'Crime in India' via MHA reply, Rajya Sabha USQ 239 (24.07.2024)",S04_RS_USQ239_2024-07-24_Annex_2018-2022.txt,Annexure 'STATE/UT-WISE CASES REGISTERED UNDER CYBER CRIMES DURING 2018-2022'; no printed page no.,https://www.mha.gov.in/MHA1/Par2017/pdfs/par2024-pdfs/RS24072024/239.pdf,
S04,S04,Telangana,24,state_ut,states,2020,5024,5024,registered cases (CR),"Total cyber crimes (IT Act + IPC + SLL, NCRB definition)","NCRB 'Crime in India' via MHA reply, Rajya Sabha USQ 239 (24.07.2024)",S04_RS_USQ239_2024-07-24_Annex_2018-2022.txt,Annexure 'STATE/UT-WISE CASES REGISTERED UNDER CYBER CRIMES DURING 2018-2022'; no printed page no.,https://www.mha.gov.in/MHA1/Par2017/pdfs/par2024-pdfs/RS24072024/239.pdf,
S04,S04,Telangana,24,state_ut,states,2021,10303,10303,registered cases (CR),"Total cyber crimes (IT Act + IPC + SLL, NCRB definition)","NCRB 'Crime in India' via MHA reply, Rajya Sabha USQ 239 (24.07.2024)",S04_RS_USQ239_2024-07-24_Annex_2018-2022.txt,Annexure 'STATE/UT-WISE CASES REGISTERED UNDER CYBER CRIMES DURING 2018-2022'; no printed page no.,https://www.mha.gov.in/MHA1/Par2017/pdfs/par2024-pdfs/RS24072024/239.pdf,
S04,S04,Telangana,24,state_ut,states,2022,15297,15297,registered cases (CR),"Total cyber crimes (IT Act + IPC + SLL, NCRB definition)","NCRB 'Crime in India' via MHA reply, Rajya Sabha USQ 239 (24.07.2024)",S04_RS_USQ239_2024-07-24_Annex_2018-2022.txt,Annexure 'STATE/UT-WISE CASES REGISTERED UNDER CYBER CRIMES DURING 2018-2022'; no printed page no.,https://www.mha.gov.in/MHA1/Par2017/pdfs/par2024-pdfs/RS24072024/239.pdf,
S04,S04,Tripura,25,state_ut,states,2018,20,20,registered cases (CR),"Total cyber crimes (IT Act + IPC + SLL, NCRB definition)","NCRB 'Crime in India' via MHA reply, Rajya Sabha USQ 239 (24.07.2024)",S04_RS_USQ239_2024-07-24_Annex_2018-2022.txt,Annexure 'STATE/UT-WISE CASES REGISTERED UNDER CYBER CRIMES DURING 2018-2022'; no printed page no.,https://www.mha.gov.in/MHA1/Par2017/pdfs/par2024-pdfs/RS24072024/239.pdf,
S04,S04,Tripura,25,state_ut,states,2019,20,20,registered cases (CR),"Total cyber crimes (IT Act + IPC + SLL, NCRB definition)","NCRB 'Crime in India' via MHA reply, Rajya Sabha USQ 239 (24.07.2024)",S04_RS_USQ239_2024-07-24_Annex_2018-2022.txt,Annexure 'STATE/UT-WISE CASES REGISTERED UNDER CYBER CRIMES DURING 2018-2022'; no printed page no.,https://www.mha.gov.in/MHA1/Par2017/pdfs/par2024-pdfs/RS24072024/239.pdf,
S04,S04,Tripura,25,state_ut,states,2020,34,34,registered cases (CR),"Total cyber crimes (IT Act + IPC + SLL, NCRB definition)","NCRB 'Crime in India' via MHA reply, Rajya Sabha USQ 239 (24.07.2024)",S04_RS_USQ239_2024-07-24_Annex_2018-2022.txt,Annexure 'STATE/UT-WISE CASES REGISTERED UNDER CYBER CRIMES DURING 2018-2022'; no printed page no.,https://www.mha.gov.in/MHA1/Par2017/pdfs/par2024-pdfs/RS24072024/239.pdf,
S04,S04,Tripura,25,state_ut,states,2021,24,24,registered cases (CR),"Total cyber crimes (IT Act + IPC + SLL, NCRB definition)","NCRB 'Crime in India' via MHA reply, Rajya Sabha USQ 239 (24.07.2024)",S04_RS_USQ239_2024-07-24_Annex_2018-2022.txt,Annexure 'STATE/UT-WISE CASES REGISTERED UNDER CYBER CRIMES DURING 2018-2022'; no printed page no.,https://www.mha.gov.in/MHA1/Par2017/pdfs/par2024-pdfs/RS24072024/239.pdf,
S04,S04,Tripura,25,state_ut,states,2022,30,30,registered cases (CR),"Total cyber crimes (IT Act + IPC + SLL, NCRB definition)","NCRB 'Crime in India' via MHA reply, Rajya Sabha USQ 239 (24.07.2024)",S04_RS_USQ239_2024-07-24_Annex_2018-2022.txt,Annexure 'STATE/UT-WISE CASES REGISTERED UNDER CYBER CRIMES DURING 2018-2022'; no printed page no.,https://www.mha.gov.in/MHA1/Par2017/pdfs/par2024-pdfs/RS24072024/239.pdf,
S04,S04,Uttar Pradesh,26,state_ut,states,2018,6280,6280,registered cases (CR),"Total cyber crimes (IT Act + IPC + SLL, NCRB definition)","NCRB 'Crime in India' via MHA reply, Rajya Sabha USQ 239 (24.07.2024)",S04_RS_USQ239_2024-07-24_Annex_2018-2022.txt,Annexure 'STATE/UT-WISE CASES REGISTERED UNDER CYBER CRIMES DURING 2018-2022'; no printed page no.,https://www.mha.gov.in/MHA1/Par2017/pdfs/par2024-pdfs/RS24072024/239.pdf,
S04,S04,Uttar Pradesh,26,state_ut,states,2019,11416,11416,registered cases (CR),"Total cyber crimes (IT Act + IPC + SLL, NCRB definition)","NCRB 'Crime in India' via MHA reply, Rajya Sabha USQ 239 (24.07.2024)",S04_RS_USQ239_2024-07-24_Annex_2018-2022.txt,Annexure 'STATE/UT-WISE CASES REGISTERED UNDER CYBER CRIMES DURING 2018-2022'; no printed page no.,https://www.mha.gov.in/MHA1/Par2017/pdfs/par2024-pdfs/RS24072024/239.pdf,
S04,S04,Uttar Pradesh,26,state_ut,states,2020,11097,11097,registered cases (CR),"Total cyber crimes (IT Act + IPC + SLL, NCRB definition)","NCRB 'Crime in India' via MHA reply, Rajya Sabha USQ 239 (24.07.2024)",S04_RS_USQ239_2024-07-24_Annex_2018-2022.txt,Annexure 'STATE/UT-WISE CASES REGISTERED UNDER CYBER CRIMES DURING 2018-2022'; no printed page no.,https://www.mha.gov.in/MHA1/Par2017/pdfs/par2024-pdfs/RS24072024/239.pdf,
S04,S04,Uttar Pradesh,26,state_ut,states,2021,8829,8829,registered cases (CR),"Total cyber crimes (IT Act + IPC + SLL, NCRB definition)","NCRB 'Crime in India' via MHA reply, Rajya Sabha USQ 239 (24.07.2024)",S04_RS_USQ239_2024-07-24_Annex_2018-2022.txt,Annexure 'STATE/UT-WISE CASES REGISTERED UNDER CYBER CRIMES DURING 2018-2022'; no printed page no.,https://www.mha.gov.in/MHA1/Par2017/pdfs/par2024-pdfs/RS24072024/239.pdf,
S04,S04,Uttar Pradesh,26,state_ut,states,2022,10117,10117,registered cases (CR),"Total cyber crimes (IT Act + IPC + SLL, NCRB definition)","NCRB 'Crime in India' via MHA reply, Rajya Sabha USQ 239 (24.07.2024)",S04_RS_USQ239_2024-07-24_Annex_2018-2022.txt,Annexure 'STATE/UT-WISE CASES REGISTERED UNDER CYBER CRIMES DURING 2018-2022'; no printed page no.,https://www.mha.gov.in/MHA1/Par2017/pdfs/par2024-pdfs/RS24072024/239.pdf,
S04,S04,Uttarakhand,27,state_ut,states,2018,171,171,registered cases (CR),"Total cyber crimes (IT Act + IPC + SLL, NCRB definition)","NCRB 'Crime in India' via MHA reply, Rajya Sabha USQ 239 (24.07.2024)",S04_RS_USQ239_2024-07-24_Annex_2018-2022.txt,Annexure 'STATE/UT-WISE CASES REGISTERED UNDER CYBER CRIMES DURING 2018-2022'; no printed page no.,https://www.mha.gov.in/MHA1/Par2017/pdfs/par2024-pdfs/RS24072024/239.pdf,
S04,S04,Uttarakhand,27,state_ut,states,2019,100,100,registered cases (CR),"Total cyber crimes (IT Act + IPC + SLL, NCRB definition)","NCRB 'Crime in India' via MHA reply, Rajya Sabha USQ 239 (24.07.2024)",S04_RS_USQ239_2024-07-24_Annex_2018-2022.txt,Annexure 'STATE/UT-WISE CASES REGISTERED UNDER CYBER CRIMES DURING 2018-2022'; no printed page no.,https://www.mha.gov.in/MHA1/Par2017/pdfs/par2024-pdfs/RS24072024/239.pdf,
S04,S04,Uttarakhand,27,state_ut,states,2020,243,243,registered cases (CR),"Total cyber crimes (IT Act + IPC + SLL, NCRB definition)","NCRB 'Crime in India' via MHA reply, Rajya Sabha USQ 239 (24.07.2024)",S04_RS_USQ239_2024-07-24_Annex_2018-2022.txt,Annexure 'STATE/UT-WISE CASES REGISTERED UNDER CYBER CRIMES DURING 2018-2022'; no printed page no.,https://www.mha.gov.in/MHA1/Par2017/pdfs/par2024-pdfs/RS24072024/239.pdf,
S04,S04,Uttarakhand,27,state_ut,states,2021,718,718,registered cases (CR),"Total cyber crimes (IT Act + IPC + SLL, NCRB definition)","NCRB 'Crime in India' via MHA reply, Rajya Sabha USQ 239 (24.07.2024)",S04_RS_USQ239_2024-07-24_Annex_2018-2022.txt,Annexure 'STATE/UT-WISE CASES REGISTERED UNDER CYBER CRIMES DURING 2018-2022'; no printed page no.,https://www.mha.gov.in/MHA1/Par2017/pdfs/par2024-pdfs/RS24072024/239.pdf,
S04,S04,Uttarakhand,27,state_ut,states,2022,559,559,registered cases (CR),"Total cyber crimes (IT Act + IPC + SLL, NCRB definition)","NCRB 'Crime in India' via MHA reply, Rajya Sabha USQ 239 (24.07.2024)",S04_RS_USQ239_2024-07-24_Annex_2018-2022.txt,Annexure 'STATE/UT-WISE CASES REGISTERED UNDER CYBER CRIMES DURING 2018-2022'; no printed page no.,https://www.mha.gov.in/MHA1/Par2017/pdfs/par2024-pdfs/RS24072024/239.pdf,
S04,S04,West Bengal,28,state_ut,states,2018,335,335,registered cases (CR),"Total cyber crimes (IT Act + IPC + SLL, NCRB definition)","NCRB 'Crime in India' via MHA reply, Rajya Sabha USQ 239 (24.07.2024)",S04_RS_USQ239_2024-07-24_Annex_2018-2022.txt,Annexure 'STATE/UT-WISE CASES REGISTERED UNDER CYBER CRIMES DURING 2018-2022'; no printed page no.,https://www.mha.gov.in/MHA1/Par2017/pdfs/par2024-pdfs/RS24072024/239.pdf,
S04,S04,West Bengal,28,state_ut,states,2019,524,524,registered cases (CR),"Total cyber crimes (IT Act + IPC + SLL, NCRB definition)","NCRB 'Crime in India' via MHA reply, Rajya Sabha USQ 239 (24.07.2024)",S04_RS_USQ239_2024-07-24_Annex_2018-2022.txt,Annexure 'STATE/UT-WISE CASES REGISTERED UNDER CYBER CRIMES DURING 2018-2022'; no printed page no.,https://www.mha.gov.in/MHA1/Par2017/pdfs/par2024-pdfs/RS24072024/239.pdf,
S04,S04,West Bengal,28,state_ut,states,2020,712,712,registered cases (CR),"Total cyber crimes (IT Act + IPC + SLL, NCRB definition)","NCRB 'Crime in India' via MHA reply, Rajya Sabha USQ 239 (24.07.2024)",S04_RS_USQ239_2024-07-24_Annex_2018-2022.txt,Annexure 'STATE/UT-WISE CASES REGISTERED UNDER CYBER CRIMES DURING 2018-2022'; no printed page no.,https://www.mha.gov.in/MHA1/Par2017/pdfs/par2024-pdfs/RS24072024/239.pdf,
S04,S04,West Bengal,28,state_ut,states,2021,513,513,registered cases (CR),"Total cyber crimes (IT Act + IPC + SLL, NCRB definition)","NCRB 'Crime in India' via MHA reply, Rajya Sabha USQ 239 (24.07.2024)",S04_RS_USQ239_2024-07-24_Annex_2018-2022.txt,Annexure 'STATE/UT-WISE CASES REGISTERED UNDER CYBER CRIMES DURING 2018-2022'; no printed page no.,https://www.mha.gov.in/MHA1/Par2017/pdfs/par2024-pdfs/RS24072024/239.pdf,
S04,S04,West Bengal,28,state_ut,states,2022,401,401,registered cases (CR),"Total cyber crimes (IT Act + IPC + SLL, NCRB definition)","NCRB 'Crime in India' via MHA reply, Rajya Sabha USQ 239 (24.07.2024)",S04_RS_USQ239_2024-07-24_Annex_2018-2022.txt,Annexure 'STATE/UT-WISE CASES REGISTERED UNDER CYBER CRIMES DURING 2018-2022'; no printed page no.,https://www.mha.gov.in/MHA1/Par2017/pdfs/par2024-pdfs/RS24072024/239.pdf,
S04,S04,TOTAL STATE(S),,total_states,states,2018,26931,26931,registered cases (CR),"Total cyber crimes (IT Act + IPC + SLL, NCRB definition)","NCRB 'Crime in India' via MHA reply, Rajya Sabha USQ 239 (24.07.2024)",S04_RS_USQ239_2024-07-24_Annex_2018-2022.txt,Annexure 'STATE/UT-WISE CASES REGISTERED UNDER CYBER CRIMES DURING 2018-2022'; no printed page no.,https://www.mha.gov.in/MHA1/Par2017/pdfs/par2024-pdfs/RS24072024/239.pdf,
S04,S04,TOTAL STATE(S),,total_states,states,2019,44511,44511,registered cases (CR),"Total cyber crimes (IT Act + IPC + SLL, NCRB definition)","NCRB 'Crime in India' via MHA reply, Rajya Sabha USQ 239 (24.07.2024)",S04_RS_USQ239_2024-07-24_Annex_2018-2022.txt,Annexure 'STATE/UT-WISE CASES REGISTERED UNDER CYBER CRIMES DURING 2018-2022'; no printed page no.,https://www.mha.gov.in/MHA1/Par2017/pdfs/par2024-pdfs/RS24072024/239.pdf,
S04,S04,TOTAL STATE(S),,total_states,states,2020,49708,49708,registered cases (CR),"Total cyber crimes (IT Act + IPC + SLL, NCRB definition)","NCRB 'Crime in India' via MHA reply, Rajya Sabha USQ 239 (24.07.2024)",S04_RS_USQ239_2024-07-24_Annex_2018-2022.txt,Annexure 'STATE/UT-WISE CASES REGISTERED UNDER CYBER CRIMES DURING 2018-2022'; no printed page no.,https://www.mha.gov.in/MHA1/Par2017/pdfs/par2024-pdfs/RS24072024/239.pdf,
S04,S04,TOTAL STATE(S),,total_states,states,2021,52430,52430,registered cases (CR),"Total cyber crimes (IT Act + IPC + SLL, NCRB definition)","NCRB 'Crime in India' via MHA reply, Rajya Sabha USQ 239 (24.07.2024)",S04_RS_USQ239_2024-07-24_Annex_2018-2022.txt,Annexure 'STATE/UT-WISE CASES REGISTERED UNDER CYBER CRIMES DURING 2018-2022'; no printed page no.,https://www.mha.gov.in/MHA1/Par2017/pdfs/par2024-pdfs/RS24072024/239.pdf,
S04,S04,TOTAL STATE(S),,total_states,states,2022,64907,64907,registered cases (CR),"Total cyber crimes (IT Act + IPC + SLL, NCRB definition)","NCRB 'Crime in India' via MHA reply, Rajya Sabha USQ 239 (24.07.2024)",S04_RS_USQ239_2024-07-24_Annex_2018-2022.txt,Annexure 'STATE/UT-WISE CASES REGISTERED UNDER CYBER CRIMES DURING 2018-2022'; no printed page no.,https://www.mha.gov.in/MHA1/Par2017/pdfs/par2024-pdfs/RS24072024/239.pdf,
S04,S04,A&N Islands,29,state_ut,uts,2018,7,7,registered cases (CR),"Total cyber crimes (IT Act + IPC + SLL, NCRB definition)","NCRB 'Crime in India' via MHA reply, Rajya Sabha USQ 239 (24.07.2024)",S04_RS_USQ239_2024-07-24_Annex_2018-2022.txt,Annexure 'STATE/UT-WISE CASES REGISTERED UNDER CYBER CRIMES DURING 2018-2022'; no printed page no.,https://www.mha.gov.in/MHA1/Par2017/pdfs/par2024-pdfs/RS24072024/239.pdf,
S04,S04,A&N Islands,29,state_ut,uts,2019,2,2,registered cases (CR),"Total cyber crimes (IT Act + IPC + SLL, NCRB definition)","NCRB 'Crime in India' via MHA reply, Rajya Sabha USQ 239 (24.07.2024)",S04_RS_USQ239_2024-07-24_Annex_2018-2022.txt,Annexure 'STATE/UT-WISE CASES REGISTERED UNDER CYBER CRIMES DURING 2018-2022'; no printed page no.,https://www.mha.gov.in/MHA1/Par2017/pdfs/par2024-pdfs/RS24072024/239.pdf,
S04,S04,A&N Islands,29,state_ut,uts,2020,5,5,registered cases (CR),"Total cyber crimes (IT Act + IPC + SLL, NCRB definition)","NCRB 'Crime in India' via MHA reply, Rajya Sabha USQ 239 (24.07.2024)",S04_RS_USQ239_2024-07-24_Annex_2018-2022.txt,Annexure 'STATE/UT-WISE CASES REGISTERED UNDER CYBER CRIMES DURING 2018-2022'; no printed page no.,https://www.mha.gov.in/MHA1/Par2017/pdfs/par2024-pdfs/RS24072024/239.pdf,
S04,S04,A&N Islands,29,state_ut,uts,2021,8,8,registered cases (CR),"Total cyber crimes (IT Act + IPC + SLL, NCRB definition)","NCRB 'Crime in India' via MHA reply, Rajya Sabha USQ 239 (24.07.2024)",S04_RS_USQ239_2024-07-24_Annex_2018-2022.txt,Annexure 'STATE/UT-WISE CASES REGISTERED UNDER CYBER CRIMES DURING 2018-2022'; no printed page no.,https://www.mha.gov.in/MHA1/Par2017/pdfs/par2024-pdfs/RS24072024/239.pdf,
S04,S04,A&N Islands,29,state_ut,uts,2022,28,28,registered cases (CR),"Total cyber crimes (IT Act + IPC + SLL, NCRB definition)","NCRB 'Crime in India' via MHA reply, Rajya Sabha USQ 239 (24.07.2024)",S04_RS_USQ239_2024-07-24_Annex_2018-2022.txt,Annexure 'STATE/UT-WISE CASES REGISTERED UNDER CYBER CRIMES DURING 2018-2022'; no printed page no.,https://www.mha.gov.in/MHA1/Par2017/pdfs/par2024-pdfs/RS24072024/239.pdf,
S04,S04,Chandigarh,30,state_ut,uts,2018,30,30,registered cases (CR),"Total cyber crimes (IT Act + IPC + SLL, NCRB definition)","NCRB 'Crime in India' via MHA reply, Rajya Sabha USQ 239 (24.07.2024)",S04_RS_USQ239_2024-07-24_Annex_2018-2022.txt,Annexure 'STATE/UT-WISE CASES REGISTERED UNDER CYBER CRIMES DURING 2018-2022'; no printed page no.,https://www.mha.gov.in/MHA1/Par2017/pdfs/par2024-pdfs/RS24072024/239.pdf,
S04,S04,Chandigarh,30,state_ut,uts,2019,23,23,registered cases (CR),"Total cyber crimes (IT Act + IPC + SLL, NCRB definition)","NCRB 'Crime in India' via MHA reply, Rajya Sabha USQ 239 (24.07.2024)",S04_RS_USQ239_2024-07-24_Annex_2018-2022.txt,Annexure 'STATE/UT-WISE CASES REGISTERED UNDER CYBER CRIMES DURING 2018-2022'; no printed page no.,https://www.mha.gov.in/MHA1/Par2017/pdfs/par2024-pdfs/RS24072024/239.pdf,
S04,S04,Chandigarh,30,state_ut,uts,2020,17,17,registered cases (CR),"Total cyber crimes (IT Act + IPC + SLL, NCRB definition)","NCRB 'Crime in India' via MHA reply, Rajya Sabha USQ 239 (24.07.2024)",S04_RS_USQ239_2024-07-24_Annex_2018-2022.txt,Annexure 'STATE/UT-WISE CASES REGISTERED UNDER CYBER CRIMES DURING 2018-2022'; no printed page no.,https://www.mha.gov.in/MHA1/Par2017/pdfs/par2024-pdfs/RS24072024/239.pdf,
S04,S04,Chandigarh,30,state_ut,uts,2021,15,15,registered cases (CR),"Total cyber crimes (IT Act + IPC + SLL, NCRB definition)","NCRB 'Crime in India' via MHA reply, Rajya Sabha USQ 239 (24.07.2024)",S04_RS_USQ239_2024-07-24_Annex_2018-2022.txt,Annexure 'STATE/UT-WISE CASES REGISTERED UNDER CYBER CRIMES DURING 2018-2022'; no printed page no.,https://www.mha.gov.in/MHA1/Par2017/pdfs/par2024-pdfs/RS24072024/239.pdf,
S04,S04,Chandigarh,30,state_ut,uts,2022,27,27,registered cases (CR),"Total cyber crimes (IT Act + IPC + SLL, NCRB definition)","NCRB 'Crime in India' via MHA reply, Rajya Sabha USQ 239 (24.07.2024)",S04_RS_USQ239_2024-07-24_Annex_2018-2022.txt,Annexure 'STATE/UT-WISE CASES REGISTERED UNDER CYBER CRIMES DURING 2018-2022'; no printed page no.,https://www.mha.gov.in/MHA1/Par2017/pdfs/par2024-pdfs/RS24072024/239.pdf,
S04,S04,D&N Haveli and Daman & Diu+,31,state_ut,uts,2018,0,0,registered cases (CR),"Total cyber crimes (IT Act + IPC + SLL, NCRB definition)","NCRB 'Crime in India' via MHA reply, Rajya Sabha USQ 239 (24.07.2024)",S04_RS_USQ239_2024-07-24_Annex_2018-2022.txt,Annexure 'STATE/UT-WISE CASES REGISTERED UNDER CYBER CRIMES DURING 2018-2022'; no printed page no.,https://www.mha.gov.in/MHA1/Par2017/pdfs/par2024-pdfs/RS24072024/239.pdf,"'+' = combined data of erstwhile D&N Haveli UT and Daman & Diu UT for 2018, 2019 (per source footnote)"
S04,S04,D&N Haveli and Daman & Diu+,31,state_ut,uts,2019,3,3,registered cases (CR),"Total cyber crimes (IT Act + IPC + SLL, NCRB definition)","NCRB 'Crime in India' via MHA reply, Rajya Sabha USQ 239 (24.07.2024)",S04_RS_USQ239_2024-07-24_Annex_2018-2022.txt,Annexure 'STATE/UT-WISE CASES REGISTERED UNDER CYBER CRIMES DURING 2018-2022'; no printed page no.,https://www.mha.gov.in/MHA1/Par2017/pdfs/par2024-pdfs/RS24072024/239.pdf,"'+' = combined data of erstwhile D&N Haveli UT and Daman & Diu UT for 2018, 2019 (per source footnote)"
S04,S04,D&N Haveli and Daman & Diu+,31,state_ut,uts,2020,3,3,registered cases (CR),"Total cyber crimes (IT Act + IPC + SLL, NCRB definition)","NCRB 'Crime in India' via MHA reply, Rajya Sabha USQ 239 (24.07.2024)",S04_RS_USQ239_2024-07-24_Annex_2018-2022.txt,Annexure 'STATE/UT-WISE CASES REGISTERED UNDER CYBER CRIMES DURING 2018-2022'; no printed page no.,https://www.mha.gov.in/MHA1/Par2017/pdfs/par2024-pdfs/RS24072024/239.pdf,
S04,S04,D&N Haveli and Daman & Diu+,31,state_ut,uts,2021,5,5,registered cases (CR),"Total cyber crimes (IT Act + IPC + SLL, NCRB definition)","NCRB 'Crime in India' via MHA reply, Rajya Sabha USQ 239 (24.07.2024)",S04_RS_USQ239_2024-07-24_Annex_2018-2022.txt,Annexure 'STATE/UT-WISE CASES REGISTERED UNDER CYBER CRIMES DURING 2018-2022'; no printed page no.,https://www.mha.gov.in/MHA1/Par2017/pdfs/par2024-pdfs/RS24072024/239.pdf,
S04,S04,D&N Haveli and Daman & Diu+,31,state_ut,uts,2022,5,5,registered cases (CR),"Total cyber crimes (IT Act + IPC + SLL, NCRB definition)","NCRB 'Crime in India' via MHA reply, Rajya Sabha USQ 239 (24.07.2024)",S04_RS_USQ239_2024-07-24_Annex_2018-2022.txt,Annexure 'STATE/UT-WISE CASES REGISTERED UNDER CYBER CRIMES DURING 2018-2022'; no printed page no.,https://www.mha.gov.in/MHA1/Par2017/pdfs/par2024-pdfs/RS24072024/239.pdf,
S04,S04,Delhi,32,state_ut,uts,2018,189,189,registered cases (CR),"Total cyber crimes (IT Act + IPC + SLL, NCRB definition)","NCRB 'Crime in India' via MHA reply, Rajya Sabha USQ 239 (24.07.2024)",S04_RS_USQ239_2024-07-24_Annex_2018-2022.txt,Annexure 'STATE/UT-WISE CASES REGISTERED UNDER CYBER CRIMES DURING 2018-2022'; no printed page no.,https://www.mha.gov.in/MHA1/Par2017/pdfs/par2024-pdfs/RS24072024/239.pdf,
S04,S04,Delhi,32,state_ut,uts,2019,115,115,registered cases (CR),"Total cyber crimes (IT Act + IPC + SLL, NCRB definition)","NCRB 'Crime in India' via MHA reply, Rajya Sabha USQ 239 (24.07.2024)",S04_RS_USQ239_2024-07-24_Annex_2018-2022.txt,Annexure 'STATE/UT-WISE CASES REGISTERED UNDER CYBER CRIMES DURING 2018-2022'; no printed page no.,https://www.mha.gov.in/MHA1/Par2017/pdfs/par2024-pdfs/RS24072024/239.pdf,
S04,S04,Delhi,32,state_ut,uts,2020,168,168,registered cases (CR),"Total cyber crimes (IT Act + IPC + SLL, NCRB definition)","NCRB 'Crime in India' via MHA reply, Rajya Sabha USQ 239 (24.07.2024)",S04_RS_USQ239_2024-07-24_Annex_2018-2022.txt,Annexure 'STATE/UT-WISE CASES REGISTERED UNDER CYBER CRIMES DURING 2018-2022'; no printed page no.,https://www.mha.gov.in/MHA1/Par2017/pdfs/par2024-pdfs/RS24072024/239.pdf,
S04,S04,Delhi,32,state_ut,uts,2021,356,356,registered cases (CR),"Total cyber crimes (IT Act + IPC + SLL, NCRB definition)","NCRB 'Crime in India' via MHA reply, Rajya Sabha USQ 239 (24.07.2024)",S04_RS_USQ239_2024-07-24_Annex_2018-2022.txt,Annexure 'STATE/UT-WISE CASES REGISTERED UNDER CYBER CRIMES DURING 2018-2022'; no printed page no.,https://www.mha.gov.in/MHA1/Par2017/pdfs/par2024-pdfs/RS24072024/239.pdf,
S04,S04,Delhi,32,state_ut,uts,2022,685,685,registered cases (CR),"Total cyber crimes (IT Act + IPC + SLL, NCRB definition)","NCRB 'Crime in India' via MHA reply, Rajya Sabha USQ 239 (24.07.2024)",S04_RS_USQ239_2024-07-24_Annex_2018-2022.txt,Annexure 'STATE/UT-WISE CASES REGISTERED UNDER CYBER CRIMES DURING 2018-2022'; no printed page no.,https://www.mha.gov.in/MHA1/Par2017/pdfs/par2024-pdfs/RS24072024/239.pdf,
S04,S04,Jammu & Kashmir *,33,state_ut,uts,2018,73,73,registered cases (CR),"Total cyber crimes (IT Act + IPC + SLL, NCRB definition)","NCRB 'Crime in India' via MHA reply, Rajya Sabha USQ 239 (24.07.2024)",S04_RS_USQ239_2024-07-24_Annex_2018-2022.txt,Annexure 'STATE/UT-WISE CASES REGISTERED UNDER CYBER CRIMES DURING 2018-2022'; no printed page no.,https://www.mha.gov.in/MHA1/Par2017/pdfs/par2024-pdfs/RS24072024/239.pdf,"'*' = data of erstwhile Jammu & Kashmir State including Ladakh for 2018, 2019 (per source footnote)"
S04,S04,Jammu & Kashmir *,33,state_ut,uts,2019,73,73,registered cases (CR),"Total cyber crimes (IT Act + IPC + SLL, NCRB definition)","NCRB 'Crime in India' via MHA reply, Rajya Sabha USQ 239 (24.07.2024)",S04_RS_USQ239_2024-07-24_Annex_2018-2022.txt,Annexure 'STATE/UT-WISE CASES REGISTERED UNDER CYBER CRIMES DURING 2018-2022'; no printed page no.,https://www.mha.gov.in/MHA1/Par2017/pdfs/par2024-pdfs/RS24072024/239.pdf,"'*' = data of erstwhile Jammu & Kashmir State including Ladakh for 2018, 2019 (per source footnote)"
S04,S04,Jammu & Kashmir *,33,state_ut,uts,2020,120,120,registered cases (CR),"Total cyber crimes (IT Act + IPC + SLL, NCRB definition)","NCRB 'Crime in India' via MHA reply, Rajya Sabha USQ 239 (24.07.2024)",S04_RS_USQ239_2024-07-24_Annex_2018-2022.txt,Annexure 'STATE/UT-WISE CASES REGISTERED UNDER CYBER CRIMES DURING 2018-2022'; no printed page no.,https://www.mha.gov.in/MHA1/Par2017/pdfs/par2024-pdfs/RS24072024/239.pdf,
S04,S04,Jammu & Kashmir *,33,state_ut,uts,2021,154,154,registered cases (CR),"Total cyber crimes (IT Act + IPC + SLL, NCRB definition)","NCRB 'Crime in India' via MHA reply, Rajya Sabha USQ 239 (24.07.2024)",S04_RS_USQ239_2024-07-24_Annex_2018-2022.txt,Annexure 'STATE/UT-WISE CASES REGISTERED UNDER CYBER CRIMES DURING 2018-2022'; no printed page no.,https://www.mha.gov.in/MHA1/Par2017/pdfs/par2024-pdfs/RS24072024/239.pdf,
S04,S04,Jammu & Kashmir *,33,state_ut,uts,2022,173,173,registered cases (CR),"Total cyber crimes (IT Act + IPC + SLL, NCRB definition)","NCRB 'Crime in India' via MHA reply, Rajya Sabha USQ 239 (24.07.2024)",S04_RS_USQ239_2024-07-24_Annex_2018-2022.txt,Annexure 'STATE/UT-WISE CASES REGISTERED UNDER CYBER CRIMES DURING 2018-2022'; no printed page no.,https://www.mha.gov.in/MHA1/Par2017/pdfs/par2024-pdfs/RS24072024/239.pdf,
S04,S04,Ladakh,34,state_ut,uts,2018,,-,registered cases (CR),"Total cyber crimes (IT Act + IPC + SLL, NCRB definition)","NCRB 'Crime in India' via MHA reply, Rajya Sabha USQ 239 (24.07.2024)",S04_RS_USQ239_2024-07-24_Annex_2018-2022.txt,Annexure 'STATE/UT-WISE CASES REGISTERED UNDER CYBER CRIMES DURING 2018-2022'; no printed page no.,https://www.mha.gov.in/MHA1/Par2017/pdfs/par2024-pdfs/RS24072024/239.pdf,Dash printed in source (not zero); entity did not exist separately in this year.
S04,S04,Ladakh,34,state_ut,uts,2019,,-,registered cases (CR),"Total cyber crimes (IT Act + IPC + SLL, NCRB definition)","NCRB 'Crime in India' via MHA reply, Rajya Sabha USQ 239 (24.07.2024)",S04_RS_USQ239_2024-07-24_Annex_2018-2022.txt,Annexure 'STATE/UT-WISE CASES REGISTERED UNDER CYBER CRIMES DURING 2018-2022'; no printed page no.,https://www.mha.gov.in/MHA1/Par2017/pdfs/par2024-pdfs/RS24072024/239.pdf,Dash printed in source (not zero); entity did not exist separately in this year.
S04,S04,Ladakh,34,state_ut,uts,2020,1,1,registered cases (CR),"Total cyber crimes (IT Act + IPC + SLL, NCRB definition)","NCRB 'Crime in India' via MHA reply, Rajya Sabha USQ 239 (24.07.2024)",S04_RS_USQ239_2024-07-24_Annex_2018-2022.txt,Annexure 'STATE/UT-WISE CASES REGISTERED UNDER CYBER CRIMES DURING 2018-2022'; no printed page no.,https://www.mha.gov.in/MHA1/Par2017/pdfs/par2024-pdfs/RS24072024/239.pdf,
S04,S04,Ladakh,34,state_ut,uts,2021,5,5,registered cases (CR),"Total cyber crimes (IT Act + IPC + SLL, NCRB definition)","NCRB 'Crime in India' via MHA reply, Rajya Sabha USQ 239 (24.07.2024)",S04_RS_USQ239_2024-07-24_Annex_2018-2022.txt,Annexure 'STATE/UT-WISE CASES REGISTERED UNDER CYBER CRIMES DURING 2018-2022'; no printed page no.,https://www.mha.gov.in/MHA1/Par2017/pdfs/par2024-pdfs/RS24072024/239.pdf,
S04,S04,Ladakh,34,state_ut,uts,2022,3,3,registered cases (CR),"Total cyber crimes (IT Act + IPC + SLL, NCRB definition)","NCRB 'Crime in India' via MHA reply, Rajya Sabha USQ 239 (24.07.2024)",S04_RS_USQ239_2024-07-24_Annex_2018-2022.txt,Annexure 'STATE/UT-WISE CASES REGISTERED UNDER CYBER CRIMES DURING 2018-2022'; no printed page no.,https://www.mha.gov.in/MHA1/Par2017/pdfs/par2024-pdfs/RS24072024/239.pdf,
S04,S04,Lakshadweep,35,state_ut,uts,2018,4,4,registered cases (CR),"Total cyber crimes (IT Act + IPC + SLL, NCRB definition)","NCRB 'Crime in India' via MHA reply, Rajya Sabha USQ 239 (24.07.2024)",S04_RS_USQ239_2024-07-24_Annex_2018-2022.txt,Annexure 'STATE/UT-WISE CASES REGISTERED UNDER CYBER CRIMES DURING 2018-2022'; no printed page no.,https://www.mha.gov.in/MHA1/Par2017/pdfs/par2024-pdfs/RS24072024/239.pdf,
S04,S04,Lakshadweep,35,state_ut,uts,2019,4,4,registered cases (CR),"Total cyber crimes (IT Act + IPC + SLL, NCRB definition)","NCRB 'Crime in India' via MHA reply, Rajya Sabha USQ 239 (24.07.2024)",S04_RS_USQ239_2024-07-24_Annex_2018-2022.txt,Annexure 'STATE/UT-WISE CASES REGISTERED UNDER CYBER CRIMES DURING 2018-2022'; no printed page no.,https://www.mha.gov.in/MHA1/Par2017/pdfs/par2024-pdfs/RS24072024/239.pdf,
S04,S04,Lakshadweep,35,state_ut,uts,2020,3,3,registered cases (CR),"Total cyber crimes (IT Act + IPC + SLL, NCRB definition)","NCRB 'Crime in India' via MHA reply, Rajya Sabha USQ 239 (24.07.2024)",S04_RS_USQ239_2024-07-24_Annex_2018-2022.txt,Annexure 'STATE/UT-WISE CASES REGISTERED UNDER CYBER CRIMES DURING 2018-2022'; no printed page no.,https://www.mha.gov.in/MHA1/Par2017/pdfs/par2024-pdfs/RS24072024/239.pdf,
S04,S04,Lakshadweep,35,state_ut,uts,2021,1,1,registered cases (CR),"Total cyber crimes (IT Act + IPC + SLL, NCRB definition)","NCRB 'Crime in India' via MHA reply, Rajya Sabha USQ 239 (24.07.2024)",S04_RS_USQ239_2024-07-24_Annex_2018-2022.txt,Annexure 'STATE/UT-WISE CASES REGISTERED UNDER CYBER CRIMES DURING 2018-2022'; no printed page no.,https://www.mha.gov.in/MHA1/Par2017/pdfs/par2024-pdfs/RS24072024/239.pdf,
S04,S04,Lakshadweep,35,state_ut,uts,2022,1,1,registered cases (CR),"Total cyber crimes (IT Act + IPC + SLL, NCRB definition)","NCRB 'Crime in India' via MHA reply, Rajya Sabha USQ 239 (24.07.2024)",S04_RS_USQ239_2024-07-24_Annex_2018-2022.txt,Annexure 'STATE/UT-WISE CASES REGISTERED UNDER CYBER CRIMES DURING 2018-2022'; no printed page no.,https://www.mha.gov.in/MHA1/Par2017/pdfs/par2024-pdfs/RS24072024/239.pdf,
S04,S04,Puducherry,36,state_ut,uts,2018,14,14,registered cases (CR),"Total cyber crimes (IT Act + IPC + SLL, NCRB definition)","NCRB 'Crime in India' via MHA reply, Rajya Sabha USQ 239 (24.07.2024)",S04_RS_USQ239_2024-07-24_Annex_2018-2022.txt,Annexure 'STATE/UT-WISE CASES REGISTERED UNDER CYBER CRIMES DURING 2018-2022'; no printed page no.,https://www.mha.gov.in/MHA1/Par2017/pdfs/par2024-pdfs/RS24072024/239.pdf,
S04,S04,Puducherry,36,state_ut,uts,2019,4,4,registered cases (CR),"Total cyber crimes (IT Act + IPC + SLL, NCRB definition)","NCRB 'Crime in India' via MHA reply, Rajya Sabha USQ 239 (24.07.2024)",S04_RS_USQ239_2024-07-24_Annex_2018-2022.txt,Annexure 'STATE/UT-WISE CASES REGISTERED UNDER CYBER CRIMES DURING 2018-2022'; no printed page no.,https://www.mha.gov.in/MHA1/Par2017/pdfs/par2024-pdfs/RS24072024/239.pdf,
S04,S04,Puducherry,36,state_ut,uts,2020,10,10,registered cases (CR),"Total cyber crimes (IT Act + IPC + SLL, NCRB definition)","NCRB 'Crime in India' via MHA reply, Rajya Sabha USQ 239 (24.07.2024)",S04_RS_USQ239_2024-07-24_Annex_2018-2022.txt,Annexure 'STATE/UT-WISE CASES REGISTERED UNDER CYBER CRIMES DURING 2018-2022'; no printed page no.,https://www.mha.gov.in/MHA1/Par2017/pdfs/par2024-pdfs/RS24072024/239.pdf,
S04,S04,Puducherry,36,state_ut,uts,2021,0,0,registered cases (CR),"Total cyber crimes (IT Act + IPC + SLL, NCRB definition)","NCRB 'Crime in India' via MHA reply, Rajya Sabha USQ 239 (24.07.2024)",S04_RS_USQ239_2024-07-24_Annex_2018-2022.txt,Annexure 'STATE/UT-WISE CASES REGISTERED UNDER CYBER CRIMES DURING 2018-2022'; no printed page no.,https://www.mha.gov.in/MHA1/Par2017/pdfs/par2024-pdfs/RS24072024/239.pdf,
S04,S04,Puducherry,36,state_ut,uts,2022,64,64,registered cases (CR),"Total cyber crimes (IT Act + IPC + SLL, NCRB definition)","NCRB 'Crime in India' via MHA reply, Rajya Sabha USQ 239 (24.07.2024)",S04_RS_USQ239_2024-07-24_Annex_2018-2022.txt,Annexure 'STATE/UT-WISE CASES REGISTERED UNDER CYBER CRIMES DURING 2018-2022'; no printed page no.,https://www.mha.gov.in/MHA1/Par2017/pdfs/par2024-pdfs/RS24072024/239.pdf,
S04,S04,TOTAL UT(S),,total_uts,uts,2018,317,317,registered cases (CR),"Total cyber crimes (IT Act + IPC + SLL, NCRB definition)","NCRB 'Crime in India' via MHA reply, Rajya Sabha USQ 239 (24.07.2024)",S04_RS_USQ239_2024-07-24_Annex_2018-2022.txt,Annexure 'STATE/UT-WISE CASES REGISTERED UNDER CYBER CRIMES DURING 2018-2022'; no printed page no.,https://www.mha.gov.in/MHA1/Par2017/pdfs/par2024-pdfs/RS24072024/239.pdf,
S04,S04,TOTAL UT(S),,total_uts,uts,2019,224,224,registered cases (CR),"Total cyber crimes (IT Act + IPC + SLL, NCRB definition)","NCRB 'Crime in India' via MHA reply, Rajya Sabha USQ 239 (24.07.2024)",S04_RS_USQ239_2024-07-24_Annex_2018-2022.txt,Annexure 'STATE/UT-WISE CASES REGISTERED UNDER CYBER CRIMES DURING 2018-2022'; no printed page no.,https://www.mha.gov.in/MHA1/Par2017/pdfs/par2024-pdfs/RS24072024/239.pdf,
S04,S04,TOTAL UT(S),,total_uts,uts,2020,327,327,registered cases (CR),"Total cyber crimes (IT Act + IPC + SLL, NCRB definition)","NCRB 'Crime in India' via MHA reply, Rajya Sabha USQ 239 (24.07.2024)",S04_RS_USQ239_2024-07-24_Annex_2018-2022.txt,Annexure 'STATE/UT-WISE CASES REGISTERED UNDER CYBER CRIMES DURING 2018-2022'; no printed page no.,https://www.mha.gov.in/MHA1/Par2017/pdfs/par2024-pdfs/RS24072024/239.pdf,
S04,S04,TOTAL UT(S),,total_uts,uts,2021,544,544,registered cases (CR),"Total cyber crimes (IT Act + IPC + SLL, NCRB definition)","NCRB 'Crime in India' via MHA reply, Rajya Sabha USQ 239 (24.07.2024)",S04_RS_USQ239_2024-07-24_Annex_2018-2022.txt,Annexure 'STATE/UT-WISE CASES REGISTERED UNDER CYBER CRIMES DURING 2018-2022'; no printed page no.,https://www.mha.gov.in/MHA1/Par2017/pdfs/par2024-pdfs/RS24072024/239.pdf,
S04,S04,TOTAL UT(S),,total_uts,uts,2022,986,986,registered cases (CR),"Total cyber crimes (IT Act + IPC + SLL, NCRB definition)","NCRB 'Crime in India' via MHA reply, Rajya Sabha USQ 239 (24.07.2024)",S04_RS_USQ239_2024-07-24_Annex_2018-2022.txt,Annexure 'STATE/UT-WISE CASES REGISTERED UNDER CYBER CRIMES DURING 2018-2022'; no printed page no.,https://www.mha.gov.in/MHA1/Par2017/pdfs/par2024-pdfs/RS24072024/239.pdf,
S04,S04,TOTAL (ALL INDIA),,total_all_india,all_india,2018,27248,27248,registered cases (CR),"Total cyber crimes (IT Act + IPC + SLL, NCRB definition)","NCRB 'Crime in India' via MHA reply, Rajya Sabha USQ 239 (24.07.2024)",S04_RS_USQ239_2024-07-24_Annex_2018-2022.txt,Annexure 'STATE/UT-WISE CASES REGISTERED UNDER CYBER CRIMES DURING 2018-2022'; no printed page no.,https://www.mha.gov.in/MHA1/Par2017/pdfs/par2024-pdfs/RS24072024/239.pdf,
S04,S04,TOTAL (ALL INDIA),,total_all_india,all_india,2019,44735,44735,registered cases (CR),"Total cyber crimes (IT Act + IPC + SLL, NCRB definition)","NCRB 'Crime in India' via MHA reply, Rajya Sabha USQ 239 (24.07.2024)",S04_RS_USQ239_2024-07-24_Annex_2018-2022.txt,Annexure 'STATE/UT-WISE CASES REGISTERED UNDER CYBER CRIMES DURING 2018-2022'; no printed page no.,https://www.mha.gov.in/MHA1/Par2017/pdfs/par2024-pdfs/RS24072024/239.pdf,
S04,S04,TOTAL (ALL INDIA),,total_all_india,all_india,2020,50035,50035,registered cases (CR),"Total cyber crimes (IT Act + IPC + SLL, NCRB definition)","NCRB 'Crime in India' via MHA reply, Rajya Sabha USQ 239 (24.07.2024)",S04_RS_USQ239_2024-07-24_Annex_2018-2022.txt,Annexure 'STATE/UT-WISE CASES REGISTERED UNDER CYBER CRIMES DURING 2018-2022'; no printed page no.,https://www.mha.gov.in/MHA1/Par2017/pdfs/par2024-pdfs/RS24072024/239.pdf,
S04,S04,TOTAL (ALL INDIA),,total_all_india,all_india,2021,52974,52974,registered cases (CR),"Total cyber crimes (IT Act + IPC + SLL, NCRB definition)","NCRB 'Crime in India' via MHA reply, Rajya Sabha USQ 239 (24.07.2024)",S04_RS_USQ239_2024-07-24_Annex_2018-2022.txt,Annexure 'STATE/UT-WISE CASES REGISTERED UNDER CYBER CRIMES DURING 2018-2022'; no printed page no.,https://www.mha.gov.in/MHA1/Par2017/pdfs/par2024-pdfs/RS24072024/239.pdf,
S04,S04,TOTAL (ALL INDIA),,total_all_india,all_india,2022,65893,65893,registered cases (CR),"Total cyber crimes (IT Act + IPC + SLL, NCRB definition)","NCRB 'Crime in India' via MHA reply, Rajya Sabha USQ 239 (24.07.2024)",S04_RS_USQ239_2024-07-24_Annex_2018-2022.txt,Annexure 'STATE/UT-WISE CASES REGISTERED UNDER CYBER CRIMES DURING 2018-2022'; no printed page no.,https://www.mha.gov.in/MHA1/Par2017/pdfs/par2024-pdfs/RS24072024/239.pdf,
S05,S05a,Andhra Pradesh,1,state_ut,states,2018,1207,1207,registered cases (CR),"Total cyber crimes (IT Act + IPC + SLL, NCRB definition)","NCRB 'Crime in India' via MHA reply, Rajya Sabha USQ 234 (27.11.2024)",S05a_RS_USQ234_2024-11-27_AnnexI_2018-2022.txt,Annexure-I 'STATE/UT-WISE CASES REGISTERED UNDER CYBER CRIMES DURING 2018-2022',https://www.mha.gov.in/MHA1/Par2017/pdfs/par2024-pdfs/RS27112024/234.pdf,
S05,S05a,Andhra Pradesh,1,state_ut,states,2019,1886,1886,registered cases (CR),"Total cyber crimes (IT Act + IPC + SLL, NCRB definition)","NCRB 'Crime in India' via MHA reply, Rajya Sabha USQ 234 (27.11.2024)",S05a_RS_USQ234_2024-11-27_AnnexI_2018-2022.txt,Annexure-I 'STATE/UT-WISE CASES REGISTERED UNDER CYBER CRIMES DURING 2018-2022',https://www.mha.gov.in/MHA1/Par2017/pdfs/par2024-pdfs/RS27112024/234.pdf,
S05,S05a,Andhra Pradesh,1,state_ut,states,2020,1899,1899,registered cases (CR),"Total cyber crimes (IT Act + IPC + SLL, NCRB definition)","NCRB 'Crime in India' via MHA reply, Rajya Sabha USQ 234 (27.11.2024)",S05a_RS_USQ234_2024-11-27_AnnexI_2018-2022.txt,Annexure-I 'STATE/UT-WISE CASES REGISTERED UNDER CYBER CRIMES DURING 2018-2022',https://www.mha.gov.in/MHA1/Par2017/pdfs/par2024-pdfs/RS27112024/234.pdf,
S05,S05a,Andhra Pradesh,1,state_ut,states,2021,1875,1875,registered cases (CR),"Total cyber crimes (IT Act + IPC + SLL, NCRB definition)","NCRB 'Crime in India' via MHA reply, Rajya Sabha USQ 234 (27.11.2024)",S05a_RS_USQ234_2024-11-27_AnnexI_2018-2022.txt,Annexure-I 'STATE/UT-WISE CASES REGISTERED UNDER CYBER CRIMES DURING 2018-2022',https://www.mha.gov.in/MHA1/Par2017/pdfs/par2024-pdfs/RS27112024/234.pdf,
S05,S05a,Andhra Pradesh,1,state_ut,states,2022,2341,2341,registered cases (CR),"Total cyber crimes (IT Act + IPC + SLL, NCRB definition)","NCRB 'Crime in India' via MHA reply, Rajya Sabha USQ 234 (27.11.2024)",S05a_RS_USQ234_2024-11-27_AnnexI_2018-2022.txt,Annexure-I 'STATE/UT-WISE CASES REGISTERED UNDER CYBER CRIMES DURING 2018-2022',https://www.mha.gov.in/MHA1/Par2017/pdfs/par2024-pdfs/RS27112024/234.pdf,
S05,S05a,Arunachal Pradesh,2,state_ut,states,2018,7,7,registered cases (CR),"Total cyber crimes (IT Act + IPC + SLL, NCRB definition)","NCRB 'Crime in India' via MHA reply, Rajya Sabha USQ 234 (27.11.2024)",S05a_RS_USQ234_2024-11-27_AnnexI_2018-2022.txt,Annexure-I 'STATE/UT-WISE CASES REGISTERED UNDER CYBER CRIMES DURING 2018-2022',https://www.mha.gov.in/MHA1/Par2017/pdfs/par2024-pdfs/RS27112024/234.pdf,
S05,S05a,Arunachal Pradesh,2,state_ut,states,2019,8,8,registered cases (CR),"Total cyber crimes (IT Act + IPC + SLL, NCRB definition)","NCRB 'Crime in India' via MHA reply, Rajya Sabha USQ 234 (27.11.2024)",S05a_RS_USQ234_2024-11-27_AnnexI_2018-2022.txt,Annexure-I 'STATE/UT-WISE CASES REGISTERED UNDER CYBER CRIMES DURING 2018-2022',https://www.mha.gov.in/MHA1/Par2017/pdfs/par2024-pdfs/RS27112024/234.pdf,
S05,S05a,Arunachal Pradesh,2,state_ut,states,2020,30,30,registered cases (CR),"Total cyber crimes (IT Act + IPC + SLL, NCRB definition)","NCRB 'Crime in India' via MHA reply, Rajya Sabha USQ 234 (27.11.2024)",S05a_RS_USQ234_2024-11-27_AnnexI_2018-2022.txt,Annexure-I 'STATE/UT-WISE CASES REGISTERED UNDER CYBER CRIMES DURING 2018-2022',https://www.mha.gov.in/MHA1/Par2017/pdfs/par2024-pdfs/RS27112024/234.pdf,
S05,S05a,Arunachal Pradesh,2,state_ut,states,2021,47,47,registered cases (CR),"Total cyber crimes (IT Act + IPC + SLL, NCRB definition)","NCRB 'Crime in India' via MHA reply, Rajya Sabha USQ 234 (27.11.2024)",S05a_RS_USQ234_2024-11-27_AnnexI_2018-2022.txt,Annexure-I 'STATE/UT-WISE CASES REGISTERED UNDER CYBER CRIMES DURING 2018-2022',https://www.mha.gov.in/MHA1/Par2017/pdfs/par2024-pdfs/RS27112024/234.pdf,
S05,S05a,Arunachal Pradesh,2,state_ut,states,2022,14,14,registered cases (CR),"Total cyber crimes (IT Act + IPC + SLL, NCRB definition)","NCRB 'Crime in India' via MHA reply, Rajya Sabha USQ 234 (27.11.2024)",S05a_RS_USQ234_2024-11-27_AnnexI_2018-2022.txt,Annexure-I 'STATE/UT-WISE CASES REGISTERED UNDER CYBER CRIMES DURING 2018-2022',https://www.mha.gov.in/MHA1/Par2017/pdfs/par2024-pdfs/RS27112024/234.pdf,
S05,S05a,Assam,3,state_ut,states,2018,2022,2022,registered cases (CR),"Total cyber crimes (IT Act + IPC + SLL, NCRB definition)","NCRB 'Crime in India' via MHA reply, Rajya Sabha USQ 234 (27.11.2024)",S05a_RS_USQ234_2024-11-27_AnnexI_2018-2022.txt,Annexure-I 'STATE/UT-WISE CASES REGISTERED UNDER CYBER CRIMES DURING 2018-2022',https://www.mha.gov.in/MHA1/Par2017/pdfs/par2024-pdfs/RS27112024/234.pdf,
S05,S05a,Assam,3,state_ut,states,2019,2231,2231,registered cases (CR),"Total cyber crimes (IT Act + IPC + SLL, NCRB definition)","NCRB 'Crime in India' via MHA reply, Rajya Sabha USQ 234 (27.11.2024)",S05a_RS_USQ234_2024-11-27_AnnexI_2018-2022.txt,Annexure-I 'STATE/UT-WISE CASES REGISTERED UNDER CYBER CRIMES DURING 2018-2022',https://www.mha.gov.in/MHA1/Par2017/pdfs/par2024-pdfs/RS27112024/234.pdf,
S05,S05a,Assam,3,state_ut,states,2020,3530,3530,registered cases (CR),"Total cyber crimes (IT Act + IPC + SLL, NCRB definition)","NCRB 'Crime in India' via MHA reply, Rajya Sabha USQ 234 (27.11.2024)",S05a_RS_USQ234_2024-11-27_AnnexI_2018-2022.txt,Annexure-I 'STATE/UT-WISE CASES REGISTERED UNDER CYBER CRIMES DURING 2018-2022',https://www.mha.gov.in/MHA1/Par2017/pdfs/par2024-pdfs/RS27112024/234.pdf,
S05,S05a,Assam,3,state_ut,states,2021,4846,4846,registered cases (CR),"Total cyber crimes (IT Act + IPC + SLL, NCRB definition)","NCRB 'Crime in India' via MHA reply, Rajya Sabha USQ 234 (27.11.2024)",S05a_RS_USQ234_2024-11-27_AnnexI_2018-2022.txt,Annexure-I 'STATE/UT-WISE CASES REGISTERED UNDER CYBER CRIMES DURING 2018-2022',https://www.mha.gov.in/MHA1/Par2017/pdfs/par2024-pdfs/RS27112024/234.pdf,
S05,S05a,Assam,3,state_ut,states,2022,1733,1733,registered cases (CR),"Total cyber crimes (IT Act + IPC + SLL, NCRB definition)","NCRB 'Crime in India' via MHA reply, Rajya Sabha USQ 234 (27.11.2024)",S05a_RS_USQ234_2024-11-27_AnnexI_2018-2022.txt,Annexure-I 'STATE/UT-WISE CASES REGISTERED UNDER CYBER CRIMES DURING 2018-2022',https://www.mha.gov.in/MHA1/Par2017/pdfs/par2024-pdfs/RS27112024/234.pdf,
S05,S05a,Bihar,4,state_ut,states,2018,374,374,registered cases (CR),"Total cyber crimes (IT Act + IPC + SLL, NCRB definition)","NCRB 'Crime in India' via MHA reply, Rajya Sabha USQ 234 (27.11.2024)",S05a_RS_USQ234_2024-11-27_AnnexI_2018-2022.txt,Annexure-I 'STATE/UT-WISE CASES REGISTERED UNDER CYBER CRIMES DURING 2018-2022',https://www.mha.gov.in/MHA1/Par2017/pdfs/par2024-pdfs/RS27112024/234.pdf,
S05,S05a,Bihar,4,state_ut,states,2019,1050,1050,registered cases (CR),"Total cyber crimes (IT Act + IPC + SLL, NCRB definition)","NCRB 'Crime in India' via MHA reply, Rajya Sabha USQ 234 (27.11.2024)",S05a_RS_USQ234_2024-11-27_AnnexI_2018-2022.txt,Annexure-I 'STATE/UT-WISE CASES REGISTERED UNDER CYBER CRIMES DURING 2018-2022',https://www.mha.gov.in/MHA1/Par2017/pdfs/par2024-pdfs/RS27112024/234.pdf,
S05,S05a,Bihar,4,state_ut,states,2020,1512,1512,registered cases (CR),"Total cyber crimes (IT Act + IPC + SLL, NCRB definition)","NCRB 'Crime in India' via MHA reply, Rajya Sabha USQ 234 (27.11.2024)",S05a_RS_USQ234_2024-11-27_AnnexI_2018-2022.txt,Annexure-I 'STATE/UT-WISE CASES REGISTERED UNDER CYBER CRIMES DURING 2018-2022',https://www.mha.gov.in/MHA1/Par2017/pdfs/par2024-pdfs/RS27112024/234.pdf,
S05,S05a,Bihar,4,state_ut,states,2021,1413,1413,registered cases (CR),"Total cyber crimes (IT Act + IPC + SLL, NCRB definition)","NCRB 'Crime in India' via MHA reply, Rajya Sabha USQ 234 (27.11.2024)",S05a_RS_USQ234_2024-11-27_AnnexI_2018-2022.txt,Annexure-I 'STATE/UT-WISE CASES REGISTERED UNDER CYBER CRIMES DURING 2018-2022',https://www.mha.gov.in/MHA1/Par2017/pdfs/par2024-pdfs/RS27112024/234.pdf,
S05,S05a,Bihar,4,state_ut,states,2022,1621,1621,registered cases (CR),"Total cyber crimes (IT Act + IPC + SLL, NCRB definition)","NCRB 'Crime in India' via MHA reply, Rajya Sabha USQ 234 (27.11.2024)",S05a_RS_USQ234_2024-11-27_AnnexI_2018-2022.txt,Annexure-I 'STATE/UT-WISE CASES REGISTERED UNDER CYBER CRIMES DURING 2018-2022',https://www.mha.gov.in/MHA1/Par2017/pdfs/par2024-pdfs/RS27112024/234.pdf,
S05,S05a,Chhattisgarh,5,state_ut,states,2018,139,139,registered cases (CR),"Total cyber crimes (IT Act + IPC + SLL, NCRB definition)","NCRB 'Crime in India' via MHA reply, Rajya Sabha USQ 234 (27.11.2024)",S05a_RS_USQ234_2024-11-27_AnnexI_2018-2022.txt,Annexure-I 'STATE/UT-WISE CASES REGISTERED UNDER CYBER CRIMES DURING 2018-2022',https://www.mha.gov.in/MHA1/Par2017/pdfs/par2024-pdfs/RS27112024/234.pdf,
S05,S05a,Chhattisgarh,5,state_ut,states,2019,175,175,registered cases (CR),"Total cyber crimes (IT Act + IPC + SLL, NCRB definition)","NCRB 'Crime in India' via MHA reply, Rajya Sabha USQ 234 (27.11.2024)",S05a_RS_USQ234_2024-11-27_AnnexI_2018-2022.txt,Annexure-I 'STATE/UT-WISE CASES REGISTERED UNDER CYBER CRIMES DURING 2018-2022',https://www.mha.gov.in/MHA1/Par2017/pdfs/par2024-pdfs/RS27112024/234.pdf,
S05,S05a,Chhattisgarh,5,state_ut,states,2020,297,297,registered cases (CR),"Total cyber crimes (IT Act + IPC + SLL, NCRB definition)","NCRB 'Crime in India' via MHA reply, Rajya Sabha USQ 234 (27.11.2024)",S05a_RS_USQ234_2024-11-27_AnnexI_2018-2022.txt,Annexure-I 'STATE/UT-WISE CASES REGISTERED UNDER CYBER CRIMES DURING 2018-2022',https://www.mha.gov.in/MHA1/Par2017/pdfs/par2024-pdfs/RS27112024/234.pdf,
S05,S05a,Chhattisgarh,5,state_ut,states,2021,352,352,registered cases (CR),"Total cyber crimes (IT Act + IPC + SLL, NCRB definition)","NCRB 'Crime in India' via MHA reply, Rajya Sabha USQ 234 (27.11.2024)",S05a_RS_USQ234_2024-11-27_AnnexI_2018-2022.txt,Annexure-I 'STATE/UT-WISE CASES REGISTERED UNDER CYBER CRIMES DURING 2018-2022',https://www.mha.gov.in/MHA1/Par2017/pdfs/par2024-pdfs/RS27112024/234.pdf,
S05,S05a,Chhattisgarh,5,state_ut,states,2022,439,439,registered cases (CR),"Total cyber crimes (IT Act + IPC + SLL, NCRB definition)","NCRB 'Crime in India' via MHA reply, Rajya Sabha USQ 234 (27.11.2024)",S05a_RS_USQ234_2024-11-27_AnnexI_2018-2022.txt,Annexure-I 'STATE/UT-WISE CASES REGISTERED UNDER CYBER CRIMES DURING 2018-2022',https://www.mha.gov.in/MHA1/Par2017/pdfs/par2024-pdfs/RS27112024/234.pdf,
S05,S05a,Goa,6,state_ut,states,2018,29,29,registered cases (CR),"Total cyber crimes (IT Act + IPC + SLL, NCRB definition)","NCRB 'Crime in India' via MHA reply, Rajya Sabha USQ 234 (27.11.2024)",S05a_RS_USQ234_2024-11-27_AnnexI_2018-2022.txt,Annexure-I 'STATE/UT-WISE CASES REGISTERED UNDER CYBER CRIMES DURING 2018-2022',https://www.mha.gov.in/MHA1/Par2017/pdfs/par2024-pdfs/RS27112024/234.pdf,
S05,S05a,Goa,6,state_ut,states,2019,15,15,registered cases (CR),"Total cyber crimes (IT Act + IPC + SLL, NCRB definition)","NCRB 'Crime in India' via MHA reply, Rajya Sabha USQ 234 (27.11.2024)",S05a_RS_USQ234_2024-11-27_AnnexI_2018-2022.txt,Annexure-I 'STATE/UT-WISE CASES REGISTERED UNDER CYBER CRIMES DURING 2018-2022',https://www.mha.gov.in/MHA1/Par2017/pdfs/par2024-pdfs/RS27112024/234.pdf,
S05,S05a,Goa,6,state_ut,states,2020,40,40,registered cases (CR),"Total cyber crimes (IT Act + IPC + SLL, NCRB definition)","NCRB 'Crime in India' via MHA reply, Rajya Sabha USQ 234 (27.11.2024)",S05a_RS_USQ234_2024-11-27_AnnexI_2018-2022.txt,Annexure-I 'STATE/UT-WISE CASES REGISTERED UNDER CYBER CRIMES DURING 2018-2022',https://www.mha.gov.in/MHA1/Par2017/pdfs/par2024-pdfs/RS27112024/234.pdf,
S05,S05a,Goa,6,state_ut,states,2021,36,36,registered cases (CR),"Total cyber crimes (IT Act + IPC + SLL, NCRB definition)","NCRB 'Crime in India' via MHA reply, Rajya Sabha USQ 234 (27.11.2024)",S05a_RS_USQ234_2024-11-27_AnnexI_2018-2022.txt,Annexure-I 'STATE/UT-WISE CASES REGISTERED UNDER CYBER CRIMES DURING 2018-2022',https://www.mha.gov.in/MHA1/Par2017/pdfs/par2024-pdfs/RS27112024/234.pdf,
S05,S05a,Goa,6,state_ut,states,2022,90,90,registered cases (CR),"Total cyber crimes (IT Act + IPC + SLL, NCRB definition)","NCRB 'Crime in India' via MHA reply, Rajya Sabha USQ 234 (27.11.2024)",S05a_RS_USQ234_2024-11-27_AnnexI_2018-2022.txt,Annexure-I 'STATE/UT-WISE CASES REGISTERED UNDER CYBER CRIMES DURING 2018-2022',https://www.mha.gov.in/MHA1/Par2017/pdfs/par2024-pdfs/RS27112024/234.pdf,
S05,S05a,Gujarat,7,state_ut,states,2018,702,702,registered cases (CR),"Total cyber crimes (IT Act + IPC + SLL, NCRB definition)","NCRB 'Crime in India' via MHA reply, Rajya Sabha USQ 234 (27.11.2024)",S05a_RS_USQ234_2024-11-27_AnnexI_2018-2022.txt,Annexure-I 'STATE/UT-WISE CASES REGISTERED UNDER CYBER CRIMES DURING 2018-2022',https://www.mha.gov.in/MHA1/Par2017/pdfs/par2024-pdfs/RS27112024/234.pdf,
S05,S05a,Gujarat,7,state_ut,states,2019,784,784,registered cases (CR),"Total cyber crimes (IT Act + IPC + SLL, NCRB definition)","NCRB 'Crime in India' via MHA reply, Rajya Sabha USQ 234 (27.11.2024)",S05a_RS_USQ234_2024-11-27_AnnexI_2018-2022.txt,Annexure-I 'STATE/UT-WISE CASES REGISTERED UNDER CYBER CRIMES DURING 2018-2022',https://www.mha.gov.in/MHA1/Par2017/pdfs/par2024-pdfs/RS27112024/234.pdf,
S05,S05a,Gujarat,7,state_ut,states,2020,1283,1283,registered cases (CR),"Total cyber crimes (IT Act + IPC + SLL, NCRB definition)","NCRB 'Crime in India' via MHA reply, Rajya Sabha USQ 234 (27.11.2024)",S05a_RS_USQ234_2024-11-27_AnnexI_2018-2022.txt,Annexure-I 'STATE/UT-WISE CASES REGISTERED UNDER CYBER CRIMES DURING 2018-2022',https://www.mha.gov.in/MHA1/Par2017/pdfs/par2024-pdfs/RS27112024/234.pdf,
S05,S05a,Gujarat,7,state_ut,states,2021,1536,1536,registered cases (CR),"Total cyber crimes (IT Act + IPC + SLL, NCRB definition)","NCRB 'Crime in India' via MHA reply, Rajya Sabha USQ 234 (27.11.2024)",S05a_RS_USQ234_2024-11-27_AnnexI_2018-2022.txt,Annexure-I 'STATE/UT-WISE CASES REGISTERED UNDER CYBER CRIMES DURING 2018-2022',https://www.mha.gov.in/MHA1/Par2017/pdfs/par2024-pdfs/RS27112024/234.pdf,
S05,S05a,Gujarat,7,state_ut,states,2022,1417,1417,registered cases (CR),"Total cyber crimes (IT Act + IPC + SLL, NCRB definition)","NCRB 'Crime in India' via MHA reply, Rajya Sabha USQ 234 (27.11.2024)",S05a_RS_USQ234_2024-11-27_AnnexI_2018-2022.txt,Annexure-I 'STATE/UT-WISE CASES REGISTERED UNDER CYBER CRIMES DURING 2018-2022',https://www.mha.gov.in/MHA1/Par2017/pdfs/par2024-pdfs/RS27112024/234.pdf,
S05,S05a,Haryana,8,state_ut,states,2018,418,418,registered cases (CR),"Total cyber crimes (IT Act + IPC + SLL, NCRB definition)","NCRB 'Crime in India' via MHA reply, Rajya Sabha USQ 234 (27.11.2024)",S05a_RS_USQ234_2024-11-27_AnnexI_2018-2022.txt,Annexure-I 'STATE/UT-WISE CASES REGISTERED UNDER CYBER CRIMES DURING 2018-2022',https://www.mha.gov.in/MHA1/Par2017/pdfs/par2024-pdfs/RS27112024/234.pdf,
S05,S05a,Haryana,8,state_ut,states,2019,564,564,registered cases (CR),"Total cyber crimes (IT Act + IPC + SLL, NCRB definition)","NCRB 'Crime in India' via MHA reply, Rajya Sabha USQ 234 (27.11.2024)",S05a_RS_USQ234_2024-11-27_AnnexI_2018-2022.txt,Annexure-I 'STATE/UT-WISE CASES REGISTERED UNDER CYBER CRIMES DURING 2018-2022',https://www.mha.gov.in/MHA1/Par2017/pdfs/par2024-pdfs/RS27112024/234.pdf,
S05,S05a,Haryana,8,state_ut,states,2020,656,656,registered cases (CR),"Total cyber crimes (IT Act + IPC + SLL, NCRB definition)","NCRB 'Crime in India' via MHA reply, Rajya Sabha USQ 234 (27.11.2024)",S05a_RS_USQ234_2024-11-27_AnnexI_2018-2022.txt,Annexure-I 'STATE/UT-WISE CASES REGISTERED UNDER CYBER CRIMES DURING 2018-2022',https://www.mha.gov.in/MHA1/Par2017/pdfs/par2024-pdfs/RS27112024/234.pdf,
S05,S05a,Haryana,8,state_ut,states,2021,622,622,registered cases (CR),"Total cyber crimes (IT Act + IPC + SLL, NCRB definition)","NCRB 'Crime in India' via MHA reply, Rajya Sabha USQ 234 (27.11.2024)",S05a_RS_USQ234_2024-11-27_AnnexI_2018-2022.txt,Annexure-I 'STATE/UT-WISE CASES REGISTERED UNDER CYBER CRIMES DURING 2018-2022',https://www.mha.gov.in/MHA1/Par2017/pdfs/par2024-pdfs/RS27112024/234.pdf,
S05,S05a,Haryana,8,state_ut,states,2022,681,681,registered cases (CR),"Total cyber crimes (IT Act + IPC + SLL, NCRB definition)","NCRB 'Crime in India' via MHA reply, Rajya Sabha USQ 234 (27.11.2024)",S05a_RS_USQ234_2024-11-27_AnnexI_2018-2022.txt,Annexure-I 'STATE/UT-WISE CASES REGISTERED UNDER CYBER CRIMES DURING 2018-2022',https://www.mha.gov.in/MHA1/Par2017/pdfs/par2024-pdfs/RS27112024/234.pdf,
S05,S05a,Himachal Pradesh,9,state_ut,states,2018,69,69,registered cases (CR),"Total cyber crimes (IT Act + IPC + SLL, NCRB definition)","NCRB 'Crime in India' via MHA reply, Rajya Sabha USQ 234 (27.11.2024)",S05a_RS_USQ234_2024-11-27_AnnexI_2018-2022.txt,Annexure-I 'STATE/UT-WISE CASES REGISTERED UNDER CYBER CRIMES DURING 2018-2022',https://www.mha.gov.in/MHA1/Par2017/pdfs/par2024-pdfs/RS27112024/234.pdf,
S05,S05a,Himachal Pradesh,9,state_ut,states,2019,76,76,registered cases (CR),"Total cyber crimes (IT Act + IPC + SLL, NCRB definition)","NCRB 'Crime in India' via MHA reply, Rajya Sabha USQ 234 (27.11.2024)",S05a_RS_USQ234_2024-11-27_AnnexI_2018-2022.txt,Annexure-I 'STATE/UT-WISE CASES REGISTERED UNDER CYBER CRIMES DURING 2018-2022',https://www.mha.gov.in/MHA1/Par2017/pdfs/par2024-pdfs/RS27112024/234.pdf,
S05,S05a,Himachal Pradesh,9,state_ut,states,2020,98,98,registered cases (CR),"Total cyber crimes (IT Act + IPC + SLL, NCRB definition)","NCRB 'Crime in India' via MHA reply, Rajya Sabha USQ 234 (27.11.2024)",S05a_RS_USQ234_2024-11-27_AnnexI_2018-2022.txt,Annexure-I 'STATE/UT-WISE CASES REGISTERED UNDER CYBER CRIMES DURING 2018-2022',https://www.mha.gov.in/MHA1/Par2017/pdfs/par2024-pdfs/RS27112024/234.pdf,
S05,S05a,Himachal Pradesh,9,state_ut,states,2021,70,70,registered cases (CR),"Total cyber crimes (IT Act + IPC + SLL, NCRB definition)","NCRB 'Crime in India' via MHA reply, Rajya Sabha USQ 234 (27.11.2024)",S05a_RS_USQ234_2024-11-27_AnnexI_2018-2022.txt,Annexure-I 'STATE/UT-WISE CASES REGISTERED UNDER CYBER CRIMES DURING 2018-2022',https://www.mha.gov.in/MHA1/Par2017/pdfs/par2024-pdfs/RS27112024/234.pdf,
S05,S05a,Himachal Pradesh,9,state_ut,states,2022,77,77,registered cases (CR),"Total cyber crimes (IT Act + IPC + SLL, NCRB definition)","NCRB 'Crime in India' via MHA reply, Rajya Sabha USQ 234 (27.11.2024)",S05a_RS_USQ234_2024-11-27_AnnexI_2018-2022.txt,Annexure-I 'STATE/UT-WISE CASES REGISTERED UNDER CYBER CRIMES DURING 2018-2022',https://www.mha.gov.in/MHA1/Par2017/pdfs/par2024-pdfs/RS27112024/234.pdf,
S05,S05a,Jharkhand,10,state_ut,states,2018,930,930,registered cases (CR),"Total cyber crimes (IT Act + IPC + SLL, NCRB definition)","NCRB 'Crime in India' via MHA reply, Rajya Sabha USQ 234 (27.11.2024)",S05a_RS_USQ234_2024-11-27_AnnexI_2018-2022.txt,Annexure-I 'STATE/UT-WISE CASES REGISTERED UNDER CYBER CRIMES DURING 2018-2022',https://www.mha.gov.in/MHA1/Par2017/pdfs/par2024-pdfs/RS27112024/234.pdf,
S05,S05a,Jharkhand,10,state_ut,states,2019,1095,1095,registered cases (CR),"Total cyber crimes (IT Act + IPC + SLL, NCRB definition)","NCRB 'Crime in India' via MHA reply, Rajya Sabha USQ 234 (27.11.2024)",S05a_RS_USQ234_2024-11-27_AnnexI_2018-2022.txt,Annexure-I 'STATE/UT-WISE CASES REGISTERED UNDER CYBER CRIMES DURING 2018-2022',https://www.mha.gov.in/MHA1/Par2017/pdfs/par2024-pdfs/RS27112024/234.pdf,
S05,S05a,Jharkhand,10,state_ut,states,2020,1204,1204,registered cases (CR),"Total cyber crimes (IT Act + IPC + SLL, NCRB definition)","NCRB 'Crime in India' via MHA reply, Rajya Sabha USQ 234 (27.11.2024)",S05a_RS_USQ234_2024-11-27_AnnexI_2018-2022.txt,Annexure-I 'STATE/UT-WISE CASES REGISTERED UNDER CYBER CRIMES DURING 2018-2022',https://www.mha.gov.in/MHA1/Par2017/pdfs/par2024-pdfs/RS27112024/234.pdf,
S05,S05a,Jharkhand,10,state_ut,states,2021,953,953,registered cases (CR),"Total cyber crimes (IT Act + IPC + SLL, NCRB definition)","NCRB 'Crime in India' via MHA reply, Rajya Sabha USQ 234 (27.11.2024)",S05a_RS_USQ234_2024-11-27_AnnexI_2018-2022.txt,Annexure-I 'STATE/UT-WISE CASES REGISTERED UNDER CYBER CRIMES DURING 2018-2022',https://www.mha.gov.in/MHA1/Par2017/pdfs/par2024-pdfs/RS27112024/234.pdf,
S05,S05a,Jharkhand,10,state_ut,states,2022,967,967,registered cases (CR),"Total cyber crimes (IT Act + IPC + SLL, NCRB definition)","NCRB 'Crime in India' via MHA reply, Rajya Sabha USQ 234 (27.11.2024)",S05a_RS_USQ234_2024-11-27_AnnexI_2018-2022.txt,Annexure-I 'STATE/UT-WISE CASES REGISTERED UNDER CYBER CRIMES DURING 2018-2022',https://www.mha.gov.in/MHA1/Par2017/pdfs/par2024-pdfs/RS27112024/234.pdf,
S05,S05a,Karnataka,11,state_ut,states,2018,5839,5839,registered cases (CR),"Total cyber crimes (IT Act + IPC + SLL, NCRB definition)","NCRB 'Crime in India' via MHA reply, Rajya Sabha USQ 234 (27.11.2024)",S05a_RS_USQ234_2024-11-27_AnnexI_2018-2022.txt,Annexure-I 'STATE/UT-WISE CASES REGISTERED UNDER CYBER CRIMES DURING 2018-2022',https://www.mha.gov.in/MHA1/Par2017/pdfs/par2024-pdfs/RS27112024/234.pdf,
S05,S05a,Karnataka,11,state_ut,states,2019,12020,12020,registered cases (CR),"Total cyber crimes (IT Act + IPC + SLL, NCRB definition)","NCRB 'Crime in India' via MHA reply, Rajya Sabha USQ 234 (27.11.2024)",S05a_RS_USQ234_2024-11-27_AnnexI_2018-2022.txt,Annexure-I 'STATE/UT-WISE CASES REGISTERED UNDER CYBER CRIMES DURING 2018-2022',https://www.mha.gov.in/MHA1/Par2017/pdfs/par2024-pdfs/RS27112024/234.pdf,
S05,S05a,Karnataka,11,state_ut,states,2020,10741,10741,registered cases (CR),"Total cyber crimes (IT Act + IPC + SLL, NCRB definition)","NCRB 'Crime in India' via MHA reply, Rajya Sabha USQ 234 (27.11.2024)",S05a_RS_USQ234_2024-11-27_AnnexI_2018-2022.txt,Annexure-I 'STATE/UT-WISE CASES REGISTERED UNDER CYBER CRIMES DURING 2018-2022',https://www.mha.gov.in/MHA1/Par2017/pdfs/par2024-pdfs/RS27112024/234.pdf,
S05,S05a,Karnataka,11,state_ut,states,2021,8136,8136,registered cases (CR),"Total cyber crimes (IT Act + IPC + SLL, NCRB definition)","NCRB 'Crime in India' via MHA reply, Rajya Sabha USQ 234 (27.11.2024)",S05a_RS_USQ234_2024-11-27_AnnexI_2018-2022.txt,Annexure-I 'STATE/UT-WISE CASES REGISTERED UNDER CYBER CRIMES DURING 2018-2022',https://www.mha.gov.in/MHA1/Par2017/pdfs/par2024-pdfs/RS27112024/234.pdf,
S05,S05a,Karnataka,11,state_ut,states,2022,12556,12556,registered cases (CR),"Total cyber crimes (IT Act + IPC + SLL, NCRB definition)","NCRB 'Crime in India' via MHA reply, Rajya Sabha USQ 234 (27.11.2024)",S05a_RS_USQ234_2024-11-27_AnnexI_2018-2022.txt,Annexure-I 'STATE/UT-WISE CASES REGISTERED UNDER CYBER CRIMES DURING 2018-2022',https://www.mha.gov.in/MHA1/Par2017/pdfs/par2024-pdfs/RS27112024/234.pdf,
S05,S05a,Kerala,12,state_ut,states,2018,340,340,registered cases (CR),"Total cyber crimes (IT Act + IPC + SLL, NCRB definition)","NCRB 'Crime in India' via MHA reply, Rajya Sabha USQ 234 (27.11.2024)",S05a_RS_USQ234_2024-11-27_AnnexI_2018-2022.txt,Annexure-I 'STATE/UT-WISE CASES REGISTERED UNDER CYBER CRIMES DURING 2018-2022',https://www.mha.gov.in/MHA1/Par2017/pdfs/par2024-pdfs/RS27112024/234.pdf,
S05,S05a,Kerala,12,state_ut,states,2019,307,307,registered cases (CR),"Total cyber crimes (IT Act + IPC + SLL, NCRB definition)","NCRB 'Crime in India' via MHA reply, Rajya Sabha USQ 234 (27.11.2024)",S05a_RS_USQ234_2024-11-27_AnnexI_2018-2022.txt,Annexure-I 'STATE/UT-WISE CASES REGISTERED UNDER CYBER CRIMES DURING 2018-2022',https://www.mha.gov.in/MHA1/Par2017/pdfs/par2024-pdfs/RS27112024/234.pdf,
S05,S05a,Kerala,12,state_ut,states,2020,426,426,registered cases (CR),"Total cyber crimes (IT Act + IPC + SLL, NCRB definition)","NCRB 'Crime in India' via MHA reply, Rajya Sabha USQ 234 (27.11.2024)",S05a_RS_USQ234_2024-11-27_AnnexI_2018-2022.txt,Annexure-I 'STATE/UT-WISE CASES REGISTERED UNDER CYBER CRIMES DURING 2018-2022',https://www.mha.gov.in/MHA1/Par2017/pdfs/par2024-pdfs/RS27112024/234.pdf,
S05,S05a,Kerala,12,state_ut,states,2021,626,626,registered cases (CR),"Total cyber crimes (IT Act + IPC + SLL, NCRB definition)","NCRB 'Crime in India' via MHA reply, Rajya Sabha USQ 234 (27.11.2024)",S05a_RS_USQ234_2024-11-27_AnnexI_2018-2022.txt,Annexure-I 'STATE/UT-WISE CASES REGISTERED UNDER CYBER CRIMES DURING 2018-2022',https://www.mha.gov.in/MHA1/Par2017/pdfs/par2024-pdfs/RS27112024/234.pdf,
S05,S05a,Kerala,12,state_ut,states,2022,773,773,registered cases (CR),"Total cyber crimes (IT Act + IPC + SLL, NCRB definition)","NCRB 'Crime in India' via MHA reply, Rajya Sabha USQ 234 (27.11.2024)",S05a_RS_USQ234_2024-11-27_AnnexI_2018-2022.txt,Annexure-I 'STATE/UT-WISE CASES REGISTERED UNDER CYBER CRIMES DURING 2018-2022',https://www.mha.gov.in/MHA1/Par2017/pdfs/par2024-pdfs/RS27112024/234.pdf,
S05,S05a,Madhya Pradesh,13,state_ut,states,2018,740,740,registered cases (CR),"Total cyber crimes (IT Act + IPC + SLL, NCRB definition)","NCRB 'Crime in India' via MHA reply, Rajya Sabha USQ 234 (27.11.2024)",S05a_RS_USQ234_2024-11-27_AnnexI_2018-2022.txt,Annexure-I 'STATE/UT-WISE CASES REGISTERED UNDER CYBER CRIMES DURING 2018-2022',https://www.mha.gov.in/MHA1/Par2017/pdfs/par2024-pdfs/RS27112024/234.pdf,
S05,S05a,Madhya Pradesh,13,state_ut,states,2019,602,602,registered cases (CR),"Total cyber crimes (IT Act + IPC + SLL, NCRB definition)","NCRB 'Crime in India' via MHA reply, Rajya Sabha USQ 234 (27.11.2024)",S05a_RS_USQ234_2024-11-27_AnnexI_2018-2022.txt,Annexure-I 'STATE/UT-WISE CASES REGISTERED UNDER CYBER CRIMES DURING 2018-2022',https://www.mha.gov.in/MHA1/Par2017/pdfs/par2024-pdfs/RS27112024/234.pdf,
S05,S05a,Madhya Pradesh,13,state_ut,states,2020,699,699,registered cases (CR),"Total cyber crimes (IT Act + IPC + SLL, NCRB definition)","NCRB 'Crime in India' via MHA reply, Rajya Sabha USQ 234 (27.11.2024)",S05a_RS_USQ234_2024-11-27_AnnexI_2018-2022.txt,Annexure-I 'STATE/UT-WISE CASES REGISTERED UNDER CYBER CRIMES DURING 2018-2022',https://www.mha.gov.in/MHA1/Par2017/pdfs/par2024-pdfs/RS27112024/234.pdf,
S05,S05a,Madhya Pradesh,13,state_ut,states,2021,589,589,registered cases (CR),"Total cyber crimes (IT Act + IPC + SLL, NCRB definition)","NCRB 'Crime in India' via MHA reply, Rajya Sabha USQ 234 (27.11.2024)",S05a_RS_USQ234_2024-11-27_AnnexI_2018-2022.txt,Annexure-I 'STATE/UT-WISE CASES REGISTERED UNDER CYBER CRIMES DURING 2018-2022',https://www.mha.gov.in/MHA1/Par2017/pdfs/par2024-pdfs/RS27112024/234.pdf,
S05,S05a,Madhya Pradesh,13,state_ut,states,2022,826,826,registered cases (CR),"Total cyber crimes (IT Act + IPC + SLL, NCRB definition)","NCRB 'Crime in India' via MHA reply, Rajya Sabha USQ 234 (27.11.2024)",S05a_RS_USQ234_2024-11-27_AnnexI_2018-2022.txt,Annexure-I 'STATE/UT-WISE CASES REGISTERED UNDER CYBER CRIMES DURING 2018-2022',https://www.mha.gov.in/MHA1/Par2017/pdfs/par2024-pdfs/RS27112024/234.pdf,
S05,S05a,Maharashtra,14,state_ut,states,2018,3511,3511,registered cases (CR),"Total cyber crimes (IT Act + IPC + SLL, NCRB definition)","NCRB 'Crime in India' via MHA reply, Rajya Sabha USQ 234 (27.11.2024)",S05a_RS_USQ234_2024-11-27_AnnexI_2018-2022.txt,Annexure-I 'STATE/UT-WISE CASES REGISTERED UNDER CYBER CRIMES DURING 2018-2022',https://www.mha.gov.in/MHA1/Par2017/pdfs/par2024-pdfs/RS27112024/234.pdf,
S05,S05a,Maharashtra,14,state_ut,states,2019,4967,4967,registered cases (CR),"Total cyber crimes (IT Act + IPC + SLL, NCRB definition)","NCRB 'Crime in India' via MHA reply, Rajya Sabha USQ 234 (27.11.2024)",S05a_RS_USQ234_2024-11-27_AnnexI_2018-2022.txt,Annexure-I 'STATE/UT-WISE CASES REGISTERED UNDER CYBER CRIMES DURING 2018-2022',https://www.mha.gov.in/MHA1/Par2017/pdfs/par2024-pdfs/RS27112024/234.pdf,
S05,S05a,Maharashtra,14,state_ut,states,2020,5496,5496,registered cases (CR),"Total cyber crimes (IT Act + IPC + SLL, NCRB definition)","NCRB 'Crime in India' via MHA reply, Rajya Sabha USQ 234 (27.11.2024)",S05a_RS_USQ234_2024-11-27_AnnexI_2018-2022.txt,Annexure-I 'STATE/UT-WISE CASES REGISTERED UNDER CYBER CRIMES DURING 2018-2022',https://www.mha.gov.in/MHA1/Par2017/pdfs/par2024-pdfs/RS27112024/234.pdf,
S05,S05a,Maharashtra,14,state_ut,states,2021,5562,5562,registered cases (CR),"Total cyber crimes (IT Act + IPC + SLL, NCRB definition)","NCRB 'Crime in India' via MHA reply, Rajya Sabha USQ 234 (27.11.2024)",S05a_RS_USQ234_2024-11-27_AnnexI_2018-2022.txt,Annexure-I 'STATE/UT-WISE CASES REGISTERED UNDER CYBER CRIMES DURING 2018-2022',https://www.mha.gov.in/MHA1/Par2017/pdfs/par2024-pdfs/RS27112024/234.pdf,
S05,S05a,Maharashtra,14,state_ut,states,2022,8249,8249,registered cases (CR),"Total cyber crimes (IT Act + IPC + SLL, NCRB definition)","NCRB 'Crime in India' via MHA reply, Rajya Sabha USQ 234 (27.11.2024)",S05a_RS_USQ234_2024-11-27_AnnexI_2018-2022.txt,Annexure-I 'STATE/UT-WISE CASES REGISTERED UNDER CYBER CRIMES DURING 2018-2022',https://www.mha.gov.in/MHA1/Par2017/pdfs/par2024-pdfs/RS27112024/234.pdf,
S05,S05a,Manipur,15,state_ut,states,2018,29,29,registered cases (CR),"Total cyber crimes (IT Act + IPC + SLL, NCRB definition)","NCRB 'Crime in India' via MHA reply, Rajya Sabha USQ 234 (27.11.2024)",S05a_RS_USQ234_2024-11-27_AnnexI_2018-2022.txt,Annexure-I 'STATE/UT-WISE CASES REGISTERED UNDER CYBER CRIMES DURING 2018-2022',https://www.mha.gov.in/MHA1/Par2017/pdfs/par2024-pdfs/RS27112024/234.pdf,
S05,S05a,Manipur,15,state_ut,states,2019,4,4,registered cases (CR),"Total cyber crimes (IT Act + IPC + SLL, NCRB definition)","NCRB 'Crime in India' via MHA reply, Rajya Sabha USQ 234 (27.11.2024)",S05a_RS_USQ234_2024-11-27_AnnexI_2018-2022.txt,Annexure-I 'STATE/UT-WISE CASES REGISTERED UNDER CYBER CRIMES DURING 2018-2022',https://www.mha.gov.in/MHA1/Par2017/pdfs/par2024-pdfs/RS27112024/234.pdf,
S05,S05a,Manipur,15,state_ut,states,2020,79,79,registered cases (CR),"Total cyber crimes (IT Act + IPC + SLL, NCRB definition)","NCRB 'Crime in India' via MHA reply, Rajya Sabha USQ 234 (27.11.2024)",S05a_RS_USQ234_2024-11-27_AnnexI_2018-2022.txt,Annexure-I 'STATE/UT-WISE CASES REGISTERED UNDER CYBER CRIMES DURING 2018-2022',https://www.mha.gov.in/MHA1/Par2017/pdfs/par2024-pdfs/RS27112024/234.pdf,
S05,S05a,Manipur,15,state_ut,states,2021,67,67,registered cases (CR),"Total cyber crimes (IT Act + IPC + SLL, NCRB definition)","NCRB 'Crime in India' via MHA reply, Rajya Sabha USQ 234 (27.11.2024)",S05a_RS_USQ234_2024-11-27_AnnexI_2018-2022.txt,Annexure-I 'STATE/UT-WISE CASES REGISTERED UNDER CYBER CRIMES DURING 2018-2022',https://www.mha.gov.in/MHA1/Par2017/pdfs/par2024-pdfs/RS27112024/234.pdf,
S05,S05a,Manipur,15,state_ut,states,2022,18,18,registered cases (CR),"Total cyber crimes (IT Act + IPC + SLL, NCRB definition)","NCRB 'Crime in India' via MHA reply, Rajya Sabha USQ 234 (27.11.2024)",S05a_RS_USQ234_2024-11-27_AnnexI_2018-2022.txt,Annexure-I 'STATE/UT-WISE CASES REGISTERED UNDER CYBER CRIMES DURING 2018-2022',https://www.mha.gov.in/MHA1/Par2017/pdfs/par2024-pdfs/RS27112024/234.pdf,
S05,S05a,Meghalaya,16,state_ut,states,2018,74,74,registered cases (CR),"Total cyber crimes (IT Act + IPC + SLL, NCRB definition)","NCRB 'Crime in India' via MHA reply, Rajya Sabha USQ 234 (27.11.2024)",S05a_RS_USQ234_2024-11-27_AnnexI_2018-2022.txt,Annexure-I 'STATE/UT-WISE CASES REGISTERED UNDER CYBER CRIMES DURING 2018-2022',https://www.mha.gov.in/MHA1/Par2017/pdfs/par2024-pdfs/RS27112024/234.pdf,
S05,S05a,Meghalaya,16,state_ut,states,2019,89,89,registered cases (CR),"Total cyber crimes (IT Act + IPC + SLL, NCRB definition)","NCRB 'Crime in India' via MHA reply, Rajya Sabha USQ 234 (27.11.2024)",S05a_RS_USQ234_2024-11-27_AnnexI_2018-2022.txt,Annexure-I 'STATE/UT-WISE CASES REGISTERED UNDER CYBER CRIMES DURING 2018-2022',https://www.mha.gov.in/MHA1/Par2017/pdfs/par2024-pdfs/RS27112024/234.pdf,
S05,S05a,Meghalaya,16,state_ut,states,2020,142,142,registered cases (CR),"Total cyber crimes (IT Act + IPC + SLL, NCRB definition)","NCRB 'Crime in India' via MHA reply, Rajya Sabha USQ 234 (27.11.2024)",S05a_RS_USQ234_2024-11-27_AnnexI_2018-2022.txt,Annexure-I 'STATE/UT-WISE CASES REGISTERED UNDER CYBER CRIMES DURING 2018-2022',https://www.mha.gov.in/MHA1/Par2017/pdfs/par2024-pdfs/RS27112024/234.pdf,
S05,S05a,Meghalaya,16,state_ut,states,2021,107,107,registered cases (CR),"Total cyber crimes (IT Act + IPC + SLL, NCRB definition)","NCRB 'Crime in India' via MHA reply, Rajya Sabha USQ 234 (27.11.2024)",S05a_RS_USQ234_2024-11-27_AnnexI_2018-2022.txt,Annexure-I 'STATE/UT-WISE CASES REGISTERED UNDER CYBER CRIMES DURING 2018-2022',https://www.mha.gov.in/MHA1/Par2017/pdfs/par2024-pdfs/RS27112024/234.pdf,
S05,S05a,Meghalaya,16,state_ut,states,2022,75,75,registered cases (CR),"Total cyber crimes (IT Act + IPC + SLL, NCRB definition)","NCRB 'Crime in India' via MHA reply, Rajya Sabha USQ 234 (27.11.2024)",S05a_RS_USQ234_2024-11-27_AnnexI_2018-2022.txt,Annexure-I 'STATE/UT-WISE CASES REGISTERED UNDER CYBER CRIMES DURING 2018-2022',https://www.mha.gov.in/MHA1/Par2017/pdfs/par2024-pdfs/RS27112024/234.pdf,
S05,S05a,Mizoram,17,state_ut,states,2018,6,6,registered cases (CR),"Total cyber crimes (IT Act + IPC + SLL, NCRB definition)","NCRB 'Crime in India' via MHA reply, Rajya Sabha USQ 234 (27.11.2024)",S05a_RS_USQ234_2024-11-27_AnnexI_2018-2022.txt,Annexure-I 'STATE/UT-WISE CASES REGISTERED UNDER CYBER CRIMES DURING 2018-2022',https://www.mha.gov.in/MHA1/Par2017/pdfs/par2024-pdfs/RS27112024/234.pdf,
S05,S05a,Mizoram,17,state_ut,states,2019,8,8,registered cases (CR),"Total cyber crimes (IT Act + IPC + SLL, NCRB definition)","NCRB 'Crime in India' via MHA reply, Rajya Sabha USQ 234 (27.11.2024)",S05a_RS_USQ234_2024-11-27_AnnexI_2018-2022.txt,Annexure-I 'STATE/UT-WISE CASES REGISTERED UNDER CYBER CRIMES DURING 2018-2022',https://www.mha.gov.in/MHA1/Par2017/pdfs/par2024-pdfs/RS27112024/234.pdf,
S05,S05a,Mizoram,17,state_ut,states,2020,13,13,registered cases (CR),"Total cyber crimes (IT Act + IPC + SLL, NCRB definition)","NCRB 'Crime in India' via MHA reply, Rajya Sabha USQ 234 (27.11.2024)",S05a_RS_USQ234_2024-11-27_AnnexI_2018-2022.txt,Annexure-I 'STATE/UT-WISE CASES REGISTERED UNDER CYBER CRIMES DURING 2018-2022',https://www.mha.gov.in/MHA1/Par2017/pdfs/par2024-pdfs/RS27112024/234.pdf,
S05,S05a,Mizoram,17,state_ut,states,2021,30,30,registered cases (CR),"Total cyber crimes (IT Act + IPC + SLL, NCRB definition)","NCRB 'Crime in India' via MHA reply, Rajya Sabha USQ 234 (27.11.2024)",S05a_RS_USQ234_2024-11-27_AnnexI_2018-2022.txt,Annexure-I 'STATE/UT-WISE CASES REGISTERED UNDER CYBER CRIMES DURING 2018-2022',https://www.mha.gov.in/MHA1/Par2017/pdfs/par2024-pdfs/RS27112024/234.pdf,
S05,S05a,Mizoram,17,state_ut,states,2022,1,1,registered cases (CR),"Total cyber crimes (IT Act + IPC + SLL, NCRB definition)","NCRB 'Crime in India' via MHA reply, Rajya Sabha USQ 234 (27.11.2024)",S05a_RS_USQ234_2024-11-27_AnnexI_2018-2022.txt,Annexure-I 'STATE/UT-WISE CASES REGISTERED UNDER CYBER CRIMES DURING 2018-2022',https://www.mha.gov.in/MHA1/Par2017/pdfs/par2024-pdfs/RS27112024/234.pdf,
S05,S05a,Nagaland,18,state_ut,states,2018,2,2,registered cases (CR),"Total cyber crimes (IT Act + IPC + SLL, NCRB definition)","NCRB 'Crime in India' via MHA reply, Rajya Sabha USQ 234 (27.11.2024)",S05a_RS_USQ234_2024-11-27_AnnexI_2018-2022.txt,Annexure-I 'STATE/UT-WISE CASES REGISTERED UNDER CYBER CRIMES DURING 2018-2022',https://www.mha.gov.in/MHA1/Par2017/pdfs/par2024-pdfs/RS27112024/234.pdf,
S05,S05a,Nagaland,18,state_ut,states,2019,2,2,registered cases (CR),"Total cyber crimes (IT Act + IPC + SLL, NCRB definition)","NCRB 'Crime in India' via MHA reply, Rajya Sabha USQ 234 (27.11.2024)",S05a_RS_USQ234_2024-11-27_AnnexI_2018-2022.txt,Annexure-I 'STATE/UT-WISE CASES REGISTERED UNDER CYBER CRIMES DURING 2018-2022',https://www.mha.gov.in/MHA1/Par2017/pdfs/par2024-pdfs/RS27112024/234.pdf,
S05,S05a,Nagaland,18,state_ut,states,2020,8,8,registered cases (CR),"Total cyber crimes (IT Act + IPC + SLL, NCRB definition)","NCRB 'Crime in India' via MHA reply, Rajya Sabha USQ 234 (27.11.2024)",S05a_RS_USQ234_2024-11-27_AnnexI_2018-2022.txt,Annexure-I 'STATE/UT-WISE CASES REGISTERED UNDER CYBER CRIMES DURING 2018-2022',https://www.mha.gov.in/MHA1/Par2017/pdfs/par2024-pdfs/RS27112024/234.pdf,
S05,S05a,Nagaland,18,state_ut,states,2021,8,8,registered cases (CR),"Total cyber crimes (IT Act + IPC + SLL, NCRB definition)","NCRB 'Crime in India' via MHA reply, Rajya Sabha USQ 234 (27.11.2024)",S05a_RS_USQ234_2024-11-27_AnnexI_2018-2022.txt,Annexure-I 'STATE/UT-WISE CASES REGISTERED UNDER CYBER CRIMES DURING 2018-2022',https://www.mha.gov.in/MHA1/Par2017/pdfs/par2024-pdfs/RS27112024/234.pdf,
S05,S05a,Nagaland,18,state_ut,states,2022,4,4,registered cases (CR),"Total cyber crimes (IT Act + IPC + SLL, NCRB definition)","NCRB 'Crime in India' via MHA reply, Rajya Sabha USQ 234 (27.11.2024)",S05a_RS_USQ234_2024-11-27_AnnexI_2018-2022.txt,Annexure-I 'STATE/UT-WISE CASES REGISTERED UNDER CYBER CRIMES DURING 2018-2022',https://www.mha.gov.in/MHA1/Par2017/pdfs/par2024-pdfs/RS27112024/234.pdf,
S05,S05a,Odisha,19,state_ut,states,2018,843,843,registered cases (CR),"Total cyber crimes (IT Act + IPC + SLL, NCRB definition)","NCRB 'Crime in India' via MHA reply, Rajya Sabha USQ 234 (27.11.2024)",S05a_RS_USQ234_2024-11-27_AnnexI_2018-2022.txt,Annexure-I 'STATE/UT-WISE CASES REGISTERED UNDER CYBER CRIMES DURING 2018-2022',https://www.mha.gov.in/MHA1/Par2017/pdfs/par2024-pdfs/RS27112024/234.pdf,
S05,S05a,Odisha,19,state_ut,states,2019,1485,1485,registered cases (CR),"Total cyber crimes (IT Act + IPC + SLL, NCRB definition)","NCRB 'Crime in India' via MHA reply, Rajya Sabha USQ 234 (27.11.2024)",S05a_RS_USQ234_2024-11-27_AnnexI_2018-2022.txt,Annexure-I 'STATE/UT-WISE CASES REGISTERED UNDER CYBER CRIMES DURING 2018-2022',https://www.mha.gov.in/MHA1/Par2017/pdfs/par2024-pdfs/RS27112024/234.pdf,
S05,S05a,Odisha,19,state_ut,states,2020,1931,1931,registered cases (CR),"Total cyber crimes (IT Act + IPC + SLL, NCRB definition)","NCRB 'Crime in India' via MHA reply, Rajya Sabha USQ 234 (27.11.2024)",S05a_RS_USQ234_2024-11-27_AnnexI_2018-2022.txt,Annexure-I 'STATE/UT-WISE CASES REGISTERED UNDER CYBER CRIMES DURING 2018-2022',https://www.mha.gov.in/MHA1/Par2017/pdfs/par2024-pdfs/RS27112024/234.pdf,
S05,S05a,Odisha,19,state_ut,states,2021,2037,2037,registered cases (CR),"Total cyber crimes (IT Act + IPC + SLL, NCRB definition)","NCRB 'Crime in India' via MHA reply, Rajya Sabha USQ 234 (27.11.2024)",S05a_RS_USQ234_2024-11-27_AnnexI_2018-2022.txt,Annexure-I 'STATE/UT-WISE CASES REGISTERED UNDER CYBER CRIMES DURING 2018-2022',https://www.mha.gov.in/MHA1/Par2017/pdfs/par2024-pdfs/RS27112024/234.pdf,
S05,S05a,Odisha,19,state_ut,states,2022,1983,1983,registered cases (CR),"Total cyber crimes (IT Act + IPC + SLL, NCRB definition)","NCRB 'Crime in India' via MHA reply, Rajya Sabha USQ 234 (27.11.2024)",S05a_RS_USQ234_2024-11-27_AnnexI_2018-2022.txt,Annexure-I 'STATE/UT-WISE CASES REGISTERED UNDER CYBER CRIMES DURING 2018-2022',https://www.mha.gov.in/MHA1/Par2017/pdfs/par2024-pdfs/RS27112024/234.pdf,
S05,S05a,Punjab,20,state_ut,states,2018,239,239,registered cases (CR),"Total cyber crimes (IT Act + IPC + SLL, NCRB definition)","NCRB 'Crime in India' via MHA reply, Rajya Sabha USQ 234 (27.11.2024)",S05a_RS_USQ234_2024-11-27_AnnexI_2018-2022.txt,Annexure-I 'STATE/UT-WISE CASES REGISTERED UNDER CYBER CRIMES DURING 2018-2022',https://www.mha.gov.in/MHA1/Par2017/pdfs/par2024-pdfs/RS27112024/234.pdf,
S05,S05a,Punjab,20,state_ut,states,2019,243,243,registered cases (CR),"Total cyber crimes (IT Act + IPC + SLL, NCRB definition)","NCRB 'Crime in India' via MHA reply, Rajya Sabha USQ 234 (27.11.2024)",S05a_RS_USQ234_2024-11-27_AnnexI_2018-2022.txt,Annexure-I 'STATE/UT-WISE CASES REGISTERED UNDER CYBER CRIMES DURING 2018-2022',https://www.mha.gov.in/MHA1/Par2017/pdfs/par2024-pdfs/RS27112024/234.pdf,
S05,S05a,Punjab,20,state_ut,states,2020,378,378,registered cases (CR),"Total cyber crimes (IT Act + IPC + SLL, NCRB definition)","NCRB 'Crime in India' via MHA reply, Rajya Sabha USQ 234 (27.11.2024)",S05a_RS_USQ234_2024-11-27_AnnexI_2018-2022.txt,Annexure-I 'STATE/UT-WISE CASES REGISTERED UNDER CYBER CRIMES DURING 2018-2022',https://www.mha.gov.in/MHA1/Par2017/pdfs/par2024-pdfs/RS27112024/234.pdf,
S05,S05a,Punjab,20,state_ut,states,2021,551,551,registered cases (CR),"Total cyber crimes (IT Act + IPC + SLL, NCRB definition)","NCRB 'Crime in India' via MHA reply, Rajya Sabha USQ 234 (27.11.2024)",S05a_RS_USQ234_2024-11-27_AnnexI_2018-2022.txt,Annexure-I 'STATE/UT-WISE CASES REGISTERED UNDER CYBER CRIMES DURING 2018-2022',https://www.mha.gov.in/MHA1/Par2017/pdfs/par2024-pdfs/RS27112024/234.pdf,
S05,S05a,Punjab,20,state_ut,states,2022,697,697,registered cases (CR),"Total cyber crimes (IT Act + IPC + SLL, NCRB definition)","NCRB 'Crime in India' via MHA reply, Rajya Sabha USQ 234 (27.11.2024)",S05a_RS_USQ234_2024-11-27_AnnexI_2018-2022.txt,Annexure-I 'STATE/UT-WISE CASES REGISTERED UNDER CYBER CRIMES DURING 2018-2022',https://www.mha.gov.in/MHA1/Par2017/pdfs/par2024-pdfs/RS27112024/234.pdf,
S05,S05a,Rajasthan,21,state_ut,states,2018,1104,1104,registered cases (CR),"Total cyber crimes (IT Act + IPC + SLL, NCRB definition)","NCRB 'Crime in India' via MHA reply, Rajya Sabha USQ 234 (27.11.2024)",S05a_RS_USQ234_2024-11-27_AnnexI_2018-2022.txt,Annexure-I 'STATE/UT-WISE CASES REGISTERED UNDER CYBER CRIMES DURING 2018-2022',https://www.mha.gov.in/MHA1/Par2017/pdfs/par2024-pdfs/RS27112024/234.pdf,
S05,S05a,Rajasthan,21,state_ut,states,2019,1762,1762,registered cases (CR),"Total cyber crimes (IT Act + IPC + SLL, NCRB definition)","NCRB 'Crime in India' via MHA reply, Rajya Sabha USQ 234 (27.11.2024)",S05a_RS_USQ234_2024-11-27_AnnexI_2018-2022.txt,Annexure-I 'STATE/UT-WISE CASES REGISTERED UNDER CYBER CRIMES DURING 2018-2022',https://www.mha.gov.in/MHA1/Par2017/pdfs/par2024-pdfs/RS27112024/234.pdf,
S05,S05a,Rajasthan,21,state_ut,states,2020,1354,1354,registered cases (CR),"Total cyber crimes (IT Act + IPC + SLL, NCRB definition)","NCRB 'Crime in India' via MHA reply, Rajya Sabha USQ 234 (27.11.2024)",S05a_RS_USQ234_2024-11-27_AnnexI_2018-2022.txt,Annexure-I 'STATE/UT-WISE CASES REGISTERED UNDER CYBER CRIMES DURING 2018-2022',https://www.mha.gov.in/MHA1/Par2017/pdfs/par2024-pdfs/RS27112024/234.pdf,
S05,S05a,Rajasthan,21,state_ut,states,2021,1504,1504,registered cases (CR),"Total cyber crimes (IT Act + IPC + SLL, NCRB definition)","NCRB 'Crime in India' via MHA reply, Rajya Sabha USQ 234 (27.11.2024)",S05a_RS_USQ234_2024-11-27_AnnexI_2018-2022.txt,Annexure-I 'STATE/UT-WISE CASES REGISTERED UNDER CYBER CRIMES DURING 2018-2022',https://www.mha.gov.in/MHA1/Par2017/pdfs/par2024-pdfs/RS27112024/234.pdf,
S05,S05a,Rajasthan,21,state_ut,states,2022,1833,1833,registered cases (CR),"Total cyber crimes (IT Act + IPC + SLL, NCRB definition)","NCRB 'Crime in India' via MHA reply, Rajya Sabha USQ 234 (27.11.2024)",S05a_RS_USQ234_2024-11-27_AnnexI_2018-2022.txt,Annexure-I 'STATE/UT-WISE CASES REGISTERED UNDER CYBER CRIMES DURING 2018-2022',https://www.mha.gov.in/MHA1/Par2017/pdfs/par2024-pdfs/RS27112024/234.pdf,
S05,S05a,Sikkim,22,state_ut,states,2018,1,1,registered cases (CR),"Total cyber crimes (IT Act + IPC + SLL, NCRB definition)","NCRB 'Crime in India' via MHA reply, Rajya Sabha USQ 234 (27.11.2024)",S05a_RS_USQ234_2024-11-27_AnnexI_2018-2022.txt,Annexure-I 'STATE/UT-WISE CASES REGISTERED UNDER CYBER CRIMES DURING 2018-2022',https://www.mha.gov.in/MHA1/Par2017/pdfs/par2024-pdfs/RS27112024/234.pdf,
S05,S05a,Sikkim,22,state_ut,states,2019,2,2,registered cases (CR),"Total cyber crimes (IT Act + IPC + SLL, NCRB definition)","NCRB 'Crime in India' via MHA reply, Rajya Sabha USQ 234 (27.11.2024)",S05a_RS_USQ234_2024-11-27_AnnexI_2018-2022.txt,Annexure-I 'STATE/UT-WISE CASES REGISTERED UNDER CYBER CRIMES DURING 2018-2022',https://www.mha.gov.in/MHA1/Par2017/pdfs/par2024-pdfs/RS27112024/234.pdf,
S05,S05a,Sikkim,22,state_ut,states,2020,0,0,registered cases (CR),"Total cyber crimes (IT Act + IPC + SLL, NCRB definition)","NCRB 'Crime in India' via MHA reply, Rajya Sabha USQ 234 (27.11.2024)",S05a_RS_USQ234_2024-11-27_AnnexI_2018-2022.txt,Annexure-I 'STATE/UT-WISE CASES REGISTERED UNDER CYBER CRIMES DURING 2018-2022',https://www.mha.gov.in/MHA1/Par2017/pdfs/par2024-pdfs/RS27112024/234.pdf,
S05,S05a,Sikkim,22,state_ut,states,2021,0,0,registered cases (CR),"Total cyber crimes (IT Act + IPC + SLL, NCRB definition)","NCRB 'Crime in India' via MHA reply, Rajya Sabha USQ 234 (27.11.2024)",S05a_RS_USQ234_2024-11-27_AnnexI_2018-2022.txt,Annexure-I 'STATE/UT-WISE CASES REGISTERED UNDER CYBER CRIMES DURING 2018-2022',https://www.mha.gov.in/MHA1/Par2017/pdfs/par2024-pdfs/RS27112024/234.pdf,
S05,S05a,Sikkim,22,state_ut,states,2022,26,26,registered cases (CR),"Total cyber crimes (IT Act + IPC + SLL, NCRB definition)","NCRB 'Crime in India' via MHA reply, Rajya Sabha USQ 234 (27.11.2024)",S05a_RS_USQ234_2024-11-27_AnnexI_2018-2022.txt,Annexure-I 'STATE/UT-WISE CASES REGISTERED UNDER CYBER CRIMES DURING 2018-2022',https://www.mha.gov.in/MHA1/Par2017/pdfs/par2024-pdfs/RS27112024/234.pdf,
S05,S05a,Tamil Nadu,23,state_ut,states,2018,295,295,registered cases (CR),"Total cyber crimes (IT Act + IPC + SLL, NCRB definition)","NCRB 'Crime in India' via MHA reply, Rajya Sabha USQ 234 (27.11.2024)",S05a_RS_USQ234_2024-11-27_AnnexI_2018-2022.txt,Annexure-I 'STATE/UT-WISE CASES REGISTERED UNDER CYBER CRIMES DURING 2018-2022',https://www.mha.gov.in/MHA1/Par2017/pdfs/par2024-pdfs/RS27112024/234.pdf,
S05,S05a,Tamil Nadu,23,state_ut,states,2019,385,385,registered cases (CR),"Total cyber crimes (IT Act + IPC + SLL, NCRB definition)","NCRB 'Crime in India' via MHA reply, Rajya Sabha USQ 234 (27.11.2024)",S05a_RS_USQ234_2024-11-27_AnnexI_2018-2022.txt,Annexure-I 'STATE/UT-WISE CASES REGISTERED UNDER CYBER CRIMES DURING 2018-2022',https://www.mha.gov.in/MHA1/Par2017/pdfs/par2024-pdfs/RS27112024/234.pdf,
S05,S05a,Tamil Nadu,23,state_ut,states,2020,782,782,registered cases (CR),"Total cyber crimes (IT Act + IPC + SLL, NCRB definition)","NCRB 'Crime in India' via MHA reply, Rajya Sabha USQ 234 (27.11.2024)",S05a_RS_USQ234_2024-11-27_AnnexI_2018-2022.txt,Annexure-I 'STATE/UT-WISE CASES REGISTERED UNDER CYBER CRIMES DURING 2018-2022',https://www.mha.gov.in/MHA1/Par2017/pdfs/par2024-pdfs/RS27112024/234.pdf,
S05,S05a,Tamil Nadu,23,state_ut,states,2021,1076,1076,registered cases (CR),"Total cyber crimes (IT Act + IPC + SLL, NCRB definition)","NCRB 'Crime in India' via MHA reply, Rajya Sabha USQ 234 (27.11.2024)",S05a_RS_USQ234_2024-11-27_AnnexI_2018-2022.txt,Annexure-I 'STATE/UT-WISE CASES REGISTERED UNDER CYBER CRIMES DURING 2018-2022',https://www.mha.gov.in/MHA1/Par2017/pdfs/par2024-pdfs/RS27112024/234.pdf,
S05,S05a,Tamil Nadu,23,state_ut,states,2022,2082,2082,registered cases (CR),"Total cyber crimes (IT Act + IPC + SLL, NCRB definition)","NCRB 'Crime in India' via MHA reply, Rajya Sabha USQ 234 (27.11.2024)",S05a_RS_USQ234_2024-11-27_AnnexI_2018-2022.txt,Annexure-I 'STATE/UT-WISE CASES REGISTERED UNDER CYBER CRIMES DURING 2018-2022',https://www.mha.gov.in/MHA1/Par2017/pdfs/par2024-pdfs/RS27112024/234.pdf,
S05,S05a,Telangana,24,state_ut,states,2018,1205,1205,registered cases (CR),"Total cyber crimes (IT Act + IPC + SLL, NCRB definition)","NCRB 'Crime in India' via MHA reply, Rajya Sabha USQ 234 (27.11.2024)",S05a_RS_USQ234_2024-11-27_AnnexI_2018-2022.txt,Annexure-I 'STATE/UT-WISE CASES REGISTERED UNDER CYBER CRIMES DURING 2018-2022',https://www.mha.gov.in/MHA1/Par2017/pdfs/par2024-pdfs/RS27112024/234.pdf,
S05,S05a,Telangana,24,state_ut,states,2019,2691,2691,registered cases (CR),"Total cyber crimes (IT Act + IPC + SLL, NCRB definition)","NCRB 'Crime in India' via MHA reply, Rajya Sabha USQ 234 (27.11.2024)",S05a_RS_USQ234_2024-11-27_AnnexI_2018-2022.txt,Annexure-I 'STATE/UT-WISE CASES REGISTERED UNDER CYBER CRIMES DURING 2018-2022',https://www.mha.gov.in/MHA1/Par2017/pdfs/par2024-pdfs/RS27112024/234.pdf,
S05,S05a,Telangana,24,state_ut,states,2020,5024,5024,registered cases (CR),"Total cyber crimes (IT Act + IPC + SLL, NCRB definition)","NCRB 'Crime in India' via MHA reply, Rajya Sabha USQ 234 (27.11.2024)",S05a_RS_USQ234_2024-11-27_AnnexI_2018-2022.txt,Annexure-I 'STATE/UT-WISE CASES REGISTERED UNDER CYBER CRIMES DURING 2018-2022',https://www.mha.gov.in/MHA1/Par2017/pdfs/par2024-pdfs/RS27112024/234.pdf,
S05,S05a,Telangana,24,state_ut,states,2021,10303,10303,registered cases (CR),"Total cyber crimes (IT Act + IPC + SLL, NCRB definition)","NCRB 'Crime in India' via MHA reply, Rajya Sabha USQ 234 (27.11.2024)",S05a_RS_USQ234_2024-11-27_AnnexI_2018-2022.txt,Annexure-I 'STATE/UT-WISE CASES REGISTERED UNDER CYBER CRIMES DURING 2018-2022',https://www.mha.gov.in/MHA1/Par2017/pdfs/par2024-pdfs/RS27112024/234.pdf,
S05,S05a,Telangana,24,state_ut,states,2022,15297,15297,registered cases (CR),"Total cyber crimes (IT Act + IPC + SLL, NCRB definition)","NCRB 'Crime in India' via MHA reply, Rajya Sabha USQ 234 (27.11.2024)",S05a_RS_USQ234_2024-11-27_AnnexI_2018-2022.txt,Annexure-I 'STATE/UT-WISE CASES REGISTERED UNDER CYBER CRIMES DURING 2018-2022',https://www.mha.gov.in/MHA1/Par2017/pdfs/par2024-pdfs/RS27112024/234.pdf,
S05,S05a,Tripura,25,state_ut,states,2018,20,20,registered cases (CR),"Total cyber crimes (IT Act + IPC + SLL, NCRB definition)","NCRB 'Crime in India' via MHA reply, Rajya Sabha USQ 234 (27.11.2024)",S05a_RS_USQ234_2024-11-27_AnnexI_2018-2022.txt,Annexure-I 'STATE/UT-WISE CASES REGISTERED UNDER CYBER CRIMES DURING 2018-2022',https://www.mha.gov.in/MHA1/Par2017/pdfs/par2024-pdfs/RS27112024/234.pdf,
S05,S05a,Tripura,25,state_ut,states,2019,20,20,registered cases (CR),"Total cyber crimes (IT Act + IPC + SLL, NCRB definition)","NCRB 'Crime in India' via MHA reply, Rajya Sabha USQ 234 (27.11.2024)",S05a_RS_USQ234_2024-11-27_AnnexI_2018-2022.txt,Annexure-I 'STATE/UT-WISE CASES REGISTERED UNDER CYBER CRIMES DURING 2018-2022',https://www.mha.gov.in/MHA1/Par2017/pdfs/par2024-pdfs/RS27112024/234.pdf,
S05,S05a,Tripura,25,state_ut,states,2020,34,34,registered cases (CR),"Total cyber crimes (IT Act + IPC + SLL, NCRB definition)","NCRB 'Crime in India' via MHA reply, Rajya Sabha USQ 234 (27.11.2024)",S05a_RS_USQ234_2024-11-27_AnnexI_2018-2022.txt,Annexure-I 'STATE/UT-WISE CASES REGISTERED UNDER CYBER CRIMES DURING 2018-2022',https://www.mha.gov.in/MHA1/Par2017/pdfs/par2024-pdfs/RS27112024/234.pdf,
S05,S05a,Tripura,25,state_ut,states,2021,24,24,registered cases (CR),"Total cyber crimes (IT Act + IPC + SLL, NCRB definition)","NCRB 'Crime in India' via MHA reply, Rajya Sabha USQ 234 (27.11.2024)",S05a_RS_USQ234_2024-11-27_AnnexI_2018-2022.txt,Annexure-I 'STATE/UT-WISE CASES REGISTERED UNDER CYBER CRIMES DURING 2018-2022',https://www.mha.gov.in/MHA1/Par2017/pdfs/par2024-pdfs/RS27112024/234.pdf,
S05,S05a,Tripura,25,state_ut,states,2022,30,30,registered cases (CR),"Total cyber crimes (IT Act + IPC + SLL, NCRB definition)","NCRB 'Crime in India' via MHA reply, Rajya Sabha USQ 234 (27.11.2024)",S05a_RS_USQ234_2024-11-27_AnnexI_2018-2022.txt,Annexure-I 'STATE/UT-WISE CASES REGISTERED UNDER CYBER CRIMES DURING 2018-2022',https://www.mha.gov.in/MHA1/Par2017/pdfs/par2024-pdfs/RS27112024/234.pdf,
S05,S05a,Uttar Pradesh,26,state_ut,states,2018,6280,6280,registered cases (CR),"Total cyber crimes (IT Act + IPC + SLL, NCRB definition)","NCRB 'Crime in India' via MHA reply, Rajya Sabha USQ 234 (27.11.2024)",S05a_RS_USQ234_2024-11-27_AnnexI_2018-2022.txt,Annexure-I 'STATE/UT-WISE CASES REGISTERED UNDER CYBER CRIMES DURING 2018-2022',https://www.mha.gov.in/MHA1/Par2017/pdfs/par2024-pdfs/RS27112024/234.pdf,
S05,S05a,Uttar Pradesh,26,state_ut,states,2019,11416,11416,registered cases (CR),"Total cyber crimes (IT Act + IPC + SLL, NCRB definition)","NCRB 'Crime in India' via MHA reply, Rajya Sabha USQ 234 (27.11.2024)",S05a_RS_USQ234_2024-11-27_AnnexI_2018-2022.txt,Annexure-I 'STATE/UT-WISE CASES REGISTERED UNDER CYBER CRIMES DURING 2018-2022',https://www.mha.gov.in/MHA1/Par2017/pdfs/par2024-pdfs/RS27112024/234.pdf,
S05,S05a,Uttar Pradesh,26,state_ut,states,2020,11097,11097,registered cases (CR),"Total cyber crimes (IT Act + IPC + SLL, NCRB definition)","NCRB 'Crime in India' via MHA reply, Rajya Sabha USQ 234 (27.11.2024)",S05a_RS_USQ234_2024-11-27_AnnexI_2018-2022.txt,Annexure-I 'STATE/UT-WISE CASES REGISTERED UNDER CYBER CRIMES DURING 2018-2022',https://www.mha.gov.in/MHA1/Par2017/pdfs/par2024-pdfs/RS27112024/234.pdf,
S05,S05a,Uttar Pradesh,26,state_ut,states,2021,8829,8829,registered cases (CR),"Total cyber crimes (IT Act + IPC + SLL, NCRB definition)","NCRB 'Crime in India' via MHA reply, Rajya Sabha USQ 234 (27.11.2024)",S05a_RS_USQ234_2024-11-27_AnnexI_2018-2022.txt,Annexure-I 'STATE/UT-WISE CASES REGISTERED UNDER CYBER CRIMES DURING 2018-2022',https://www.mha.gov.in/MHA1/Par2017/pdfs/par2024-pdfs/RS27112024/234.pdf,
S05,S05a,Uttar Pradesh,26,state_ut,states,2022,10117,10117,registered cases (CR),"Total cyber crimes (IT Act + IPC + SLL, NCRB definition)","NCRB 'Crime in India' via MHA reply, Rajya Sabha USQ 234 (27.11.2024)",S05a_RS_USQ234_2024-11-27_AnnexI_2018-2022.txt,Annexure-I 'STATE/UT-WISE CASES REGISTERED UNDER CYBER CRIMES DURING 2018-2022',https://www.mha.gov.in/MHA1/Par2017/pdfs/par2024-pdfs/RS27112024/234.pdf,
S05,S05a,Uttarakhand,27,state_ut,states,2018,171,171,registered cases (CR),"Total cyber crimes (IT Act + IPC + SLL, NCRB definition)","NCRB 'Crime in India' via MHA reply, Rajya Sabha USQ 234 (27.11.2024)",S05a_RS_USQ234_2024-11-27_AnnexI_2018-2022.txt,Annexure-I 'STATE/UT-WISE CASES REGISTERED UNDER CYBER CRIMES DURING 2018-2022',https://www.mha.gov.in/MHA1/Par2017/pdfs/par2024-pdfs/RS27112024/234.pdf,
S05,S05a,Uttarakhand,27,state_ut,states,2019,100,100,registered cases (CR),"Total cyber crimes (IT Act + IPC + SLL, NCRB definition)","NCRB 'Crime in India' via MHA reply, Rajya Sabha USQ 234 (27.11.2024)",S05a_RS_USQ234_2024-11-27_AnnexI_2018-2022.txt,Annexure-I 'STATE/UT-WISE CASES REGISTERED UNDER CYBER CRIMES DURING 2018-2022',https://www.mha.gov.in/MHA1/Par2017/pdfs/par2024-pdfs/RS27112024/234.pdf,
S05,S05a,Uttarakhand,27,state_ut,states,2020,243,243,registered cases (CR),"Total cyber crimes (IT Act + IPC + SLL, NCRB definition)","NCRB 'Crime in India' via MHA reply, Rajya Sabha USQ 234 (27.11.2024)",S05a_RS_USQ234_2024-11-27_AnnexI_2018-2022.txt,Annexure-I 'STATE/UT-WISE CASES REGISTERED UNDER CYBER CRIMES DURING 2018-2022',https://www.mha.gov.in/MHA1/Par2017/pdfs/par2024-pdfs/RS27112024/234.pdf,
S05,S05a,Uttarakhand,27,state_ut,states,2021,718,718,registered cases (CR),"Total cyber crimes (IT Act + IPC + SLL, NCRB definition)","NCRB 'Crime in India' via MHA reply, Rajya Sabha USQ 234 (27.11.2024)",S05a_RS_USQ234_2024-11-27_AnnexI_2018-2022.txt,Annexure-I 'STATE/UT-WISE CASES REGISTERED UNDER CYBER CRIMES DURING 2018-2022',https://www.mha.gov.in/MHA1/Par2017/pdfs/par2024-pdfs/RS27112024/234.pdf,
S05,S05a,Uttarakhand,27,state_ut,states,2022,559,559,registered cases (CR),"Total cyber crimes (IT Act + IPC + SLL, NCRB definition)","NCRB 'Crime in India' via MHA reply, Rajya Sabha USQ 234 (27.11.2024)",S05a_RS_USQ234_2024-11-27_AnnexI_2018-2022.txt,Annexure-I 'STATE/UT-WISE CASES REGISTERED UNDER CYBER CRIMES DURING 2018-2022',https://www.mha.gov.in/MHA1/Par2017/pdfs/par2024-pdfs/RS27112024/234.pdf,
S05,S05a,West Bengal,28,state_ut,states,2018,335,335,registered cases (CR),"Total cyber crimes (IT Act + IPC + SLL, NCRB definition)","NCRB 'Crime in India' via MHA reply, Rajya Sabha USQ 234 (27.11.2024)",S05a_RS_USQ234_2024-11-27_AnnexI_2018-2022.txt,Annexure-I 'STATE/UT-WISE CASES REGISTERED UNDER CYBER CRIMES DURING 2018-2022',https://www.mha.gov.in/MHA1/Par2017/pdfs/par2024-pdfs/RS27112024/234.pdf,
S05,S05a,West Bengal,28,state_ut,states,2019,524,524,registered cases (CR),"Total cyber crimes (IT Act + IPC + SLL, NCRB definition)","NCRB 'Crime in India' via MHA reply, Rajya Sabha USQ 234 (27.11.2024)",S05a_RS_USQ234_2024-11-27_AnnexI_2018-2022.txt,Annexure-I 'STATE/UT-WISE CASES REGISTERED UNDER CYBER CRIMES DURING 2018-2022',https://www.mha.gov.in/MHA1/Par2017/pdfs/par2024-pdfs/RS27112024/234.pdf,
S05,S05a,West Bengal,28,state_ut,states,2020,712,712,registered cases (CR),"Total cyber crimes (IT Act + IPC + SLL, NCRB definition)","NCRB 'Crime in India' via MHA reply, Rajya Sabha USQ 234 (27.11.2024)",S05a_RS_USQ234_2024-11-27_AnnexI_2018-2022.txt,Annexure-I 'STATE/UT-WISE CASES REGISTERED UNDER CYBER CRIMES DURING 2018-2022',https://www.mha.gov.in/MHA1/Par2017/pdfs/par2024-pdfs/RS27112024/234.pdf,
S05,S05a,West Bengal,28,state_ut,states,2021,513,513,registered cases (CR),"Total cyber crimes (IT Act + IPC + SLL, NCRB definition)","NCRB 'Crime in India' via MHA reply, Rajya Sabha USQ 234 (27.11.2024)",S05a_RS_USQ234_2024-11-27_AnnexI_2018-2022.txt,Annexure-I 'STATE/UT-WISE CASES REGISTERED UNDER CYBER CRIMES DURING 2018-2022',https://www.mha.gov.in/MHA1/Par2017/pdfs/par2024-pdfs/RS27112024/234.pdf,
S05,S05a,West Bengal,28,state_ut,states,2022,401,401,registered cases (CR),"Total cyber crimes (IT Act + IPC + SLL, NCRB definition)","NCRB 'Crime in India' via MHA reply, Rajya Sabha USQ 234 (27.11.2024)",S05a_RS_USQ234_2024-11-27_AnnexI_2018-2022.txt,Annexure-I 'STATE/UT-WISE CASES REGISTERED UNDER CYBER CRIMES DURING 2018-2022',https://www.mha.gov.in/MHA1/Par2017/pdfs/par2024-pdfs/RS27112024/234.pdf,
S05,S05a,TOTAL STATE(S),,total_states,states,2018,26931,26931,registered cases (CR),"Total cyber crimes (IT Act + IPC + SLL, NCRB definition)","NCRB 'Crime in India' via MHA reply, Rajya Sabha USQ 234 (27.11.2024)",S05a_RS_USQ234_2024-11-27_AnnexI_2018-2022.txt,Annexure-I 'STATE/UT-WISE CASES REGISTERED UNDER CYBER CRIMES DURING 2018-2022',https://www.mha.gov.in/MHA1/Par2017/pdfs/par2024-pdfs/RS27112024/234.pdf,
S05,S05a,TOTAL STATE(S),,total_states,states,2019,44511,44511,registered cases (CR),"Total cyber crimes (IT Act + IPC + SLL, NCRB definition)","NCRB 'Crime in India' via MHA reply, Rajya Sabha USQ 234 (27.11.2024)",S05a_RS_USQ234_2024-11-27_AnnexI_2018-2022.txt,Annexure-I 'STATE/UT-WISE CASES REGISTERED UNDER CYBER CRIMES DURING 2018-2022',https://www.mha.gov.in/MHA1/Par2017/pdfs/par2024-pdfs/RS27112024/234.pdf,
S05,S05a,TOTAL STATE(S),,total_states,states,2020,49708,49708,registered cases (CR),"Total cyber crimes (IT Act + IPC + SLL, NCRB definition)","NCRB 'Crime in India' via MHA reply, Rajya Sabha USQ 234 (27.11.2024)",S05a_RS_USQ234_2024-11-27_AnnexI_2018-2022.txt,Annexure-I 'STATE/UT-WISE CASES REGISTERED UNDER CYBER CRIMES DURING 2018-2022',https://www.mha.gov.in/MHA1/Par2017/pdfs/par2024-pdfs/RS27112024/234.pdf,
S05,S05a,TOTAL STATE(S),,total_states,states,2021,52430,52430,registered cases (CR),"Total cyber crimes (IT Act + IPC + SLL, NCRB definition)","NCRB 'Crime in India' via MHA reply, Rajya Sabha USQ 234 (27.11.2024)",S05a_RS_USQ234_2024-11-27_AnnexI_2018-2022.txt,Annexure-I 'STATE/UT-WISE CASES REGISTERED UNDER CYBER CRIMES DURING 2018-2022',https://www.mha.gov.in/MHA1/Par2017/pdfs/par2024-pdfs/RS27112024/234.pdf,
S05,S05a,TOTAL STATE(S),,total_states,states,2022,64907,64907,registered cases (CR),"Total cyber crimes (IT Act + IPC + SLL, NCRB definition)","NCRB 'Crime in India' via MHA reply, Rajya Sabha USQ 234 (27.11.2024)",S05a_RS_USQ234_2024-11-27_AnnexI_2018-2022.txt,Annexure-I 'STATE/UT-WISE CASES REGISTERED UNDER CYBER CRIMES DURING 2018-2022',https://www.mha.gov.in/MHA1/Par2017/pdfs/par2024-pdfs/RS27112024/234.pdf,
S05,S05a,A&N Islands,29,state_ut,uts,2018,7,7,registered cases (CR),"Total cyber crimes (IT Act + IPC + SLL, NCRB definition)","NCRB 'Crime in India' via MHA reply, Rajya Sabha USQ 234 (27.11.2024)",S05a_RS_USQ234_2024-11-27_AnnexI_2018-2022.txt,Annexure-I 'STATE/UT-WISE CASES REGISTERED UNDER CYBER CRIMES DURING 2018-2022',https://www.mha.gov.in/MHA1/Par2017/pdfs/par2024-pdfs/RS27112024/234.pdf,
S05,S05a,A&N Islands,29,state_ut,uts,2019,2,2,registered cases (CR),"Total cyber crimes (IT Act + IPC + SLL, NCRB definition)","NCRB 'Crime in India' via MHA reply, Rajya Sabha USQ 234 (27.11.2024)",S05a_RS_USQ234_2024-11-27_AnnexI_2018-2022.txt,Annexure-I 'STATE/UT-WISE CASES REGISTERED UNDER CYBER CRIMES DURING 2018-2022',https://www.mha.gov.in/MHA1/Par2017/pdfs/par2024-pdfs/RS27112024/234.pdf,
S05,S05a,A&N Islands,29,state_ut,uts,2020,5,5,registered cases (CR),"Total cyber crimes (IT Act + IPC + SLL, NCRB definition)","NCRB 'Crime in India' via MHA reply, Rajya Sabha USQ 234 (27.11.2024)",S05a_RS_USQ234_2024-11-27_AnnexI_2018-2022.txt,Annexure-I 'STATE/UT-WISE CASES REGISTERED UNDER CYBER CRIMES DURING 2018-2022',https://www.mha.gov.in/MHA1/Par2017/pdfs/par2024-pdfs/RS27112024/234.pdf,
S05,S05a,A&N Islands,29,state_ut,uts,2021,8,8,registered cases (CR),"Total cyber crimes (IT Act + IPC + SLL, NCRB definition)","NCRB 'Crime in India' via MHA reply, Rajya Sabha USQ 234 (27.11.2024)",S05a_RS_USQ234_2024-11-27_AnnexI_2018-2022.txt,Annexure-I 'STATE/UT-WISE CASES REGISTERED UNDER CYBER CRIMES DURING 2018-2022',https://www.mha.gov.in/MHA1/Par2017/pdfs/par2024-pdfs/RS27112024/234.pdf,
S05,S05a,A&N Islands,29,state_ut,uts,2022,28,28,registered cases (CR),"Total cyber crimes (IT Act + IPC + SLL, NCRB definition)","NCRB 'Crime in India' via MHA reply, Rajya Sabha USQ 234 (27.11.2024)",S05a_RS_USQ234_2024-11-27_AnnexI_2018-2022.txt,Annexure-I 'STATE/UT-WISE CASES REGISTERED UNDER CYBER CRIMES DURING 2018-2022',https://www.mha.gov.in/MHA1/Par2017/pdfs/par2024-pdfs/RS27112024/234.pdf,
S05,S05a,Chandigarh,30,state_ut,uts,2018,30,30,registered cases (CR),"Total cyber crimes (IT Act + IPC + SLL, NCRB definition)","NCRB 'Crime in India' via MHA reply, Rajya Sabha USQ 234 (27.11.2024)",S05a_RS_USQ234_2024-11-27_AnnexI_2018-2022.txt,Annexure-I 'STATE/UT-WISE CASES REGISTERED UNDER CYBER CRIMES DURING 2018-2022',https://www.mha.gov.in/MHA1/Par2017/pdfs/par2024-pdfs/RS27112024/234.pdf,
S05,S05a,Chandigarh,30,state_ut,uts,2019,23,23,registered cases (CR),"Total cyber crimes (IT Act + IPC + SLL, NCRB definition)","NCRB 'Crime in India' via MHA reply, Rajya Sabha USQ 234 (27.11.2024)",S05a_RS_USQ234_2024-11-27_AnnexI_2018-2022.txt,Annexure-I 'STATE/UT-WISE CASES REGISTERED UNDER CYBER CRIMES DURING 2018-2022',https://www.mha.gov.in/MHA1/Par2017/pdfs/par2024-pdfs/RS27112024/234.pdf,
S05,S05a,Chandigarh,30,state_ut,uts,2020,17,17,registered cases (CR),"Total cyber crimes (IT Act + IPC + SLL, NCRB definition)","NCRB 'Crime in India' via MHA reply, Rajya Sabha USQ 234 (27.11.2024)",S05a_RS_USQ234_2024-11-27_AnnexI_2018-2022.txt,Annexure-I 'STATE/UT-WISE CASES REGISTERED UNDER CYBER CRIMES DURING 2018-2022',https://www.mha.gov.in/MHA1/Par2017/pdfs/par2024-pdfs/RS27112024/234.pdf,
S05,S05a,Chandigarh,30,state_ut,uts,2021,15,15,registered cases (CR),"Total cyber crimes (IT Act + IPC + SLL, NCRB definition)","NCRB 'Crime in India' via MHA reply, Rajya Sabha USQ 234 (27.11.2024)",S05a_RS_USQ234_2024-11-27_AnnexI_2018-2022.txt,Annexure-I 'STATE/UT-WISE CASES REGISTERED UNDER CYBER CRIMES DURING 2018-2022',https://www.mha.gov.in/MHA1/Par2017/pdfs/par2024-pdfs/RS27112024/234.pdf,
S05,S05a,Chandigarh,30,state_ut,uts,2022,27,27,registered cases (CR),"Total cyber crimes (IT Act + IPC + SLL, NCRB definition)","NCRB 'Crime in India' via MHA reply, Rajya Sabha USQ 234 (27.11.2024)",S05a_RS_USQ234_2024-11-27_AnnexI_2018-2022.txt,Annexure-I 'STATE/UT-WISE CASES REGISTERED UNDER CYBER CRIMES DURING 2018-2022',https://www.mha.gov.in/MHA1/Par2017/pdfs/par2024-pdfs/RS27112024/234.pdf,
S05,S05a,D&N Haveli and Daman & Diu+,31,state_ut,uts,2018,0,0,registered cases (CR),"Total cyber crimes (IT Act + IPC + SLL, NCRB definition)","NCRB 'Crime in India' via MHA reply, Rajya Sabha USQ 234 (27.11.2024)",S05a_RS_USQ234_2024-11-27_AnnexI_2018-2022.txt,Annexure-I 'STATE/UT-WISE CASES REGISTERED UNDER CYBER CRIMES DURING 2018-2022',https://www.mha.gov.in/MHA1/Par2017/pdfs/par2024-pdfs/RS27112024/234.pdf,"'+' = combined data of erstwhile D&N Haveli UT and Daman & Diu UT for 2018, 2019 (per source footnote)"
S05,S05a,D&N Haveli and Daman & Diu+,31,state_ut,uts,2019,3,3,registered cases (CR),"Total cyber crimes (IT Act + IPC + SLL, NCRB definition)","NCRB 'Crime in India' via MHA reply, Rajya Sabha USQ 234 (27.11.2024)",S05a_RS_USQ234_2024-11-27_AnnexI_2018-2022.txt,Annexure-I 'STATE/UT-WISE CASES REGISTERED UNDER CYBER CRIMES DURING 2018-2022',https://www.mha.gov.in/MHA1/Par2017/pdfs/par2024-pdfs/RS27112024/234.pdf,"'+' = combined data of erstwhile D&N Haveli UT and Daman & Diu UT for 2018, 2019 (per source footnote)"
S05,S05a,D&N Haveli and Daman & Diu+,31,state_ut,uts,2020,3,3,registered cases (CR),"Total cyber crimes (IT Act + IPC + SLL, NCRB definition)","NCRB 'Crime in India' via MHA reply, Rajya Sabha USQ 234 (27.11.2024)",S05a_RS_USQ234_2024-11-27_AnnexI_2018-2022.txt,Annexure-I 'STATE/UT-WISE CASES REGISTERED UNDER CYBER CRIMES DURING 2018-2022',https://www.mha.gov.in/MHA1/Par2017/pdfs/par2024-pdfs/RS27112024/234.pdf,
S05,S05a,D&N Haveli and Daman & Diu+,31,state_ut,uts,2021,5,5,registered cases (CR),"Total cyber crimes (IT Act + IPC + SLL, NCRB definition)","NCRB 'Crime in India' via MHA reply, Rajya Sabha USQ 234 (27.11.2024)",S05a_RS_USQ234_2024-11-27_AnnexI_2018-2022.txt,Annexure-I 'STATE/UT-WISE CASES REGISTERED UNDER CYBER CRIMES DURING 2018-2022',https://www.mha.gov.in/MHA1/Par2017/pdfs/par2024-pdfs/RS27112024/234.pdf,
S05,S05a,D&N Haveli and Daman & Diu+,31,state_ut,uts,2022,5,5,registered cases (CR),"Total cyber crimes (IT Act + IPC + SLL, NCRB definition)","NCRB 'Crime in India' via MHA reply, Rajya Sabha USQ 234 (27.11.2024)",S05a_RS_USQ234_2024-11-27_AnnexI_2018-2022.txt,Annexure-I 'STATE/UT-WISE CASES REGISTERED UNDER CYBER CRIMES DURING 2018-2022',https://www.mha.gov.in/MHA1/Par2017/pdfs/par2024-pdfs/RS27112024/234.pdf,
S05,S05a,Delhi,32,state_ut,uts,2018,189,189,registered cases (CR),"Total cyber crimes (IT Act + IPC + SLL, NCRB definition)","NCRB 'Crime in India' via MHA reply, Rajya Sabha USQ 234 (27.11.2024)",S05a_RS_USQ234_2024-11-27_AnnexI_2018-2022.txt,Annexure-I 'STATE/UT-WISE CASES REGISTERED UNDER CYBER CRIMES DURING 2018-2022',https://www.mha.gov.in/MHA1/Par2017/pdfs/par2024-pdfs/RS27112024/234.pdf,
S05,S05a,Delhi,32,state_ut,uts,2019,115,115,registered cases (CR),"Total cyber crimes (IT Act + IPC + SLL, NCRB definition)","NCRB 'Crime in India' via MHA reply, Rajya Sabha USQ 234 (27.11.2024)",S05a_RS_USQ234_2024-11-27_AnnexI_2018-2022.txt,Annexure-I 'STATE/UT-WISE CASES REGISTERED UNDER CYBER CRIMES DURING 2018-2022',https://www.mha.gov.in/MHA1/Par2017/pdfs/par2024-pdfs/RS27112024/234.pdf,
S05,S05a,Delhi,32,state_ut,uts,2020,168,168,registered cases (CR),"Total cyber crimes (IT Act + IPC + SLL, NCRB definition)","NCRB 'Crime in India' via MHA reply, Rajya Sabha USQ 234 (27.11.2024)",S05a_RS_USQ234_2024-11-27_AnnexI_2018-2022.txt,Annexure-I 'STATE/UT-WISE CASES REGISTERED UNDER CYBER CRIMES DURING 2018-2022',https://www.mha.gov.in/MHA1/Par2017/pdfs/par2024-pdfs/RS27112024/234.pdf,
S05,S05a,Delhi,32,state_ut,uts,2021,356,356,registered cases (CR),"Total cyber crimes (IT Act + IPC + SLL, NCRB definition)","NCRB 'Crime in India' via MHA reply, Rajya Sabha USQ 234 (27.11.2024)",S05a_RS_USQ234_2024-11-27_AnnexI_2018-2022.txt,Annexure-I 'STATE/UT-WISE CASES REGISTERED UNDER CYBER CRIMES DURING 2018-2022',https://www.mha.gov.in/MHA1/Par2017/pdfs/par2024-pdfs/RS27112024/234.pdf,
S05,S05a,Delhi,32,state_ut,uts,2022,685,685,registered cases (CR),"Total cyber crimes (IT Act + IPC + SLL, NCRB definition)","NCRB 'Crime in India' via MHA reply, Rajya Sabha USQ 234 (27.11.2024)",S05a_RS_USQ234_2024-11-27_AnnexI_2018-2022.txt,Annexure-I 'STATE/UT-WISE CASES REGISTERED UNDER CYBER CRIMES DURING 2018-2022',https://www.mha.gov.in/MHA1/Par2017/pdfs/par2024-pdfs/RS27112024/234.pdf,
S05,S05a,Jammu & Kashmir *,33,state_ut,uts,2018,73,73,registered cases (CR),"Total cyber crimes (IT Act + IPC + SLL, NCRB definition)","NCRB 'Crime in India' via MHA reply, Rajya Sabha USQ 234 (27.11.2024)",S05a_RS_USQ234_2024-11-27_AnnexI_2018-2022.txt,Annexure-I 'STATE/UT-WISE CASES REGISTERED UNDER CYBER CRIMES DURING 2018-2022',https://www.mha.gov.in/MHA1/Par2017/pdfs/par2024-pdfs/RS27112024/234.pdf,"'*' = data of erstwhile Jammu & Kashmir State including Ladakh for 2018, 2019 (per source footnote)"
S05,S05a,Jammu & Kashmir *,33,state_ut,uts,2019,73,73,registered cases (CR),"Total cyber crimes (IT Act + IPC + SLL, NCRB definition)","NCRB 'Crime in India' via MHA reply, Rajya Sabha USQ 234 (27.11.2024)",S05a_RS_USQ234_2024-11-27_AnnexI_2018-2022.txt,Annexure-I 'STATE/UT-WISE CASES REGISTERED UNDER CYBER CRIMES DURING 2018-2022',https://www.mha.gov.in/MHA1/Par2017/pdfs/par2024-pdfs/RS27112024/234.pdf,"'*' = data of erstwhile Jammu & Kashmir State including Ladakh for 2018, 2019 (per source footnote)"
S05,S05a,Jammu & Kashmir *,33,state_ut,uts,2020,120,120,registered cases (CR),"Total cyber crimes (IT Act + IPC + SLL, NCRB definition)","NCRB 'Crime in India' via MHA reply, Rajya Sabha USQ 234 (27.11.2024)",S05a_RS_USQ234_2024-11-27_AnnexI_2018-2022.txt,Annexure-I 'STATE/UT-WISE CASES REGISTERED UNDER CYBER CRIMES DURING 2018-2022',https://www.mha.gov.in/MHA1/Par2017/pdfs/par2024-pdfs/RS27112024/234.pdf,
S05,S05a,Jammu & Kashmir *,33,state_ut,uts,2021,154,154,registered cases (CR),"Total cyber crimes (IT Act + IPC + SLL, NCRB definition)","NCRB 'Crime in India' via MHA reply, Rajya Sabha USQ 234 (27.11.2024)",S05a_RS_USQ234_2024-11-27_AnnexI_2018-2022.txt,Annexure-I 'STATE/UT-WISE CASES REGISTERED UNDER CYBER CRIMES DURING 2018-2022',https://www.mha.gov.in/MHA1/Par2017/pdfs/par2024-pdfs/RS27112024/234.pdf,
S05,S05a,Jammu & Kashmir *,33,state_ut,uts,2022,173,173,registered cases (CR),"Total cyber crimes (IT Act + IPC + SLL, NCRB definition)","NCRB 'Crime in India' via MHA reply, Rajya Sabha USQ 234 (27.11.2024)",S05a_RS_USQ234_2024-11-27_AnnexI_2018-2022.txt,Annexure-I 'STATE/UT-WISE CASES REGISTERED UNDER CYBER CRIMES DURING 2018-2022',https://www.mha.gov.in/MHA1/Par2017/pdfs/par2024-pdfs/RS27112024/234.pdf,
S05,S05a,Ladakh,34,state_ut,uts,2018,,-,registered cases (CR),"Total cyber crimes (IT Act + IPC + SLL, NCRB definition)","NCRB 'Crime in India' via MHA reply, Rajya Sabha USQ 234 (27.11.2024)",S05a_RS_USQ234_2024-11-27_AnnexI_2018-2022.txt,Annexure-I 'STATE/UT-WISE CASES REGISTERED UNDER CYBER CRIMES DURING 2018-2022',https://www.mha.gov.in/MHA1/Par2017/pdfs/par2024-pdfs/RS27112024/234.pdf,Dash printed in source (not zero); entity did not exist separately in this year.
S05,S05a,Ladakh,34,state_ut,uts,2019,,-,registered cases (CR),"Total cyber crimes (IT Act + IPC + SLL, NCRB definition)","NCRB 'Crime in India' via MHA reply, Rajya Sabha USQ 234 (27.11.2024)",S05a_RS_USQ234_2024-11-27_AnnexI_2018-2022.txt,Annexure-I 'STATE/UT-WISE CASES REGISTERED UNDER CYBER CRIMES DURING 2018-2022',https://www.mha.gov.in/MHA1/Par2017/pdfs/par2024-pdfs/RS27112024/234.pdf,Dash printed in source (not zero); entity did not exist separately in this year.
S05,S05a,Ladakh,34,state_ut,uts,2020,1,1,registered cases (CR),"Total cyber crimes (IT Act + IPC + SLL, NCRB definition)","NCRB 'Crime in India' via MHA reply, Rajya Sabha USQ 234 (27.11.2024)",S05a_RS_USQ234_2024-11-27_AnnexI_2018-2022.txt,Annexure-I 'STATE/UT-WISE CASES REGISTERED UNDER CYBER CRIMES DURING 2018-2022',https://www.mha.gov.in/MHA1/Par2017/pdfs/par2024-pdfs/RS27112024/234.pdf,
S05,S05a,Ladakh,34,state_ut,uts,2021,5,5,registered cases (CR),"Total cyber crimes (IT Act + IPC + SLL, NCRB definition)","NCRB 'Crime in India' via MHA reply, Rajya Sabha USQ 234 (27.11.2024)",S05a_RS_USQ234_2024-11-27_AnnexI_2018-2022.txt,Annexure-I 'STATE/UT-WISE CASES REGISTERED UNDER CYBER CRIMES DURING 2018-2022',https://www.mha.gov.in/MHA1/Par2017/pdfs/par2024-pdfs/RS27112024/234.pdf,
S05,S05a,Ladakh,34,state_ut,uts,2022,3,3,registered cases (CR),"Total cyber crimes (IT Act + IPC + SLL, NCRB definition)","NCRB 'Crime in India' via MHA reply, Rajya Sabha USQ 234 (27.11.2024)",S05a_RS_USQ234_2024-11-27_AnnexI_2018-2022.txt,Annexure-I 'STATE/UT-WISE CASES REGISTERED UNDER CYBER CRIMES DURING 2018-2022',https://www.mha.gov.in/MHA1/Par2017/pdfs/par2024-pdfs/RS27112024/234.pdf,
S05,S05a,Lakshadweep,35,state_ut,uts,2018,4,4,registered cases (CR),"Total cyber crimes (IT Act + IPC + SLL, NCRB definition)","NCRB 'Crime in India' via MHA reply, Rajya Sabha USQ 234 (27.11.2024)",S05a_RS_USQ234_2024-11-27_AnnexI_2018-2022.txt,Annexure-I 'STATE/UT-WISE CASES REGISTERED UNDER CYBER CRIMES DURING 2018-2022',https://www.mha.gov.in/MHA1/Par2017/pdfs/par2024-pdfs/RS27112024/234.pdf,
S05,S05a,Lakshadweep,35,state_ut,uts,2019,4,4,registered cases (CR),"Total cyber crimes (IT Act + IPC + SLL, NCRB definition)","NCRB 'Crime in India' via MHA reply, Rajya Sabha USQ 234 (27.11.2024)",S05a_RS_USQ234_2024-11-27_AnnexI_2018-2022.txt,Annexure-I 'STATE/UT-WISE CASES REGISTERED UNDER CYBER CRIMES DURING 2018-2022',https://www.mha.gov.in/MHA1/Par2017/pdfs/par2024-pdfs/RS27112024/234.pdf,
S05,S05a,Lakshadweep,35,state_ut,uts,2020,3,3,registered cases (CR),"Total cyber crimes (IT Act + IPC + SLL, NCRB definition)","NCRB 'Crime in India' via MHA reply, Rajya Sabha USQ 234 (27.11.2024)",S05a_RS_USQ234_2024-11-27_AnnexI_2018-2022.txt,Annexure-I 'STATE/UT-WISE CASES REGISTERED UNDER CYBER CRIMES DURING 2018-2022',https://www.mha.gov.in/MHA1/Par2017/pdfs/par2024-pdfs/RS27112024/234.pdf,
S05,S05a,Lakshadweep,35,state_ut,uts,2021,1,1,registered cases (CR),"Total cyber crimes (IT Act + IPC + SLL, NCRB definition)","NCRB 'Crime in India' via MHA reply, Rajya Sabha USQ 234 (27.11.2024)",S05a_RS_USQ234_2024-11-27_AnnexI_2018-2022.txt,Annexure-I 'STATE/UT-WISE CASES REGISTERED UNDER CYBER CRIMES DURING 2018-2022',https://www.mha.gov.in/MHA1/Par2017/pdfs/par2024-pdfs/RS27112024/234.pdf,
S05,S05a,Lakshadweep,35,state_ut,uts,2022,1,1,registered cases (CR),"Total cyber crimes (IT Act + IPC + SLL, NCRB definition)","NCRB 'Crime in India' via MHA reply, Rajya Sabha USQ 234 (27.11.2024)",S05a_RS_USQ234_2024-11-27_AnnexI_2018-2022.txt,Annexure-I 'STATE/UT-WISE CASES REGISTERED UNDER CYBER CRIMES DURING 2018-2022',https://www.mha.gov.in/MHA1/Par2017/pdfs/par2024-pdfs/RS27112024/234.pdf,
S05,S05a,Puducherry,36,state_ut,uts,2018,14,14,registered cases (CR),"Total cyber crimes (IT Act + IPC + SLL, NCRB definition)","NCRB 'Crime in India' via MHA reply, Rajya Sabha USQ 234 (27.11.2024)",S05a_RS_USQ234_2024-11-27_AnnexI_2018-2022.txt,Annexure-I 'STATE/UT-WISE CASES REGISTERED UNDER CYBER CRIMES DURING 2018-2022',https://www.mha.gov.in/MHA1/Par2017/pdfs/par2024-pdfs/RS27112024/234.pdf,
S05,S05a,Puducherry,36,state_ut,uts,2019,4,4,registered cases (CR),"Total cyber crimes (IT Act + IPC + SLL, NCRB definition)","NCRB 'Crime in India' via MHA reply, Rajya Sabha USQ 234 (27.11.2024)",S05a_RS_USQ234_2024-11-27_AnnexI_2018-2022.txt,Annexure-I 'STATE/UT-WISE CASES REGISTERED UNDER CYBER CRIMES DURING 2018-2022',https://www.mha.gov.in/MHA1/Par2017/pdfs/par2024-pdfs/RS27112024/234.pdf,
S05,S05a,Puducherry,36,state_ut,uts,2020,10,10,registered cases (CR),"Total cyber crimes (IT Act + IPC + SLL, NCRB definition)","NCRB 'Crime in India' via MHA reply, Rajya Sabha USQ 234 (27.11.2024)",S05a_RS_USQ234_2024-11-27_AnnexI_2018-2022.txt,Annexure-I 'STATE/UT-WISE CASES REGISTERED UNDER CYBER CRIMES DURING 2018-2022',https://www.mha.gov.in/MHA1/Par2017/pdfs/par2024-pdfs/RS27112024/234.pdf,
S05,S05a,Puducherry,36,state_ut,uts,2021,0,0,registered cases (CR),"Total cyber crimes (IT Act + IPC + SLL, NCRB definition)","NCRB 'Crime in India' via MHA reply, Rajya Sabha USQ 234 (27.11.2024)",S05a_RS_USQ234_2024-11-27_AnnexI_2018-2022.txt,Annexure-I 'STATE/UT-WISE CASES REGISTERED UNDER CYBER CRIMES DURING 2018-2022',https://www.mha.gov.in/MHA1/Par2017/pdfs/par2024-pdfs/RS27112024/234.pdf,
S05,S05a,Puducherry,36,state_ut,uts,2022,64,64,registered cases (CR),"Total cyber crimes (IT Act + IPC + SLL, NCRB definition)","NCRB 'Crime in India' via MHA reply, Rajya Sabha USQ 234 (27.11.2024)",S05a_RS_USQ234_2024-11-27_AnnexI_2018-2022.txt,Annexure-I 'STATE/UT-WISE CASES REGISTERED UNDER CYBER CRIMES DURING 2018-2022',https://www.mha.gov.in/MHA1/Par2017/pdfs/par2024-pdfs/RS27112024/234.pdf,
S05,S05a,TOTAL UT(S),,total_uts,uts,2018,317,317,registered cases (CR),"Total cyber crimes (IT Act + IPC + SLL, NCRB definition)","NCRB 'Crime in India' via MHA reply, Rajya Sabha USQ 234 (27.11.2024)",S05a_RS_USQ234_2024-11-27_AnnexI_2018-2022.txt,Annexure-I 'STATE/UT-WISE CASES REGISTERED UNDER CYBER CRIMES DURING 2018-2022',https://www.mha.gov.in/MHA1/Par2017/pdfs/par2024-pdfs/RS27112024/234.pdf,
S05,S05a,TOTAL UT(S),,total_uts,uts,2019,224,224,registered cases (CR),"Total cyber crimes (IT Act + IPC + SLL, NCRB definition)","NCRB 'Crime in India' via MHA reply, Rajya Sabha USQ 234 (27.11.2024)",S05a_RS_USQ234_2024-11-27_AnnexI_2018-2022.txt,Annexure-I 'STATE/UT-WISE CASES REGISTERED UNDER CYBER CRIMES DURING 2018-2022',https://www.mha.gov.in/MHA1/Par2017/pdfs/par2024-pdfs/RS27112024/234.pdf,
S05,S05a,TOTAL UT(S),,total_uts,uts,2020,327,327,registered cases (CR),"Total cyber crimes (IT Act + IPC + SLL, NCRB definition)","NCRB 'Crime in India' via MHA reply, Rajya Sabha USQ 234 (27.11.2024)",S05a_RS_USQ234_2024-11-27_AnnexI_2018-2022.txt,Annexure-I 'STATE/UT-WISE CASES REGISTERED UNDER CYBER CRIMES DURING 2018-2022',https://www.mha.gov.in/MHA1/Par2017/pdfs/par2024-pdfs/RS27112024/234.pdf,
S05,S05a,TOTAL UT(S),,total_uts,uts,2021,544,544,registered cases (CR),"Total cyber crimes (IT Act + IPC + SLL, NCRB definition)","NCRB 'Crime in India' via MHA reply, Rajya Sabha USQ 234 (27.11.2024)",S05a_RS_USQ234_2024-11-27_AnnexI_2018-2022.txt,Annexure-I 'STATE/UT-WISE CASES REGISTERED UNDER CYBER CRIMES DURING 2018-2022',https://www.mha.gov.in/MHA1/Par2017/pdfs/par2024-pdfs/RS27112024/234.pdf,
S05,S05a,TOTAL UT(S),,total_uts,uts,2022,986,986,registered cases (CR),"Total cyber crimes (IT Act + IPC + SLL, NCRB definition)","NCRB 'Crime in India' via MHA reply, Rajya Sabha USQ 234 (27.11.2024)",S05a_RS_USQ234_2024-11-27_AnnexI_2018-2022.txt,Annexure-I 'STATE/UT-WISE CASES REGISTERED UNDER CYBER CRIMES DURING 2018-2022',https://www.mha.gov.in/MHA1/Par2017/pdfs/par2024-pdfs/RS27112024/234.pdf,
S05,S05a,TOTAL (ALL INDIA),,total_all_india,all_india,2018,27248,27248,registered cases (CR),"Total cyber crimes (IT Act + IPC + SLL, NCRB definition)","NCRB 'Crime in India' via MHA reply, Rajya Sabha USQ 234 (27.11.2024)",S05a_RS_USQ234_2024-11-27_AnnexI_2018-2022.txt,Annexure-I 'STATE/UT-WISE CASES REGISTERED UNDER CYBER CRIMES DURING 2018-2022',https://www.mha.gov.in/MHA1/Par2017/pdfs/par2024-pdfs/RS27112024/234.pdf,
S05,S05a,TOTAL (ALL INDIA),,total_all_india,all_india,2019,44735,44735,registered cases (CR),"Total cyber crimes (IT Act + IPC + SLL, NCRB definition)","NCRB 'Crime in India' via MHA reply, Rajya Sabha USQ 234 (27.11.2024)",S05a_RS_USQ234_2024-11-27_AnnexI_2018-2022.txt,Annexure-I 'STATE/UT-WISE CASES REGISTERED UNDER CYBER CRIMES DURING 2018-2022',https://www.mha.gov.in/MHA1/Par2017/pdfs/par2024-pdfs/RS27112024/234.pdf,
S05,S05a,TOTAL (ALL INDIA),,total_all_india,all_india,2020,50035,50035,registered cases (CR),"Total cyber crimes (IT Act + IPC + SLL, NCRB definition)","NCRB 'Crime in India' via MHA reply, Rajya Sabha USQ 234 (27.11.2024)",S05a_RS_USQ234_2024-11-27_AnnexI_2018-2022.txt,Annexure-I 'STATE/UT-WISE CASES REGISTERED UNDER CYBER CRIMES DURING 2018-2022',https://www.mha.gov.in/MHA1/Par2017/pdfs/par2024-pdfs/RS27112024/234.pdf,
S05,S05a,TOTAL (ALL INDIA),,total_all_india,all_india,2021,52974,52974,registered cases (CR),"Total cyber crimes (IT Act + IPC + SLL, NCRB definition)","NCRB 'Crime in India' via MHA reply, Rajya Sabha USQ 234 (27.11.2024)",S05a_RS_USQ234_2024-11-27_AnnexI_2018-2022.txt,Annexure-I 'STATE/UT-WISE CASES REGISTERED UNDER CYBER CRIMES DURING 2018-2022',https://www.mha.gov.in/MHA1/Par2017/pdfs/par2024-pdfs/RS27112024/234.pdf,
S05,S05a,TOTAL (ALL INDIA),,total_all_india,all_india,2022,65893,65893,registered cases (CR),"Total cyber crimes (IT Act + IPC + SLL, NCRB definition)","NCRB 'Crime in India' via MHA reply, Rajya Sabha USQ 234 (27.11.2024)",S05a_RS_USQ234_2024-11-27_AnnexI_2018-2022.txt,Annexure-I 'STATE/UT-WISE CASES REGISTERED UNDER CYBER CRIMES DURING 2018-2022',https://www.mha.gov.in/MHA1/Par2017/pdfs/par2024-pdfs/RS27112024/234.pdf,
S05,S05b,Andhra Pradesh,1,state_ut,states,2018,195,195,registered cases (CR),Cyber crimes - Fraud (sub-category; NOT total cyber crime),"NCRB 'Crime in India' via MHA reply, Rajya Sabha USQ 234 (27.11.2024)",S05b_RS_USQ234_2024-11-27_AnnexII_fraud_CR_2018-2022.txt,Annexure-II pages 1-2 (state-wise CR/CCS/CON/PAR/PCS/PCV under fraud for cyber crimes 2018-2022); CR columns only; exact printed title paraphrased by tool,https://www.mha.gov.in/MHA1/Par2017/pdfs/par2024-pdfs/RS27112024/234.pdf,
S05,S05b,Andhra Pradesh,1,state_ut,states,2019,703,703,registered cases (CR),Cyber crimes - Fraud (sub-category; NOT total cyber crime),"NCRB 'Crime in India' via MHA reply, Rajya Sabha USQ 234 (27.11.2024)",S05b_RS_USQ234_2024-11-27_AnnexII_fraud_CR_2018-2022.txt,Annexure-II pages 1-2 (state-wise CR/CCS/CON/PAR/PCS/PCV under fraud for cyber crimes 2018-2022); CR columns only; exact printed title paraphrased by tool,https://www.mha.gov.in/MHA1/Par2017/pdfs/par2024-pdfs/RS27112024/234.pdf,
S05,S05b,Andhra Pradesh,1,state_ut,states,2020,764,764,registered cases (CR),Cyber crimes - Fraud (sub-category; NOT total cyber crime),"NCRB 'Crime in India' via MHA reply, Rajya Sabha USQ 234 (27.11.2024)",S05b_RS_USQ234_2024-11-27_AnnexII_fraud_CR_2018-2022.txt,Annexure-II pages 1-2 (state-wise CR/CCS/CON/PAR/PCS/PCV under fraud for cyber crimes 2018-2022); CR columns only; exact printed title paraphrased by tool,https://www.mha.gov.in/MHA1/Par2017/pdfs/par2024-pdfs/RS27112024/234.pdf,
S05,S05b,Andhra Pradesh,1,state_ut,states,2021,952,952,registered cases (CR),Cyber crimes - Fraud (sub-category; NOT total cyber crime),"NCRB 'Crime in India' via MHA reply, Rajya Sabha USQ 234 (27.11.2024)",S05b_RS_USQ234_2024-11-27_AnnexII_fraud_CR_2018-2022.txt,Annexure-II pages 1-2 (state-wise CR/CCS/CON/PAR/PCS/PCV under fraud for cyber crimes 2018-2022); CR columns only; exact printed title paraphrased by tool,https://www.mha.gov.in/MHA1/Par2017/pdfs/par2024-pdfs/RS27112024/234.pdf,
S05,S05b,Andhra Pradesh,1,state_ut,states,2022,984,984,registered cases (CR),Cyber crimes - Fraud (sub-category; NOT total cyber crime),"NCRB 'Crime in India' via MHA reply, Rajya Sabha USQ 234 (27.11.2024)",S05b_RS_USQ234_2024-11-27_AnnexII_fraud_CR_2018-2022.txt,Annexure-II pages 1-2 (state-wise CR/CCS/CON/PAR/PCS/PCV under fraud for cyber crimes 2018-2022); CR columns only; exact printed title paraphrased by tool,https://www.mha.gov.in/MHA1/Par2017/pdfs/par2024-pdfs/RS27112024/234.pdf,
S05,S05b,Arunachal Pradesh,2,state_ut,states,2018,0,0,registered cases (CR),Cyber crimes - Fraud (sub-category; NOT total cyber crime),"NCRB 'Crime in India' via MHA reply, Rajya Sabha USQ 234 (27.11.2024)",S05b_RS_USQ234_2024-11-27_AnnexII_fraud_CR_2018-2022.txt,Annexure-II pages 1-2 (state-wise CR/CCS/CON/PAR/PCS/PCV under fraud for cyber crimes 2018-2022); CR columns only; exact printed title paraphrased by tool,https://www.mha.gov.in/MHA1/Par2017/pdfs/par2024-pdfs/RS27112024/234.pdf,
S05,S05b,Arunachal Pradesh,2,state_ut,states,2019,0,0,registered cases (CR),Cyber crimes - Fraud (sub-category; NOT total cyber crime),"NCRB 'Crime in India' via MHA reply, Rajya Sabha USQ 234 (27.11.2024)",S05b_RS_USQ234_2024-11-27_AnnexII_fraud_CR_2018-2022.txt,Annexure-II pages 1-2 (state-wise CR/CCS/CON/PAR/PCS/PCV under fraud for cyber crimes 2018-2022); CR columns only; exact printed title paraphrased by tool,https://www.mha.gov.in/MHA1/Par2017/pdfs/par2024-pdfs/RS27112024/234.pdf,
S05,S05b,Arunachal Pradesh,2,state_ut,states,2020,3,3,registered cases (CR),Cyber crimes - Fraud (sub-category; NOT total cyber crime),"NCRB 'Crime in India' via MHA reply, Rajya Sabha USQ 234 (27.11.2024)",S05b_RS_USQ234_2024-11-27_AnnexII_fraud_CR_2018-2022.txt,Annexure-II pages 1-2 (state-wise CR/CCS/CON/PAR/PCS/PCV under fraud for cyber crimes 2018-2022); CR columns only; exact printed title paraphrased by tool,https://www.mha.gov.in/MHA1/Par2017/pdfs/par2024-pdfs/RS27112024/234.pdf,
S05,S05b,Arunachal Pradesh,2,state_ut,states,2021,2,2,registered cases (CR),Cyber crimes - Fraud (sub-category; NOT total cyber crime),"NCRB 'Crime in India' via MHA reply, Rajya Sabha USQ 234 (27.11.2024)",S05b_RS_USQ234_2024-11-27_AnnexII_fraud_CR_2018-2022.txt,Annexure-II pages 1-2 (state-wise CR/CCS/CON/PAR/PCS/PCV under fraud for cyber crimes 2018-2022); CR columns only; exact printed title paraphrased by tool,https://www.mha.gov.in/MHA1/Par2017/pdfs/par2024-pdfs/RS27112024/234.pdf,
S05,S05b,Arunachal Pradesh,2,state_ut,states,2022,0,0,registered cases (CR),Cyber crimes - Fraud (sub-category; NOT total cyber crime),"NCRB 'Crime in India' via MHA reply, Rajya Sabha USQ 234 (27.11.2024)",S05b_RS_USQ234_2024-11-27_AnnexII_fraud_CR_2018-2022.txt,Annexure-II pages 1-2 (state-wise CR/CCS/CON/PAR/PCS/PCV under fraud for cyber crimes 2018-2022); CR columns only; exact printed title paraphrased by tool,https://www.mha.gov.in/MHA1/Par2017/pdfs/par2024-pdfs/RS27112024/234.pdf,
S05,S05b,Assam,3,state_ut,states,2018,6,6,registered cases (CR),Cyber crimes - Fraud (sub-category; NOT total cyber crime),"NCRB 'Crime in India' via MHA reply, Rajya Sabha USQ 234 (27.11.2024)",S05b_RS_USQ234_2024-11-27_AnnexII_fraud_CR_2018-2022.txt,Annexure-II pages 1-2 (state-wise CR/CCS/CON/PAR/PCS/PCV under fraud for cyber crimes 2018-2022); CR columns only; exact printed title paraphrased by tool,https://www.mha.gov.in/MHA1/Par2017/pdfs/par2024-pdfs/RS27112024/234.pdf,
S05,S05b,Assam,3,state_ut,states,2019,83,83,registered cases (CR),Cyber crimes - Fraud (sub-category; NOT total cyber crime),"NCRB 'Crime in India' via MHA reply, Rajya Sabha USQ 234 (27.11.2024)",S05b_RS_USQ234_2024-11-27_AnnexII_fraud_CR_2018-2022.txt,Annexure-II pages 1-2 (state-wise CR/CCS/CON/PAR/PCS/PCV under fraud for cyber crimes 2018-2022); CR columns only; exact printed title paraphrased by tool,https://www.mha.gov.in/MHA1/Par2017/pdfs/par2024-pdfs/RS27112024/234.pdf,
S05,S05b,Assam,3,state_ut,states,2020,58,58,registered cases (CR),Cyber crimes - Fraud (sub-category; NOT total cyber crime),"NCRB 'Crime in India' via MHA reply, Rajya Sabha USQ 234 (27.11.2024)",S05b_RS_USQ234_2024-11-27_AnnexII_fraud_CR_2018-2022.txt,Annexure-II pages 1-2 (state-wise CR/CCS/CON/PAR/PCS/PCV under fraud for cyber crimes 2018-2022); CR columns only; exact printed title paraphrased by tool,https://www.mha.gov.in/MHA1/Par2017/pdfs/par2024-pdfs/RS27112024/234.pdf,
S05,S05b,Assam,3,state_ut,states,2021,82,82,registered cases (CR),Cyber crimes - Fraud (sub-category; NOT total cyber crime),"NCRB 'Crime in India' via MHA reply, Rajya Sabha USQ 234 (27.11.2024)",S05b_RS_USQ234_2024-11-27_AnnexII_fraud_CR_2018-2022.txt,Annexure-II pages 1-2 (state-wise CR/CCS/CON/PAR/PCS/PCV under fraud for cyber crimes 2018-2022); CR columns only; exact printed title paraphrased by tool,https://www.mha.gov.in/MHA1/Par2017/pdfs/par2024-pdfs/RS27112024/234.pdf,
S05,S05b,Assam,3,state_ut,states,2022,16,16,registered cases (CR),Cyber crimes - Fraud (sub-category; NOT total cyber crime),"NCRB 'Crime in India' via MHA reply, Rajya Sabha USQ 234 (27.11.2024)",S05b_RS_USQ234_2024-11-27_AnnexII_fraud_CR_2018-2022.txt,Annexure-II pages 1-2 (state-wise CR/CCS/CON/PAR/PCS/PCV under fraud for cyber crimes 2018-2022); CR columns only; exact printed title paraphrased by tool,https://www.mha.gov.in/MHA1/Par2017/pdfs/par2024-pdfs/RS27112024/234.pdf,
S05,S05b,Bihar,4,state_ut,states,2018,357,357,registered cases (CR),Cyber crimes - Fraud (sub-category; NOT total cyber crime),"NCRB 'Crime in India' via MHA reply, Rajya Sabha USQ 234 (27.11.2024)",S05b_RS_USQ234_2024-11-27_AnnexII_fraud_CR_2018-2022.txt,Annexure-II pages 1-2 (state-wise CR/CCS/CON/PAR/PCS/PCV under fraud for cyber crimes 2018-2022); CR columns only; exact printed title paraphrased by tool,https://www.mha.gov.in/MHA1/Par2017/pdfs/par2024-pdfs/RS27112024/234.pdf,
S05,S05b,Bihar,4,state_ut,states,2019,1008,1008,registered cases (CR),Cyber crimes - Fraud (sub-category; NOT total cyber crime),"NCRB 'Crime in India' via MHA reply, Rajya Sabha USQ 234 (27.11.2024)",S05b_RS_USQ234_2024-11-27_AnnexII_fraud_CR_2018-2022.txt,Annexure-II pages 1-2 (state-wise CR/CCS/CON/PAR/PCS/PCV under fraud for cyber crimes 2018-2022); CR columns only; exact printed title paraphrased by tool,https://www.mha.gov.in/MHA1/Par2017/pdfs/par2024-pdfs/RS27112024/234.pdf,
S05,S05b,Bihar,4,state_ut,states,2020,1294,1294,registered cases (CR),Cyber crimes - Fraud (sub-category; NOT total cyber crime),"NCRB 'Crime in India' via MHA reply, Rajya Sabha USQ 234 (27.11.2024)",S05b_RS_USQ234_2024-11-27_AnnexII_fraud_CR_2018-2022.txt,Annexure-II pages 1-2 (state-wise CR/CCS/CON/PAR/PCS/PCV under fraud for cyber crimes 2018-2022); CR columns only; exact printed title paraphrased by tool,https://www.mha.gov.in/MHA1/Par2017/pdfs/par2024-pdfs/RS27112024/234.pdf,
S05,S05b,Bihar,4,state_ut,states,2021,1373,1373,registered cases (CR),Cyber crimes - Fraud (sub-category; NOT total cyber crime),"NCRB 'Crime in India' via MHA reply, Rajya Sabha USQ 234 (27.11.2024)",S05b_RS_USQ234_2024-11-27_AnnexII_fraud_CR_2018-2022.txt,Annexure-II pages 1-2 (state-wise CR/CCS/CON/PAR/PCS/PCV under fraud for cyber crimes 2018-2022); CR columns only; exact printed title paraphrased by tool,https://www.mha.gov.in/MHA1/Par2017/pdfs/par2024-pdfs/RS27112024/234.pdf,
S05,S05b,Bihar,4,state_ut,states,2022,1441,1441,registered cases (CR),Cyber crimes - Fraud (sub-category; NOT total cyber crime),"NCRB 'Crime in India' via MHA reply, Rajya Sabha USQ 234 (27.11.2024)",S05b_RS_USQ234_2024-11-27_AnnexII_fraud_CR_2018-2022.txt,Annexure-II pages 1-2 (state-wise CR/CCS/CON/PAR/PCS/PCV under fraud for cyber crimes 2018-2022); CR columns only; exact printed title paraphrased by tool,https://www.mha.gov.in/MHA1/Par2017/pdfs/par2024-pdfs/RS27112024/234.pdf,
S05,S05b,Chhattisgarh,5,state_ut,states,2018,18,18,registered cases (CR),Cyber crimes - Fraud (sub-category; NOT total cyber crime),"NCRB 'Crime in India' via MHA reply, Rajya Sabha USQ 234 (27.11.2024)",S05b_RS_USQ234_2024-11-27_AnnexII_fraud_CR_2018-2022.txt,Annexure-II pages 1-2 (state-wise CR/CCS/CON/PAR/PCS/PCV under fraud for cyber crimes 2018-2022); CR columns only; exact printed title paraphrased by tool,https://www.mha.gov.in/MHA1/Par2017/pdfs/par2024-pdfs/RS27112024/234.pdf,
S05,S05b,Chhattisgarh,5,state_ut,states,2019,35,35,registered cases (CR),Cyber crimes - Fraud (sub-category; NOT total cyber crime),"NCRB 'Crime in India' via MHA reply, Rajya Sabha USQ 234 (27.11.2024)",S05b_RS_USQ234_2024-11-27_AnnexII_fraud_CR_2018-2022.txt,Annexure-II pages 1-2 (state-wise CR/CCS/CON/PAR/PCS/PCV under fraud for cyber crimes 2018-2022); CR columns only; exact printed title paraphrased by tool,https://www.mha.gov.in/MHA1/Par2017/pdfs/par2024-pdfs/RS27112024/234.pdf,
S05,S05b,Chhattisgarh,5,state_ut,states,2020,71,71,registered cases (CR),Cyber crimes - Fraud (sub-category; NOT total cyber crime),"NCRB 'Crime in India' via MHA reply, Rajya Sabha USQ 234 (27.11.2024)",S05b_RS_USQ234_2024-11-27_AnnexII_fraud_CR_2018-2022.txt,Annexure-II pages 1-2 (state-wise CR/CCS/CON/PAR/PCS/PCV under fraud for cyber crimes 2018-2022); CR columns only; exact printed title paraphrased by tool,https://www.mha.gov.in/MHA1/Par2017/pdfs/par2024-pdfs/RS27112024/234.pdf,
S05,S05b,Chhattisgarh,5,state_ut,states,2021,67,67,registered cases (CR),Cyber crimes - Fraud (sub-category; NOT total cyber crime),"NCRB 'Crime in India' via MHA reply, Rajya Sabha USQ 234 (27.11.2024)",S05b_RS_USQ234_2024-11-27_AnnexII_fraud_CR_2018-2022.txt,Annexure-II pages 1-2 (state-wise CR/CCS/CON/PAR/PCS/PCV under fraud for cyber crimes 2018-2022); CR columns only; exact printed title paraphrased by tool,https://www.mha.gov.in/MHA1/Par2017/pdfs/par2024-pdfs/RS27112024/234.pdf,
S05,S05b,Chhattisgarh,5,state_ut,states,2022,42,42,registered cases (CR),Cyber crimes - Fraud (sub-category; NOT total cyber crime),"NCRB 'Crime in India' via MHA reply, Rajya Sabha USQ 234 (27.11.2024)",S05b_RS_USQ234_2024-11-27_AnnexII_fraud_CR_2018-2022.txt,Annexure-II pages 1-2 (state-wise CR/CCS/CON/PAR/PCS/PCV under fraud for cyber crimes 2018-2022); CR columns only; exact printed title paraphrased by tool,https://www.mha.gov.in/MHA1/Par2017/pdfs/par2024-pdfs/RS27112024/234.pdf,
S05,S05b,Goa,6,state_ut,states,2018,0,0,registered cases (CR),Cyber crimes - Fraud (sub-category; NOT total cyber crime),"NCRB 'Crime in India' via MHA reply, Rajya Sabha USQ 234 (27.11.2024)",S05b_RS_USQ234_2024-11-27_AnnexII_fraud_CR_2018-2022.txt,Annexure-II pages 1-2 (state-wise CR/CCS/CON/PAR/PCS/PCV under fraud for cyber crimes 2018-2022); CR columns only; exact printed title paraphrased by tool,https://www.mha.gov.in/MHA1/Par2017/pdfs/par2024-pdfs/RS27112024/234.pdf,
S05,S05b,Goa,6,state_ut,states,2019,0,0,registered cases (CR),Cyber crimes - Fraud (sub-category; NOT total cyber crime),"NCRB 'Crime in India' via MHA reply, Rajya Sabha USQ 234 (27.11.2024)",S05b_RS_USQ234_2024-11-27_AnnexII_fraud_CR_2018-2022.txt,Annexure-II pages 1-2 (state-wise CR/CCS/CON/PAR/PCS/PCV under fraud for cyber crimes 2018-2022); CR columns only; exact printed title paraphrased by tool,https://www.mha.gov.in/MHA1/Par2017/pdfs/par2024-pdfs/RS27112024/234.pdf,
S05,S05b,Goa,6,state_ut,states,2020,1,1,registered cases (CR),Cyber crimes - Fraud (sub-category; NOT total cyber crime),"NCRB 'Crime in India' via MHA reply, Rajya Sabha USQ 234 (27.11.2024)",S05b_RS_USQ234_2024-11-27_AnnexII_fraud_CR_2018-2022.txt,Annexure-II pages 1-2 (state-wise CR/CCS/CON/PAR/PCS/PCV under fraud for cyber crimes 2018-2022); CR columns only; exact printed title paraphrased by tool,https://www.mha.gov.in/MHA1/Par2017/pdfs/par2024-pdfs/RS27112024/234.pdf,
S05,S05b,Goa,6,state_ut,states,2021,1,1,registered cases (CR),Cyber crimes - Fraud (sub-category; NOT total cyber crime),"NCRB 'Crime in India' via MHA reply, Rajya Sabha USQ 234 (27.11.2024)",S05b_RS_USQ234_2024-11-27_AnnexII_fraud_CR_2018-2022.txt,Annexure-II pages 1-2 (state-wise CR/CCS/CON/PAR/PCS/PCV under fraud for cyber crimes 2018-2022); CR columns only; exact printed title paraphrased by tool,https://www.mha.gov.in/MHA1/Par2017/pdfs/par2024-pdfs/RS27112024/234.pdf,
S05,S05b,Goa,6,state_ut,states,2022,11,11,registered cases (CR),Cyber crimes - Fraud (sub-category; NOT total cyber crime),"NCRB 'Crime in India' via MHA reply, Rajya Sabha USQ 234 (27.11.2024)",S05b_RS_USQ234_2024-11-27_AnnexII_fraud_CR_2018-2022.txt,Annexure-II pages 1-2 (state-wise CR/CCS/CON/PAR/PCS/PCV under fraud for cyber crimes 2018-2022); CR columns only; exact printed title paraphrased by tool,https://www.mha.gov.in/MHA1/Par2017/pdfs/par2024-pdfs/RS27112024/234.pdf,
S05,S05b,Gujarat,7,state_ut,states,2018,139,139,registered cases (CR),Cyber crimes - Fraud (sub-category; NOT total cyber crime),"NCRB 'Crime in India' via MHA reply, Rajya Sabha USQ 234 (27.11.2024)",S05b_RS_USQ234_2024-11-27_AnnexII_fraud_CR_2018-2022.txt,Annexure-II pages 1-2 (state-wise CR/CCS/CON/PAR/PCS/PCV under fraud for cyber crimes 2018-2022); CR columns only; exact printed title paraphrased by tool,https://www.mha.gov.in/MHA1/Par2017/pdfs/par2024-pdfs/RS27112024/234.pdf,
S05,S05b,Gujarat,7,state_ut,states,2019,107,107,registered cases (CR),Cyber crimes - Fraud (sub-category; NOT total cyber crime),"NCRB 'Crime in India' via MHA reply, Rajya Sabha USQ 234 (27.11.2024)",S05b_RS_USQ234_2024-11-27_AnnexII_fraud_CR_2018-2022.txt,Annexure-II pages 1-2 (state-wise CR/CCS/CON/PAR/PCS/PCV under fraud for cyber crimes 2018-2022); CR columns only; exact printed title paraphrased by tool,https://www.mha.gov.in/MHA1/Par2017/pdfs/par2024-pdfs/RS27112024/234.pdf,
S05,S05b,Gujarat,7,state_ut,states,2020,205,205,registered cases (CR),Cyber crimes - Fraud (sub-category; NOT total cyber crime),"NCRB 'Crime in India' via MHA reply, Rajya Sabha USQ 234 (27.11.2024)",S05b_RS_USQ234_2024-11-27_AnnexII_fraud_CR_2018-2022.txt,Annexure-II pages 1-2 (state-wise CR/CCS/CON/PAR/PCS/PCV under fraud for cyber crimes 2018-2022); CR columns only; exact printed title paraphrased by tool,https://www.mha.gov.in/MHA1/Par2017/pdfs/par2024-pdfs/RS27112024/234.pdf,
S05,S05b,Gujarat,7,state_ut,states,2021,208,208,registered cases (CR),Cyber crimes - Fraud (sub-category; NOT total cyber crime),"NCRB 'Crime in India' via MHA reply, Rajya Sabha USQ 234 (27.11.2024)",S05b_RS_USQ234_2024-11-27_AnnexII_fraud_CR_2018-2022.txt,Annexure-II pages 1-2 (state-wise CR/CCS/CON/PAR/PCS/PCV under fraud for cyber crimes 2018-2022); CR columns only; exact printed title paraphrased by tool,https://www.mha.gov.in/MHA1/Par2017/pdfs/par2024-pdfs/RS27112024/234.pdf,
S05,S05b,Gujarat,7,state_ut,states,2022,108,108,registered cases (CR),Cyber crimes - Fraud (sub-category; NOT total cyber crime),"NCRB 'Crime in India' via MHA reply, Rajya Sabha USQ 234 (27.11.2024)",S05b_RS_USQ234_2024-11-27_AnnexII_fraud_CR_2018-2022.txt,Annexure-II pages 1-2 (state-wise CR/CCS/CON/PAR/PCS/PCV under fraud for cyber crimes 2018-2022); CR columns only; exact printed title paraphrased by tool,https://www.mha.gov.in/MHA1/Par2017/pdfs/par2024-pdfs/RS27112024/234.pdf,
S05,S05b,Haryana,8,state_ut,states,2018,0,0,registered cases (CR),Cyber crimes - Fraud (sub-category; NOT total cyber crime),"NCRB 'Crime in India' via MHA reply, Rajya Sabha USQ 234 (27.11.2024)",S05b_RS_USQ234_2024-11-27_AnnexII_fraud_CR_2018-2022.txt,Annexure-II pages 1-2 (state-wise CR/CCS/CON/PAR/PCS/PCV under fraud for cyber crimes 2018-2022); CR columns only; exact printed title paraphrased by tool,https://www.mha.gov.in/MHA1/Par2017/pdfs/par2024-pdfs/RS27112024/234.pdf,
S05,S05b,Haryana,8,state_ut,states,2019,107,107,registered cases (CR),Cyber crimes - Fraud (sub-category; NOT total cyber crime),"NCRB 'Crime in India' via MHA reply, Rajya Sabha USQ 234 (27.11.2024)",S05b_RS_USQ234_2024-11-27_AnnexII_fraud_CR_2018-2022.txt,Annexure-II pages 1-2 (state-wise CR/CCS/CON/PAR/PCS/PCV under fraud for cyber crimes 2018-2022); CR columns only; exact printed title paraphrased by tool,https://www.mha.gov.in/MHA1/Par2017/pdfs/par2024-pdfs/RS27112024/234.pdf,
S05,S05b,Haryana,8,state_ut,states,2020,36,36,registered cases (CR),Cyber crimes - Fraud (sub-category; NOT total cyber crime),"NCRB 'Crime in India' via MHA reply, Rajya Sabha USQ 234 (27.11.2024)",S05b_RS_USQ234_2024-11-27_AnnexII_fraud_CR_2018-2022.txt,Annexure-II pages 1-2 (state-wise CR/CCS/CON/PAR/PCS/PCV under fraud for cyber crimes 2018-2022); CR columns only; exact printed title paraphrased by tool,https://www.mha.gov.in/MHA1/Par2017/pdfs/par2024-pdfs/RS27112024/234.pdf,
S05,S05b,Haryana,8,state_ut,states,2021,52,52,registered cases (CR),Cyber crimes - Fraud (sub-category; NOT total cyber crime),"NCRB 'Crime in India' via MHA reply, Rajya Sabha USQ 234 (27.11.2024)",S05b_RS_USQ234_2024-11-27_AnnexII_fraud_CR_2018-2022.txt,Annexure-II pages 1-2 (state-wise CR/CCS/CON/PAR/PCS/PCV under fraud for cyber crimes 2018-2022); CR columns only; exact printed title paraphrased by tool,https://www.mha.gov.in/MHA1/Par2017/pdfs/par2024-pdfs/RS27112024/234.pdf,
S05,S05b,Haryana,8,state_ut,states,2022,44,44,registered cases (CR),Cyber crimes - Fraud (sub-category; NOT total cyber crime),"NCRB 'Crime in India' via MHA reply, Rajya Sabha USQ 234 (27.11.2024)",S05b_RS_USQ234_2024-11-27_AnnexII_fraud_CR_2018-2022.txt,Annexure-II pages 1-2 (state-wise CR/CCS/CON/PAR/PCS/PCV under fraud for cyber crimes 2018-2022); CR columns only; exact printed title paraphrased by tool,https://www.mha.gov.in/MHA1/Par2017/pdfs/par2024-pdfs/RS27112024/234.pdf,
S05,S05b,Himachal Pradesh,9,state_ut,states,2018,0,0,registered cases (CR),Cyber crimes - Fraud (sub-category; NOT total cyber crime),"NCRB 'Crime in India' via MHA reply, Rajya Sabha USQ 234 (27.11.2024)",S05b_RS_USQ234_2024-11-27_AnnexII_fraud_CR_2018-2022.txt,Annexure-II pages 1-2 (state-wise CR/CCS/CON/PAR/PCS/PCV under fraud for cyber crimes 2018-2022); CR columns only; exact printed title paraphrased by tool,https://www.mha.gov.in/MHA1/Par2017/pdfs/par2024-pdfs/RS27112024/234.pdf,
S05,S05b,Himachal Pradesh,9,state_ut,states,2019,0,0,registered cases (CR),Cyber crimes - Fraud (sub-category; NOT total cyber crime),"NCRB 'Crime in India' via MHA reply, Rajya Sabha USQ 234 (27.11.2024)",S05b_RS_USQ234_2024-11-27_AnnexII_fraud_CR_2018-2022.txt,Annexure-II pages 1-2 (state-wise CR/CCS/CON/PAR/PCS/PCV under fraud for cyber crimes 2018-2022); CR columns only; exact printed title paraphrased by tool,https://www.mha.gov.in/MHA1/Par2017/pdfs/par2024-pdfs/RS27112024/234.pdf,
S05,S05b,Himachal Pradesh,9,state_ut,states,2020,1,1,registered cases (CR),Cyber crimes - Fraud (sub-category; NOT total cyber crime),"NCRB 'Crime in India' via MHA reply, Rajya Sabha USQ 234 (27.11.2024)",S05b_RS_USQ234_2024-11-27_AnnexII_fraud_CR_2018-2022.txt,Annexure-II pages 1-2 (state-wise CR/CCS/CON/PAR/PCS/PCV under fraud for cyber crimes 2018-2022); CR columns only; exact printed title paraphrased by tool,https://www.mha.gov.in/MHA1/Par2017/pdfs/par2024-pdfs/RS27112024/234.pdf,
S05,S05b,Himachal Pradesh,9,state_ut,states,2021,6,6,registered cases (CR),Cyber crimes - Fraud (sub-category; NOT total cyber crime),"NCRB 'Crime in India' via MHA reply, Rajya Sabha USQ 234 (27.11.2024)",S05b_RS_USQ234_2024-11-27_AnnexII_fraud_CR_2018-2022.txt,Annexure-II pages 1-2 (state-wise CR/CCS/CON/PAR/PCS/PCV under fraud for cyber crimes 2018-2022); CR columns only; exact printed title paraphrased by tool,https://www.mha.gov.in/MHA1/Par2017/pdfs/par2024-pdfs/RS27112024/234.pdf,
S05,S05b,Himachal Pradesh,9,state_ut,states,2022,9,9,registered cases (CR),Cyber crimes - Fraud (sub-category; NOT total cyber crime),"NCRB 'Crime in India' via MHA reply, Rajya Sabha USQ 234 (27.11.2024)",S05b_RS_USQ234_2024-11-27_AnnexII_fraud_CR_2018-2022.txt,Annexure-II pages 1-2 (state-wise CR/CCS/CON/PAR/PCS/PCV under fraud for cyber crimes 2018-2022); CR columns only; exact printed title paraphrased by tool,https://www.mha.gov.in/MHA1/Par2017/pdfs/par2024-pdfs/RS27112024/234.pdf,
S05,S05b,Jharkhand,10,state_ut,states,2018,175,175,registered cases (CR),Cyber crimes - Fraud (sub-category; NOT total cyber crime),"NCRB 'Crime in India' via MHA reply, Rajya Sabha USQ 234 (27.11.2024)",S05b_RS_USQ234_2024-11-27_AnnexII_fraud_CR_2018-2022.txt,Annexure-II pages 1-2 (state-wise CR/CCS/CON/PAR/PCS/PCV under fraud for cyber crimes 2018-2022); CR columns only; exact printed title paraphrased by tool,https://www.mha.gov.in/MHA1/Par2017/pdfs/par2024-pdfs/RS27112024/234.pdf,
S05,S05b,Jharkhand,10,state_ut,states,2019,18,18,registered cases (CR),Cyber crimes - Fraud (sub-category; NOT total cyber crime),"NCRB 'Crime in India' via MHA reply, Rajya Sabha USQ 234 (27.11.2024)",S05b_RS_USQ234_2024-11-27_AnnexII_fraud_CR_2018-2022.txt,Annexure-II pages 1-2 (state-wise CR/CCS/CON/PAR/PCS/PCV under fraud for cyber crimes 2018-2022); CR columns only; exact printed title paraphrased by tool,https://www.mha.gov.in/MHA1/Par2017/pdfs/par2024-pdfs/RS27112024/234.pdf,
S05,S05b,Jharkhand,10,state_ut,states,2020,83,83,registered cases (CR),Cyber crimes - Fraud (sub-category; NOT total cyber crime),"NCRB 'Crime in India' via MHA reply, Rajya Sabha USQ 234 (27.11.2024)",S05b_RS_USQ234_2024-11-27_AnnexII_fraud_CR_2018-2022.txt,Annexure-II pages 1-2 (state-wise CR/CCS/CON/PAR/PCS/PCV under fraud for cyber crimes 2018-2022); CR columns only; exact printed title paraphrased by tool,https://www.mha.gov.in/MHA1/Par2017/pdfs/par2024-pdfs/RS27112024/234.pdf,
S05,S05b,Jharkhand,10,state_ut,states,2021,79,79,registered cases (CR),Cyber crimes - Fraud (sub-category; NOT total cyber crime),"NCRB 'Crime in India' via MHA reply, Rajya Sabha USQ 234 (27.11.2024)",S05b_RS_USQ234_2024-11-27_AnnexII_fraud_CR_2018-2022.txt,Annexure-II pages 1-2 (state-wise CR/CCS/CON/PAR/PCS/PCV under fraud for cyber crimes 2018-2022); CR columns only; exact printed title paraphrased by tool,https://www.mha.gov.in/MHA1/Par2017/pdfs/par2024-pdfs/RS27112024/234.pdf,
S05,S05b,Jharkhand,10,state_ut,states,2022,98,98,registered cases (CR),Cyber crimes - Fraud (sub-category; NOT total cyber crime),"NCRB 'Crime in India' via MHA reply, Rajya Sabha USQ 234 (27.11.2024)",S05b_RS_USQ234_2024-11-27_AnnexII_fraud_CR_2018-2022.txt,Annexure-II pages 1-2 (state-wise CR/CCS/CON/PAR/PCS/PCV under fraud for cyber crimes 2018-2022); CR columns only; exact printed title paraphrased by tool,https://www.mha.gov.in/MHA1/Par2017/pdfs/par2024-pdfs/RS27112024/234.pdf,
S05,S05b,Karnataka,11,state_ut,states,2018,49,49,registered cases (CR),Cyber crimes - Fraud (sub-category; NOT total cyber crime),"NCRB 'Crime in India' via MHA reply, Rajya Sabha USQ 234 (27.11.2024)",S05b_RS_USQ234_2024-11-27_AnnexII_fraud_CR_2018-2022.txt,Annexure-II pages 1-2 (state-wise CR/CCS/CON/PAR/PCS/PCV under fraud for cyber crimes 2018-2022); CR columns only; exact printed title paraphrased by tool,https://www.mha.gov.in/MHA1/Par2017/pdfs/par2024-pdfs/RS27112024/234.pdf,
S05,S05b,Karnataka,11,state_ut,states,2019,7,7,registered cases (CR),Cyber crimes - Fraud (sub-category; NOT total cyber crime),"NCRB 'Crime in India' via MHA reply, Rajya Sabha USQ 234 (27.11.2024)",S05b_RS_USQ234_2024-11-27_AnnexII_fraud_CR_2018-2022.txt,Annexure-II pages 1-2 (state-wise CR/CCS/CON/PAR/PCS/PCV under fraud for cyber crimes 2018-2022); CR columns only; exact printed title paraphrased by tool,https://www.mha.gov.in/MHA1/Par2017/pdfs/par2024-pdfs/RS27112024/234.pdf,
S05,S05b,Karnataka,11,state_ut,states,2020,0,0,registered cases (CR),Cyber crimes - Fraud (sub-category; NOT total cyber crime),"NCRB 'Crime in India' via MHA reply, Rajya Sabha USQ 234 (27.11.2024)",S05b_RS_USQ234_2024-11-27_AnnexII_fraud_CR_2018-2022.txt,Annexure-II pages 1-2 (state-wise CR/CCS/CON/PAR/PCS/PCV under fraud for cyber crimes 2018-2022); CR columns only; exact printed title paraphrased by tool,https://www.mha.gov.in/MHA1/Par2017/pdfs/par2024-pdfs/RS27112024/234.pdf,
S05,S05b,Karnataka,11,state_ut,states,2021,6,6,registered cases (CR),Cyber crimes - Fraud (sub-category; NOT total cyber crime),"NCRB 'Crime in India' via MHA reply, Rajya Sabha USQ 234 (27.11.2024)",S05b_RS_USQ234_2024-11-27_AnnexII_fraud_CR_2018-2022.txt,Annexure-II pages 1-2 (state-wise CR/CCS/CON/PAR/PCS/PCV under fraud for cyber crimes 2018-2022); CR columns only; exact printed title paraphrased by tool,https://www.mha.gov.in/MHA1/Par2017/pdfs/par2024-pdfs/RS27112024/234.pdf,
S05,S05b,Karnataka,11,state_ut,states,2022,0,0,registered cases (CR),Cyber crimes - Fraud (sub-category; NOT total cyber crime),"NCRB 'Crime in India' via MHA reply, Rajya Sabha USQ 234 (27.11.2024)",S05b_RS_USQ234_2024-11-27_AnnexII_fraud_CR_2018-2022.txt,Annexure-II pages 1-2 (state-wise CR/CCS/CON/PAR/PCS/PCV under fraud for cyber crimes 2018-2022); CR columns only; exact printed title paraphrased by tool,https://www.mha.gov.in/MHA1/Par2017/pdfs/par2024-pdfs/RS27112024/234.pdf,
S05,S05b,Kerala,12,state_ut,states,2018,14,14,registered cases (CR),Cyber crimes - Fraud (sub-category; NOT total cyber crime),"NCRB 'Crime in India' via MHA reply, Rajya Sabha USQ 234 (27.11.2024)",S05b_RS_USQ234_2024-11-27_AnnexII_fraud_CR_2018-2022.txt,Annexure-II pages 1-2 (state-wise CR/CCS/CON/PAR/PCS/PCV under fraud for cyber crimes 2018-2022); CR columns only; exact printed title paraphrased by tool,https://www.mha.gov.in/MHA1/Par2017/pdfs/par2024-pdfs/RS27112024/234.pdf,
S05,S05b,Kerala,12,state_ut,states,2019,14,14,registered cases (CR),Cyber crimes - Fraud (sub-category; NOT total cyber crime),"NCRB 'Crime in India' via MHA reply, Rajya Sabha USQ 234 (27.11.2024)",S05b_RS_USQ234_2024-11-27_AnnexII_fraud_CR_2018-2022.txt,Annexure-II pages 1-2 (state-wise CR/CCS/CON/PAR/PCS/PCV under fraud for cyber crimes 2018-2022); CR columns only; exact printed title paraphrased by tool,https://www.mha.gov.in/MHA1/Par2017/pdfs/par2024-pdfs/RS27112024/234.pdf,
S05,S05b,Kerala,12,state_ut,states,2020,6,6,registered cases (CR),Cyber crimes - Fraud (sub-category; NOT total cyber crime),"NCRB 'Crime in India' via MHA reply, Rajya Sabha USQ 234 (27.11.2024)",S05b_RS_USQ234_2024-11-27_AnnexII_fraud_CR_2018-2022.txt,Annexure-II pages 1-2 (state-wise CR/CCS/CON/PAR/PCS/PCV under fraud for cyber crimes 2018-2022); CR columns only; exact printed title paraphrased by tool,https://www.mha.gov.in/MHA1/Par2017/pdfs/par2024-pdfs/RS27112024/234.pdf,
S05,S05b,Kerala,12,state_ut,states,2021,16,16,registered cases (CR),Cyber crimes - Fraud (sub-category; NOT total cyber crime),"NCRB 'Crime in India' via MHA reply, Rajya Sabha USQ 234 (27.11.2024)",S05b_RS_USQ234_2024-11-27_AnnexII_fraud_CR_2018-2022.txt,Annexure-II pages 1-2 (state-wise CR/CCS/CON/PAR/PCS/PCV under fraud for cyber crimes 2018-2022); CR columns only; exact printed title paraphrased by tool,https://www.mha.gov.in/MHA1/Par2017/pdfs/par2024-pdfs/RS27112024/234.pdf,
S05,S05b,Kerala,12,state_ut,states,2022,26,26,registered cases (CR),Cyber crimes - Fraud (sub-category; NOT total cyber crime),"NCRB 'Crime in India' via MHA reply, Rajya Sabha USQ 234 (27.11.2024)",S05b_RS_USQ234_2024-11-27_AnnexII_fraud_CR_2018-2022.txt,Annexure-II pages 1-2 (state-wise CR/CCS/CON/PAR/PCS/PCV under fraud for cyber crimes 2018-2022); CR columns only; exact printed title paraphrased by tool,https://www.mha.gov.in/MHA1/Par2017/pdfs/par2024-pdfs/RS27112024/234.pdf,
S05,S05b,Madhya Pradesh,13,state_ut,states,2018,43,43,registered cases (CR),Cyber crimes - Fraud (sub-category; NOT total cyber crime),"NCRB 'Crime in India' via MHA reply, Rajya Sabha USQ 234 (27.11.2024)",S05b_RS_USQ234_2024-11-27_AnnexII_fraud_CR_2018-2022.txt,Annexure-II pages 1-2 (state-wise CR/CCS/CON/PAR/PCS/PCV under fraud for cyber crimes 2018-2022); CR columns only; exact printed title paraphrased by tool,https://www.mha.gov.in/MHA1/Par2017/pdfs/par2024-pdfs/RS27112024/234.pdf,
S05,S05b,Madhya Pradesh,13,state_ut,states,2019,25,25,registered cases (CR),Cyber crimes - Fraud (sub-category; NOT total cyber crime),"NCRB 'Crime in India' via MHA reply, Rajya Sabha USQ 234 (27.11.2024)",S05b_RS_USQ234_2024-11-27_AnnexII_fraud_CR_2018-2022.txt,Annexure-II pages 1-2 (state-wise CR/CCS/CON/PAR/PCS/PCV under fraud for cyber crimes 2018-2022); CR columns only; exact printed title paraphrased by tool,https://www.mha.gov.in/MHA1/Par2017/pdfs/par2024-pdfs/RS27112024/234.pdf,
S05,S05b,Madhya Pradesh,13,state_ut,states,2020,69,69,registered cases (CR),Cyber crimes - Fraud (sub-category; NOT total cyber crime),"NCRB 'Crime in India' via MHA reply, Rajya Sabha USQ 234 (27.11.2024)",S05b_RS_USQ234_2024-11-27_AnnexII_fraud_CR_2018-2022.txt,Annexure-II pages 1-2 (state-wise CR/CCS/CON/PAR/PCS/PCV under fraud for cyber crimes 2018-2022); CR columns only; exact printed title paraphrased by tool,https://www.mha.gov.in/MHA1/Par2017/pdfs/par2024-pdfs/RS27112024/234.pdf,
S05,S05b,Madhya Pradesh,13,state_ut,states,2021,89,89,registered cases (CR),Cyber crimes - Fraud (sub-category; NOT total cyber crime),"NCRB 'Crime in India' via MHA reply, Rajya Sabha USQ 234 (27.11.2024)",S05b_RS_USQ234_2024-11-27_AnnexII_fraud_CR_2018-2022.txt,Annexure-II pages 1-2 (state-wise CR/CCS/CON/PAR/PCS/PCV under fraud for cyber crimes 2018-2022); CR columns only; exact printed title paraphrased by tool,https://www.mha.gov.in/MHA1/Par2017/pdfs/par2024-pdfs/RS27112024/234.pdf,
S05,S05b,Madhya Pradesh,13,state_ut,states,2022,180,180,registered cases (CR),Cyber crimes - Fraud (sub-category; NOT total cyber crime),"NCRB 'Crime in India' via MHA reply, Rajya Sabha USQ 234 (27.11.2024)",S05b_RS_USQ234_2024-11-27_AnnexII_fraud_CR_2018-2022.txt,Annexure-II pages 1-2 (state-wise CR/CCS/CON/PAR/PCS/PCV under fraud for cyber crimes 2018-2022); CR columns only; exact printed title paraphrased by tool,https://www.mha.gov.in/MHA1/Par2017/pdfs/par2024-pdfs/RS27112024/234.pdf,
S05,S05b,Maharashtra,14,state_ut,states,2018,1036,1036,registered cases (CR),Cyber crimes - Fraud (sub-category; NOT total cyber crime),"NCRB 'Crime in India' via MHA reply, Rajya Sabha USQ 234 (27.11.2024)",S05b_RS_USQ234_2024-11-27_AnnexII_fraud_CR_2018-2022.txt,Annexure-II pages 1-2 (state-wise CR/CCS/CON/PAR/PCS/PCV under fraud for cyber crimes 2018-2022); CR columns only; exact printed title paraphrased by tool,https://www.mha.gov.in/MHA1/Par2017/pdfs/par2024-pdfs/RS27112024/234.pdf,
S05,S05b,Maharashtra,14,state_ut,states,2019,1681,1681,registered cases (CR),Cyber crimes - Fraud (sub-category; NOT total cyber crime),"NCRB 'Crime in India' via MHA reply, Rajya Sabha USQ 234 (27.11.2024)",S05b_RS_USQ234_2024-11-27_AnnexII_fraud_CR_2018-2022.txt,Annexure-II pages 1-2 (state-wise CR/CCS/CON/PAR/PCS/PCV under fraud for cyber crimes 2018-2022); CR columns only; exact printed title paraphrased by tool,https://www.mha.gov.in/MHA1/Par2017/pdfs/par2024-pdfs/RS27112024/234.pdf,
S05,S05b,Maharashtra,14,state_ut,states,2020,2032,2032,registered cases (CR),Cyber crimes - Fraud (sub-category; NOT total cyber crime),"NCRB 'Crime in India' via MHA reply, Rajya Sabha USQ 234 (27.11.2024)",S05b_RS_USQ234_2024-11-27_AnnexII_fraud_CR_2018-2022.txt,Annexure-II pages 1-2 (state-wise CR/CCS/CON/PAR/PCS/PCV under fraud for cyber crimes 2018-2022); CR columns only; exact printed title paraphrased by tool,https://www.mha.gov.in/MHA1/Par2017/pdfs/par2024-pdfs/RS27112024/234.pdf,
S05,S05b,Maharashtra,14,state_ut,states,2021,1678,1678,registered cases (CR),Cyber crimes - Fraud (sub-category; NOT total cyber crime),"NCRB 'Crime in India' via MHA reply, Rajya Sabha USQ 234 (27.11.2024)",S05b_RS_USQ234_2024-11-27_AnnexII_fraud_CR_2018-2022.txt,Annexure-II pages 1-2 (state-wise CR/CCS/CON/PAR/PCS/PCV under fraud for cyber crimes 2018-2022); CR columns only; exact printed title paraphrased by tool,https://www.mha.gov.in/MHA1/Par2017/pdfs/par2024-pdfs/RS27112024/234.pdf,
S05,S05b,Maharashtra,14,state_ut,states,2022,2202,2202,registered cases (CR),Cyber crimes - Fraud (sub-category; NOT total cyber crime),"NCRB 'Crime in India' via MHA reply, Rajya Sabha USQ 234 (27.11.2024)",S05b_RS_USQ234_2024-11-27_AnnexII_fraud_CR_2018-2022.txt,Annexure-II pages 1-2 (state-wise CR/CCS/CON/PAR/PCS/PCV under fraud for cyber crimes 2018-2022); CR columns only; exact printed title paraphrased by tool,https://www.mha.gov.in/MHA1/Par2017/pdfs/par2024-pdfs/RS27112024/234.pdf,
S05,S05b,Manipur,15,state_ut,states,2018,0,0,registered cases (CR),Cyber crimes - Fraud (sub-category; NOT total cyber crime),"NCRB 'Crime in India' via MHA reply, Rajya Sabha USQ 234 (27.11.2024)",S05b_RS_USQ234_2024-11-27_AnnexII_fraud_CR_2018-2022.txt,Annexure-II pages 1-2 (state-wise CR/CCS/CON/PAR/PCS/PCV under fraud for cyber crimes 2018-2022); CR columns only; exact printed title paraphrased by tool,https://www.mha.gov.in/MHA1/Par2017/pdfs/par2024-pdfs/RS27112024/234.pdf,
S05,S05b,Manipur,15,state_ut,states,2019,0,0,registered cases (CR),Cyber crimes - Fraud (sub-category; NOT total cyber crime),"NCRB 'Crime in India' via MHA reply, Rajya Sabha USQ 234 (27.11.2024)",S05b_RS_USQ234_2024-11-27_AnnexII_fraud_CR_2018-2022.txt,Annexure-II pages 1-2 (state-wise CR/CCS/CON/PAR/PCS/PCV under fraud for cyber crimes 2018-2022); CR columns only; exact printed title paraphrased by tool,https://www.mha.gov.in/MHA1/Par2017/pdfs/par2024-pdfs/RS27112024/234.pdf,
S05,S05b,Manipur,15,state_ut,states,2020,0,0,registered cases (CR),Cyber crimes - Fraud (sub-category; NOT total cyber crime),"NCRB 'Crime in India' via MHA reply, Rajya Sabha USQ 234 (27.11.2024)",S05b_RS_USQ234_2024-11-27_AnnexII_fraud_CR_2018-2022.txt,Annexure-II pages 1-2 (state-wise CR/CCS/CON/PAR/PCS/PCV under fraud for cyber crimes 2018-2022); CR columns only; exact printed title paraphrased by tool,https://www.mha.gov.in/MHA1/Par2017/pdfs/par2024-pdfs/RS27112024/234.pdf,
S05,S05b,Manipur,15,state_ut,states,2021,0,0,registered cases (CR),Cyber crimes - Fraud (sub-category; NOT total cyber crime),"NCRB 'Crime in India' via MHA reply, Rajya Sabha USQ 234 (27.11.2024)",S05b_RS_USQ234_2024-11-27_AnnexII_fraud_CR_2018-2022.txt,Annexure-II pages 1-2 (state-wise CR/CCS/CON/PAR/PCS/PCV under fraud for cyber crimes 2018-2022); CR columns only; exact printed title paraphrased by tool,https://www.mha.gov.in/MHA1/Par2017/pdfs/par2024-pdfs/RS27112024/234.pdf,
S05,S05b,Manipur,15,state_ut,states,2022,0,0,registered cases (CR),Cyber crimes - Fraud (sub-category; NOT total cyber crime),"NCRB 'Crime in India' via MHA reply, Rajya Sabha USQ 234 (27.11.2024)",S05b_RS_USQ234_2024-11-27_AnnexII_fraud_CR_2018-2022.txt,Annexure-II pages 1-2 (state-wise CR/CCS/CON/PAR/PCS/PCV under fraud for cyber crimes 2018-2022); CR columns only; exact printed title paraphrased by tool,https://www.mha.gov.in/MHA1/Par2017/pdfs/par2024-pdfs/RS27112024/234.pdf,
S05,S05b,Meghalaya,16,state_ut,states,2018,0,0,registered cases (CR),Cyber crimes - Fraud (sub-category; NOT total cyber crime),"NCRB 'Crime in India' via MHA reply, Rajya Sabha USQ 234 (27.11.2024)",S05b_RS_USQ234_2024-11-27_AnnexII_fraud_CR_2018-2022.txt,Annexure-II pages 1-2 (state-wise CR/CCS/CON/PAR/PCS/PCV under fraud for cyber crimes 2018-2022); CR columns only; exact printed title paraphrased by tool,https://www.mha.gov.in/MHA1/Par2017/pdfs/par2024-pdfs/RS27112024/234.pdf,
S05,S05b,Meghalaya,16,state_ut,states,2019,0,0,registered cases (CR),Cyber crimes - Fraud (sub-category; NOT total cyber crime),"NCRB 'Crime in India' via MHA reply, Rajya Sabha USQ 234 (27.11.2024)",S05b_RS_USQ234_2024-11-27_AnnexII_fraud_CR_2018-2022.txt,Annexure-II pages 1-2 (state-wise CR/CCS/CON/PAR/PCS/PCV under fraud for cyber crimes 2018-2022); CR columns only; exact printed title paraphrased by tool,https://www.mha.gov.in/MHA1/Par2017/pdfs/par2024-pdfs/RS27112024/234.pdf,
S05,S05b,Meghalaya,16,state_ut,states,2020,10,10,registered cases (CR),Cyber crimes - Fraud (sub-category; NOT total cyber crime),"NCRB 'Crime in India' via MHA reply, Rajya Sabha USQ 234 (27.11.2024)",S05b_RS_USQ234_2024-11-27_AnnexII_fraud_CR_2018-2022.txt,Annexure-II pages 1-2 (state-wise CR/CCS/CON/PAR/PCS/PCV under fraud for cyber crimes 2018-2022); CR columns only; exact printed title paraphrased by tool,https://www.mha.gov.in/MHA1/Par2017/pdfs/par2024-pdfs/RS27112024/234.pdf,
S05,S05b,Meghalaya,16,state_ut,states,2021,0,0,registered cases (CR),Cyber crimes - Fraud (sub-category; NOT total cyber crime),"NCRB 'Crime in India' via MHA reply, Rajya Sabha USQ 234 (27.11.2024)",S05b_RS_USQ234_2024-11-27_AnnexII_fraud_CR_2018-2022.txt,Annexure-II pages 1-2 (state-wise CR/CCS/CON/PAR/PCS/PCV under fraud for cyber crimes 2018-2022); CR columns only; exact printed title paraphrased by tool,https://www.mha.gov.in/MHA1/Par2017/pdfs/par2024-pdfs/RS27112024/234.pdf,
S05,S05b,Meghalaya,16,state_ut,states,2022,0,0,registered cases (CR),Cyber crimes - Fraud (sub-category; NOT total cyber crime),"NCRB 'Crime in India' via MHA reply, Rajya Sabha USQ 234 (27.11.2024)",S05b_RS_USQ234_2024-11-27_AnnexII_fraud_CR_2018-2022.txt,Annexure-II pages 1-2 (state-wise CR/CCS/CON/PAR/PCS/PCV under fraud for cyber crimes 2018-2022); CR columns only; exact printed title paraphrased by tool,https://www.mha.gov.in/MHA1/Par2017/pdfs/par2024-pdfs/RS27112024/234.pdf,
S05,S05b,Mizoram,17,state_ut,states,2018,0,0,registered cases (CR),Cyber crimes - Fraud (sub-category; NOT total cyber crime),"NCRB 'Crime in India' via MHA reply, Rajya Sabha USQ 234 (27.11.2024)",S05b_RS_USQ234_2024-11-27_AnnexII_fraud_CR_2018-2022.txt,Annexure-II pages 1-2 (state-wise CR/CCS/CON/PAR/PCS/PCV under fraud for cyber crimes 2018-2022); CR columns only; exact printed title paraphrased by tool,https://www.mha.gov.in/MHA1/Par2017/pdfs/par2024-pdfs/RS27112024/234.pdf,
S05,S05b,Mizoram,17,state_ut,states,2019,0,0,registered cases (CR),Cyber crimes - Fraud (sub-category; NOT total cyber crime),"NCRB 'Crime in India' via MHA reply, Rajya Sabha USQ 234 (27.11.2024)",S05b_RS_USQ234_2024-11-27_AnnexII_fraud_CR_2018-2022.txt,Annexure-II pages 1-2 (state-wise CR/CCS/CON/PAR/PCS/PCV under fraud for cyber crimes 2018-2022); CR columns only; exact printed title paraphrased by tool,https://www.mha.gov.in/MHA1/Par2017/pdfs/par2024-pdfs/RS27112024/234.pdf,
S05,S05b,Mizoram,17,state_ut,states,2020,0,0,registered cases (CR),Cyber crimes - Fraud (sub-category; NOT total cyber crime),"NCRB 'Crime in India' via MHA reply, Rajya Sabha USQ 234 (27.11.2024)",S05b_RS_USQ234_2024-11-27_AnnexII_fraud_CR_2018-2022.txt,Annexure-II pages 1-2 (state-wise CR/CCS/CON/PAR/PCS/PCV under fraud for cyber crimes 2018-2022); CR columns only; exact printed title paraphrased by tool,https://www.mha.gov.in/MHA1/Par2017/pdfs/par2024-pdfs/RS27112024/234.pdf,
S05,S05b,Mizoram,17,state_ut,states,2021,0,0,registered cases (CR),Cyber crimes - Fraud (sub-category; NOT total cyber crime),"NCRB 'Crime in India' via MHA reply, Rajya Sabha USQ 234 (27.11.2024)",S05b_RS_USQ234_2024-11-27_AnnexII_fraud_CR_2018-2022.txt,Annexure-II pages 1-2 (state-wise CR/CCS/CON/PAR/PCS/PCV under fraud for cyber crimes 2018-2022); CR columns only; exact printed title paraphrased by tool,https://www.mha.gov.in/MHA1/Par2017/pdfs/par2024-pdfs/RS27112024/234.pdf,
S05,S05b,Mizoram,17,state_ut,states,2022,0,0,registered cases (CR),Cyber crimes - Fraud (sub-category; NOT total cyber crime),"NCRB 'Crime in India' via MHA reply, Rajya Sabha USQ 234 (27.11.2024)",S05b_RS_USQ234_2024-11-27_AnnexII_fraud_CR_2018-2022.txt,Annexure-II pages 1-2 (state-wise CR/CCS/CON/PAR/PCS/PCV under fraud for cyber crimes 2018-2022); CR columns only; exact printed title paraphrased by tool,https://www.mha.gov.in/MHA1/Par2017/pdfs/par2024-pdfs/RS27112024/234.pdf,
S05,S05b,Nagaland,18,state_ut,states,2018,0,0,registered cases (CR),Cyber crimes - Fraud (sub-category; NOT total cyber crime),"NCRB 'Crime in India' via MHA reply, Rajya Sabha USQ 234 (27.11.2024)",S05b_RS_USQ234_2024-11-27_AnnexII_fraud_CR_2018-2022.txt,Annexure-II pages 1-2 (state-wise CR/CCS/CON/PAR/PCS/PCV under fraud for cyber crimes 2018-2022); CR columns only; exact printed title paraphrased by tool,https://www.mha.gov.in/MHA1/Par2017/pdfs/par2024-pdfs/RS27112024/234.pdf,
S05,S05b,Nagaland,18,state_ut,states,2019,0,0,registered cases (CR),Cyber crimes - Fraud (sub-category; NOT total cyber crime),"NCRB 'Crime in India' via MHA reply, Rajya Sabha USQ 234 (27.11.2024)",S05b_RS_USQ234_2024-11-27_AnnexII_fraud_CR_2018-2022.txt,Annexure-II pages 1-2 (state-wise CR/CCS/CON/PAR/PCS/PCV under fraud for cyber crimes 2018-2022); CR columns only; exact printed title paraphrased by tool,https://www.mha.gov.in/MHA1/Par2017/pdfs/par2024-pdfs/RS27112024/234.pdf,
S05,S05b,Nagaland,18,state_ut,states,2020,0,0,registered cases (CR),Cyber crimes - Fraud (sub-category; NOT total cyber crime),"NCRB 'Crime in India' via MHA reply, Rajya Sabha USQ 234 (27.11.2024)",S05b_RS_USQ234_2024-11-27_AnnexII_fraud_CR_2018-2022.txt,Annexure-II pages 1-2 (state-wise CR/CCS/CON/PAR/PCS/PCV under fraud for cyber crimes 2018-2022); CR columns only; exact printed title paraphrased by tool,https://www.mha.gov.in/MHA1/Par2017/pdfs/par2024-pdfs/RS27112024/234.pdf,
S05,S05b,Nagaland,18,state_ut,states,2021,0,0,registered cases (CR),Cyber crimes - Fraud (sub-category; NOT total cyber crime),"NCRB 'Crime in India' via MHA reply, Rajya Sabha USQ 234 (27.11.2024)",S05b_RS_USQ234_2024-11-27_AnnexII_fraud_CR_2018-2022.txt,Annexure-II pages 1-2 (state-wise CR/CCS/CON/PAR/PCS/PCV under fraud for cyber crimes 2018-2022); CR columns only; exact printed title paraphrased by tool,https://www.mha.gov.in/MHA1/Par2017/pdfs/par2024-pdfs/RS27112024/234.pdf,
S05,S05b,Nagaland,18,state_ut,states,2022,0,0,registered cases (CR),Cyber crimes - Fraud (sub-category; NOT total cyber crime),"NCRB 'Crime in India' via MHA reply, Rajya Sabha USQ 234 (27.11.2024)",S05b_RS_USQ234_2024-11-27_AnnexII_fraud_CR_2018-2022.txt,Annexure-II pages 1-2 (state-wise CR/CCS/CON/PAR/PCS/PCV under fraud for cyber crimes 2018-2022); CR columns only; exact printed title paraphrased by tool,https://www.mha.gov.in/MHA1/Par2017/pdfs/par2024-pdfs/RS27112024/234.pdf,
S05,S05b,Odisha,19,state_ut,states,2018,392,392,registered cases (CR),Cyber crimes - Fraud (sub-category; NOT total cyber crime),"NCRB 'Crime in India' via MHA reply, Rajya Sabha USQ 234 (27.11.2024)",S05b_RS_USQ234_2024-11-27_AnnexII_fraud_CR_2018-2022.txt,Annexure-II pages 1-2 (state-wise CR/CCS/CON/PAR/PCS/PCV under fraud for cyber crimes 2018-2022); CR columns only; exact printed title paraphrased by tool,https://www.mha.gov.in/MHA1/Par2017/pdfs/par2024-pdfs/RS27112024/234.pdf,
S05,S05b,Odisha,19,state_ut,states,2019,956,956,registered cases (CR),Cyber crimes - Fraud (sub-category; NOT total cyber crime),"NCRB 'Crime in India' via MHA reply, Rajya Sabha USQ 234 (27.11.2024)",S05b_RS_USQ234_2024-11-27_AnnexII_fraud_CR_2018-2022.txt,Annexure-II pages 1-2 (state-wise CR/CCS/CON/PAR/PCS/PCV under fraud for cyber crimes 2018-2022); CR columns only; exact printed title paraphrased by tool,https://www.mha.gov.in/MHA1/Par2017/pdfs/par2024-pdfs/RS27112024/234.pdf,
S05,S05b,Odisha,19,state_ut,states,2020,1079,1079,registered cases (CR),Cyber crimes - Fraud (sub-category; NOT total cyber crime),"NCRB 'Crime in India' via MHA reply, Rajya Sabha USQ 234 (27.11.2024)",S05b_RS_USQ234_2024-11-27_AnnexII_fraud_CR_2018-2022.txt,Annexure-II pages 1-2 (state-wise CR/CCS/CON/PAR/PCS/PCV under fraud for cyber crimes 2018-2022); CR columns only; exact printed title paraphrased by tool,https://www.mha.gov.in/MHA1/Par2017/pdfs/par2024-pdfs/RS27112024/234.pdf,
S05,S05b,Odisha,19,state_ut,states,2021,1205,1205,registered cases (CR),Cyber crimes - Fraud (sub-category; NOT total cyber crime),"NCRB 'Crime in India' via MHA reply, Rajya Sabha USQ 234 (27.11.2024)",S05b_RS_USQ234_2024-11-27_AnnexII_fraud_CR_2018-2022.txt,Annexure-II pages 1-2 (state-wise CR/CCS/CON/PAR/PCS/PCV under fraud for cyber crimes 2018-2022); CR columns only; exact printed title paraphrased by tool,https://www.mha.gov.in/MHA1/Par2017/pdfs/par2024-pdfs/RS27112024/234.pdf,
S05,S05b,Odisha,19,state_ut,states,2022,957,957,registered cases (CR),Cyber crimes - Fraud (sub-category; NOT total cyber crime),"NCRB 'Crime in India' via MHA reply, Rajya Sabha USQ 234 (27.11.2024)",S05b_RS_USQ234_2024-11-27_AnnexII_fraud_CR_2018-2022.txt,Annexure-II pages 1-2 (state-wise CR/CCS/CON/PAR/PCS/PCV under fraud for cyber crimes 2018-2022); CR columns only; exact printed title paraphrased by tool,https://www.mha.gov.in/MHA1/Par2017/pdfs/par2024-pdfs/RS27112024/234.pdf,
S05,S05b,Punjab,20,state_ut,states,2018,7,7,registered cases (CR),Cyber crimes - Fraud (sub-category; NOT total cyber crime),"NCRB 'Crime in India' via MHA reply, Rajya Sabha USQ 234 (27.11.2024)",S05b_RS_USQ234_2024-11-27_AnnexII_fraud_CR_2018-2022.txt,Annexure-II pages 1-2 (state-wise CR/CCS/CON/PAR/PCS/PCV under fraud for cyber crimes 2018-2022); CR columns only; exact printed title paraphrased by tool,https://www.mha.gov.in/MHA1/Par2017/pdfs/par2024-pdfs/RS27112024/234.pdf,
S05,S05b,Punjab,20,state_ut,states,2019,35,35,registered cases (CR),Cyber crimes - Fraud (sub-category; NOT total cyber crime),"NCRB 'Crime in India' via MHA reply, Rajya Sabha USQ 234 (27.11.2024)",S05b_RS_USQ234_2024-11-27_AnnexII_fraud_CR_2018-2022.txt,Annexure-II pages 1-2 (state-wise CR/CCS/CON/PAR/PCS/PCV under fraud for cyber crimes 2018-2022); CR columns only; exact printed title paraphrased by tool,https://www.mha.gov.in/MHA1/Par2017/pdfs/par2024-pdfs/RS27112024/234.pdf,
S05,S05b,Punjab,20,state_ut,states,2020,16,16,registered cases (CR),Cyber crimes - Fraud (sub-category; NOT total cyber crime),"NCRB 'Crime in India' via MHA reply, Rajya Sabha USQ 234 (27.11.2024)",S05b_RS_USQ234_2024-11-27_AnnexII_fraud_CR_2018-2022.txt,Annexure-II pages 1-2 (state-wise CR/CCS/CON/PAR/PCS/PCV under fraud for cyber crimes 2018-2022); CR columns only; exact printed title paraphrased by tool,https://www.mha.gov.in/MHA1/Par2017/pdfs/par2024-pdfs/RS27112024/234.pdf,
S05,S05b,Punjab,20,state_ut,states,2021,29,29,registered cases (CR),Cyber crimes - Fraud (sub-category; NOT total cyber crime),"NCRB 'Crime in India' via MHA reply, Rajya Sabha USQ 234 (27.11.2024)",S05b_RS_USQ234_2024-11-27_AnnexII_fraud_CR_2018-2022.txt,Annexure-II pages 1-2 (state-wise CR/CCS/CON/PAR/PCS/PCV under fraud for cyber crimes 2018-2022); CR columns only; exact printed title paraphrased by tool,https://www.mha.gov.in/MHA1/Par2017/pdfs/par2024-pdfs/RS27112024/234.pdf,
S05,S05b,Punjab,20,state_ut,states,2022,61,61,registered cases (CR),Cyber crimes - Fraud (sub-category; NOT total cyber crime),"NCRB 'Crime in India' via MHA reply, Rajya Sabha USQ 234 (27.11.2024)",S05b_RS_USQ234_2024-11-27_AnnexII_fraud_CR_2018-2022.txt,Annexure-II pages 1-2 (state-wise CR/CCS/CON/PAR/PCS/PCV under fraud for cyber crimes 2018-2022); CR columns only; exact printed title paraphrased by tool,https://www.mha.gov.in/MHA1/Par2017/pdfs/par2024-pdfs/RS27112024/234.pdf,
S05,S05b,Rajasthan,21,state_ut,states,2018,72,72,registered cases (CR),Cyber crimes - Fraud (sub-category; NOT total cyber crime),"NCRB 'Crime in India' via MHA reply, Rajya Sabha USQ 234 (27.11.2024)",S05b_RS_USQ234_2024-11-27_AnnexII_fraud_CR_2018-2022.txt,Annexure-II pages 1-2 (state-wise CR/CCS/CON/PAR/PCS/PCV under fraud for cyber crimes 2018-2022); CR columns only; exact printed title paraphrased by tool,https://www.mha.gov.in/MHA1/Par2017/pdfs/par2024-pdfs/RS27112024/234.pdf,
S05,S05b,Rajasthan,21,state_ut,states,2019,324,324,registered cases (CR),Cyber crimes - Fraud (sub-category; NOT total cyber crime),"NCRB 'Crime in India' via MHA reply, Rajya Sabha USQ 234 (27.11.2024)",S05b_RS_USQ234_2024-11-27_AnnexII_fraud_CR_2018-2022.txt,Annexure-II pages 1-2 (state-wise CR/CCS/CON/PAR/PCS/PCV under fraud for cyber crimes 2018-2022); CR columns only; exact printed title paraphrased by tool,https://www.mha.gov.in/MHA1/Par2017/pdfs/par2024-pdfs/RS27112024/234.pdf,
S05,S05b,Rajasthan,21,state_ut,states,2020,332,332,registered cases (CR),Cyber crimes - Fraud (sub-category; NOT total cyber crime),"NCRB 'Crime in India' via MHA reply, Rajya Sabha USQ 234 (27.11.2024)",S05b_RS_USQ234_2024-11-27_AnnexII_fraud_CR_2018-2022.txt,Annexure-II pages 1-2 (state-wise CR/CCS/CON/PAR/PCS/PCV under fraud for cyber crimes 2018-2022); CR columns only; exact printed title paraphrased by tool,https://www.mha.gov.in/MHA1/Par2017/pdfs/par2024-pdfs/RS27112024/234.pdf,
S05,S05b,Rajasthan,21,state_ut,states,2021,371,371,registered cases (CR),Cyber crimes - Fraud (sub-category; NOT total cyber crime),"NCRB 'Crime in India' via MHA reply, Rajya Sabha USQ 234 (27.11.2024)",S05b_RS_USQ234_2024-11-27_AnnexII_fraud_CR_2018-2022.txt,Annexure-II pages 1-2 (state-wise CR/CCS/CON/PAR/PCS/PCV under fraud for cyber crimes 2018-2022); CR columns only; exact printed title paraphrased by tool,https://www.mha.gov.in/MHA1/Par2017/pdfs/par2024-pdfs/RS27112024/234.pdf,
S05,S05b,Rajasthan,21,state_ut,states,2022,292,292,registered cases (CR),Cyber crimes - Fraud (sub-category; NOT total cyber crime),"NCRB 'Crime in India' via MHA reply, Rajya Sabha USQ 234 (27.11.2024)",S05b_RS_USQ234_2024-11-27_AnnexII_fraud_CR_2018-2022.txt,Annexure-II pages 1-2 (state-wise CR/CCS/CON/PAR/PCS/PCV under fraud for cyber crimes 2018-2022); CR columns only; exact printed title paraphrased by tool,https://www.mha.gov.in/MHA1/Par2017/pdfs/par2024-pdfs/RS27112024/234.pdf,
S05,S05b,Sikkim,22,state_ut,states,2018,0,0,registered cases (CR),Cyber crimes - Fraud (sub-category; NOT total cyber crime),"NCRB 'Crime in India' via MHA reply, Rajya Sabha USQ 234 (27.11.2024)",S05b_RS_USQ234_2024-11-27_AnnexII_fraud_CR_2018-2022.txt,Annexure-II pages 1-2 (state-wise CR/CCS/CON/PAR/PCS/PCV under fraud for cyber crimes 2018-2022); CR columns only; exact printed title paraphrased by tool,https://www.mha.gov.in/MHA1/Par2017/pdfs/par2024-pdfs/RS27112024/234.pdf,
S05,S05b,Sikkim,22,state_ut,states,2019,0,0,registered cases (CR),Cyber crimes - Fraud (sub-category; NOT total cyber crime),"NCRB 'Crime in India' via MHA reply, Rajya Sabha USQ 234 (27.11.2024)",S05b_RS_USQ234_2024-11-27_AnnexII_fraud_CR_2018-2022.txt,Annexure-II pages 1-2 (state-wise CR/CCS/CON/PAR/PCS/PCV under fraud for cyber crimes 2018-2022); CR columns only; exact printed title paraphrased by tool,https://www.mha.gov.in/MHA1/Par2017/pdfs/par2024-pdfs/RS27112024/234.pdf,
S05,S05b,Sikkim,22,state_ut,states,2020,0,0,registered cases (CR),Cyber crimes - Fraud (sub-category; NOT total cyber crime),"NCRB 'Crime in India' via MHA reply, Rajya Sabha USQ 234 (27.11.2024)",S05b_RS_USQ234_2024-11-27_AnnexII_fraud_CR_2018-2022.txt,Annexure-II pages 1-2 (state-wise CR/CCS/CON/PAR/PCS/PCV under fraud for cyber crimes 2018-2022); CR columns only; exact printed title paraphrased by tool,https://www.mha.gov.in/MHA1/Par2017/pdfs/par2024-pdfs/RS27112024/234.pdf,
S05,S05b,Sikkim,22,state_ut,states,2021,0,0,registered cases (CR),Cyber crimes - Fraud (sub-category; NOT total cyber crime),"NCRB 'Crime in India' via MHA reply, Rajya Sabha USQ 234 (27.11.2024)",S05b_RS_USQ234_2024-11-27_AnnexII_fraud_CR_2018-2022.txt,Annexure-II pages 1-2 (state-wise CR/CCS/CON/PAR/PCS/PCV under fraud for cyber crimes 2018-2022); CR columns only; exact printed title paraphrased by tool,https://www.mha.gov.in/MHA1/Par2017/pdfs/par2024-pdfs/RS27112024/234.pdf,
S05,S05b,Sikkim,22,state_ut,states,2022,0,0,registered cases (CR),Cyber crimes - Fraud (sub-category; NOT total cyber crime),"NCRB 'Crime in India' via MHA reply, Rajya Sabha USQ 234 (27.11.2024)",S05b_RS_USQ234_2024-11-27_AnnexII_fraud_CR_2018-2022.txt,Annexure-II pages 1-2 (state-wise CR/CCS/CON/PAR/PCS/PCV under fraud for cyber crimes 2018-2022); CR columns only; exact printed title paraphrased by tool,https://www.mha.gov.in/MHA1/Par2017/pdfs/par2024-pdfs/RS27112024/234.pdf,
S05,S05b,Tamil Nadu,23,state_ut,states,2018,5,5,registered cases (CR),Cyber crimes - Fraud (sub-category; NOT total cyber crime),"NCRB 'Crime in India' via MHA reply, Rajya Sabha USQ 234 (27.11.2024)",S05b_RS_USQ234_2024-11-27_AnnexII_fraud_CR_2018-2022.txt,Annexure-II pages 1-2 (state-wise CR/CCS/CON/PAR/PCS/PCV under fraud for cyber crimes 2018-2022); CR columns only; exact printed title paraphrased by tool,https://www.mha.gov.in/MHA1/Par2017/pdfs/par2024-pdfs/RS27112024/234.pdf,
S05,S05b,Tamil Nadu,23,state_ut,states,2019,11,11,registered cases (CR),Cyber crimes - Fraud (sub-category; NOT total cyber crime),"NCRB 'Crime in India' via MHA reply, Rajya Sabha USQ 234 (27.11.2024)",S05b_RS_USQ234_2024-11-27_AnnexII_fraud_CR_2018-2022.txt,Annexure-II pages 1-2 (state-wise CR/CCS/CON/PAR/PCS/PCV under fraud for cyber crimes 2018-2022); CR columns only; exact printed title paraphrased by tool,https://www.mha.gov.in/MHA1/Par2017/pdfs/par2024-pdfs/RS27112024/234.pdf,
S05,S05b,Tamil Nadu,23,state_ut,states,2020,5,5,registered cases (CR),Cyber crimes - Fraud (sub-category; NOT total cyber crime),"NCRB 'Crime in India' via MHA reply, Rajya Sabha USQ 234 (27.11.2024)",S05b_RS_USQ234_2024-11-27_AnnexII_fraud_CR_2018-2022.txt,Annexure-II pages 1-2 (state-wise CR/CCS/CON/PAR/PCS/PCV under fraud for cyber crimes 2018-2022); CR columns only; exact printed title paraphrased by tool,https://www.mha.gov.in/MHA1/Par2017/pdfs/par2024-pdfs/RS27112024/234.pdf,
S05,S05b,Tamil Nadu,23,state_ut,states,2021,107,107,registered cases (CR),Cyber crimes - Fraud (sub-category; NOT total cyber crime),"NCRB 'Crime in India' via MHA reply, Rajya Sabha USQ 234 (27.11.2024)",S05b_RS_USQ234_2024-11-27_AnnexII_fraud_CR_2018-2022.txt,Annexure-II pages 1-2 (state-wise CR/CCS/CON/PAR/PCS/PCV under fraud for cyber crimes 2018-2022); CR columns only; exact printed title paraphrased by tool,https://www.mha.gov.in/MHA1/Par2017/pdfs/par2024-pdfs/RS27112024/234.pdf,
S05,S05b,Tamil Nadu,23,state_ut,states,2022,251,251,registered cases (CR),Cyber crimes - Fraud (sub-category; NOT total cyber crime),"NCRB 'Crime in India' via MHA reply, Rajya Sabha USQ 234 (27.11.2024)",S05b_RS_USQ234_2024-11-27_AnnexII_fraud_CR_2018-2022.txt,Annexure-II pages 1-2 (state-wise CR/CCS/CON/PAR/PCS/PCV under fraud for cyber crimes 2018-2022); CR columns only; exact printed title paraphrased by tool,https://www.mha.gov.in/MHA1/Par2017/pdfs/par2024-pdfs/RS27112024/234.pdf,
S05,S05b,Telangana,24,state_ut,states,2018,347,347,registered cases (CR),Cyber crimes - Fraud (sub-category; NOT total cyber crime),"NCRB 'Crime in India' via MHA reply, Rajya Sabha USQ 234 (27.11.2024)",S05b_RS_USQ234_2024-11-27_AnnexII_fraud_CR_2018-2022.txt,Annexure-II pages 1-2 (state-wise CR/CCS/CON/PAR/PCS/PCV under fraud for cyber crimes 2018-2022); CR columns only; exact printed title paraphrased by tool,https://www.mha.gov.in/MHA1/Par2017/pdfs/par2024-pdfs/RS27112024/234.pdf,
S05,S05b,Telangana,24,state_ut,states,2019,282,282,registered cases (CR),Cyber crimes - Fraud (sub-category; NOT total cyber crime),"NCRB 'Crime in India' via MHA reply, Rajya Sabha USQ 234 (27.11.2024)",S05b_RS_USQ234_2024-11-27_AnnexII_fraud_CR_2018-2022.txt,Annexure-II pages 1-2 (state-wise CR/CCS/CON/PAR/PCS/PCV under fraud for cyber crimes 2018-2022); CR columns only; exact printed title paraphrased by tool,https://www.mha.gov.in/MHA1/Par2017/pdfs/par2024-pdfs/RS27112024/234.pdf,
S05,S05b,Telangana,24,state_ut,states,2020,3316,3316,registered cases (CR),Cyber crimes - Fraud (sub-category; NOT total cyber crime),"NCRB 'Crime in India' via MHA reply, Rajya Sabha USQ 234 (27.11.2024)",S05b_RS_USQ234_2024-11-27_AnnexII_fraud_CR_2018-2022.txt,Annexure-II pages 1-2 (state-wise CR/CCS/CON/PAR/PCS/PCV under fraud for cyber crimes 2018-2022); CR columns only; exact printed title paraphrased by tool,https://www.mha.gov.in/MHA1/Par2017/pdfs/par2024-pdfs/RS27112024/234.pdf,
S05,S05b,Telangana,24,state_ut,states,2021,7003,7003,registered cases (CR),Cyber crimes - Fraud (sub-category; NOT total cyber crime),"NCRB 'Crime in India' via MHA reply, Rajya Sabha USQ 234 (27.11.2024)",S05b_RS_USQ234_2024-11-27_AnnexII_fraud_CR_2018-2022.txt,Annexure-II pages 1-2 (state-wise CR/CCS/CON/PAR/PCS/PCV under fraud for cyber crimes 2018-2022); CR columns only; exact printed title paraphrased by tool,https://www.mha.gov.in/MHA1/Par2017/pdfs/par2024-pdfs/RS27112024/234.pdf,
S05,S05b,Telangana,24,state_ut,states,2022,9581,9581,registered cases (CR),Cyber crimes - Fraud (sub-category; NOT total cyber crime),"NCRB 'Crime in India' via MHA reply, Rajya Sabha USQ 234 (27.11.2024)",S05b_RS_USQ234_2024-11-27_AnnexII_fraud_CR_2018-2022.txt,Annexure-II pages 1-2 (state-wise CR/CCS/CON/PAR/PCS/PCV under fraud for cyber crimes 2018-2022); CR columns only; exact printed title paraphrased by tool,https://www.mha.gov.in/MHA1/Par2017/pdfs/par2024-pdfs/RS27112024/234.pdf,
S05,S05b,Tripura,25,state_ut,states,2018,0,0,registered cases (CR),Cyber crimes - Fraud (sub-category; NOT total cyber crime),"NCRB 'Crime in India' via MHA reply, Rajya Sabha USQ 234 (27.11.2024)",S05b_RS_USQ234_2024-11-27_AnnexII_fraud_CR_2018-2022.txt,Annexure-II pages 1-2 (state-wise CR/CCS/CON/PAR/PCS/PCV under fraud for cyber crimes 2018-2022); CR columns only; exact printed title paraphrased by tool,https://www.mha.gov.in/MHA1/Par2017/pdfs/par2024-pdfs/RS27112024/234.pdf,
S05,S05b,Tripura,25,state_ut,states,2019,0,0,registered cases (CR),Cyber crimes - Fraud (sub-category; NOT total cyber crime),"NCRB 'Crime in India' via MHA reply, Rajya Sabha USQ 234 (27.11.2024)",S05b_RS_USQ234_2024-11-27_AnnexII_fraud_CR_2018-2022.txt,Annexure-II pages 1-2 (state-wise CR/CCS/CON/PAR/PCS/PCV under fraud for cyber crimes 2018-2022); CR columns only; exact printed title paraphrased by tool,https://www.mha.gov.in/MHA1/Par2017/pdfs/par2024-pdfs/RS27112024/234.pdf,
S05,S05b,Tripura,25,state_ut,states,2020,0,0,registered cases (CR),Cyber crimes - Fraud (sub-category; NOT total cyber crime),"NCRB 'Crime in India' via MHA reply, Rajya Sabha USQ 234 (27.11.2024)",S05b_RS_USQ234_2024-11-27_AnnexII_fraud_CR_2018-2022.txt,Annexure-II pages 1-2 (state-wise CR/CCS/CON/PAR/PCS/PCV under fraud for cyber crimes 2018-2022); CR columns only; exact printed title paraphrased by tool,https://www.mha.gov.in/MHA1/Par2017/pdfs/par2024-pdfs/RS27112024/234.pdf,
S05,S05b,Tripura,25,state_ut,states,2021,0,0,registered cases (CR),Cyber crimes - Fraud (sub-category; NOT total cyber crime),"NCRB 'Crime in India' via MHA reply, Rajya Sabha USQ 234 (27.11.2024)",S05b_RS_USQ234_2024-11-27_AnnexII_fraud_CR_2018-2022.txt,Annexure-II pages 1-2 (state-wise CR/CCS/CON/PAR/PCS/PCV under fraud for cyber crimes 2018-2022); CR columns only; exact printed title paraphrased by tool,https://www.mha.gov.in/MHA1/Par2017/pdfs/par2024-pdfs/RS27112024/234.pdf,
S05,S05b,Tripura,25,state_ut,states,2022,0,0,registered cases (CR),Cyber crimes - Fraud (sub-category; NOT total cyber crime),"NCRB 'Crime in India' via MHA reply, Rajya Sabha USQ 234 (27.11.2024)",S05b_RS_USQ234_2024-11-27_AnnexII_fraud_CR_2018-2022.txt,Annexure-II pages 1-2 (state-wise CR/CCS/CON/PAR/PCS/PCV under fraud for cyber crimes 2018-2022); CR columns only; exact printed title paraphrased by tool,https://www.mha.gov.in/MHA1/Par2017/pdfs/par2024-pdfs/RS27112024/234.pdf,
S05,S05b,Uttar Pradesh,26,state_ut,states,2018,454,454,registered cases (CR),Cyber crimes - Fraud (sub-category; NOT total cyber crime),"NCRB 'Crime in India' via MHA reply, Rajya Sabha USQ 234 (27.11.2024)",S05b_RS_USQ234_2024-11-27_AnnexII_fraud_CR_2018-2022.txt,Annexure-II pages 1-2 (state-wise CR/CCS/CON/PAR/PCS/PCV under fraud for cyber crimes 2018-2022); CR columns only; exact printed title paraphrased by tool,https://www.mha.gov.in/MHA1/Par2017/pdfs/par2024-pdfs/RS27112024/234.pdf,
S05,S05b,Uttar Pradesh,26,state_ut,states,2019,813,813,registered cases (CR),Cyber crimes - Fraud (sub-category; NOT total cyber crime),"NCRB 'Crime in India' via MHA reply, Rajya Sabha USQ 234 (27.11.2024)",S05b_RS_USQ234_2024-11-27_AnnexII_fraud_CR_2018-2022.txt,Annexure-II pages 1-2 (state-wise CR/CCS/CON/PAR/PCS/PCV under fraud for cyber crimes 2018-2022); CR columns only; exact printed title paraphrased by tool,https://www.mha.gov.in/MHA1/Par2017/pdfs/par2024-pdfs/RS27112024/234.pdf,
S05,S05b,Uttar Pradesh,26,state_ut,states,2020,837,837,registered cases (CR),Cyber crimes - Fraud (sub-category; NOT total cyber crime),"NCRB 'Crime in India' via MHA reply, Rajya Sabha USQ 234 (27.11.2024)",S05b_RS_USQ234_2024-11-27_AnnexII_fraud_CR_2018-2022.txt,Annexure-II pages 1-2 (state-wise CR/CCS/CON/PAR/PCS/PCV under fraud for cyber crimes 2018-2022); CR columns only; exact printed title paraphrased by tool,https://www.mha.gov.in/MHA1/Par2017/pdfs/par2024-pdfs/RS27112024/234.pdf,
S05,S05b,Uttar Pradesh,26,state_ut,states,2021,614,614,registered cases (CR),Cyber crimes - Fraud (sub-category; NOT total cyber crime),"NCRB 'Crime in India' via MHA reply, Rajya Sabha USQ 234 (27.11.2024)",S05b_RS_USQ234_2024-11-27_AnnexII_fraud_CR_2018-2022.txt,Annexure-II pages 1-2 (state-wise CR/CCS/CON/PAR/PCS/PCV under fraud for cyber crimes 2018-2022); CR columns only; exact printed title paraphrased by tool,https://www.mha.gov.in/MHA1/Par2017/pdfs/par2024-pdfs/RS27112024/234.pdf,
S05,S05b,Uttar Pradesh,26,state_ut,states,2022,766,766,registered cases (CR),Cyber crimes - Fraud (sub-category; NOT total cyber crime),"NCRB 'Crime in India' via MHA reply, Rajya Sabha USQ 234 (27.11.2024)",S05b_RS_USQ234_2024-11-27_AnnexII_fraud_CR_2018-2022.txt,Annexure-II pages 1-2 (state-wise CR/CCS/CON/PAR/PCS/PCV under fraud for cyber crimes 2018-2022); CR columns only; exact printed title paraphrased by tool,https://www.mha.gov.in/MHA1/Par2017/pdfs/par2024-pdfs/RS27112024/234.pdf,
S05,S05b,Uttarakhand,27,state_ut,states,2018,28,28,registered cases (CR),Cyber crimes - Fraud (sub-category; NOT total cyber crime),"NCRB 'Crime in India' via MHA reply, Rajya Sabha USQ 234 (27.11.2024)",S05b_RS_USQ234_2024-11-27_AnnexII_fraud_CR_2018-2022.txt,Annexure-II pages 1-2 (state-wise CR/CCS/CON/PAR/PCS/PCV under fraud for cyber crimes 2018-2022); CR columns only; exact printed title paraphrased by tool,https://www.mha.gov.in/MHA1/Par2017/pdfs/par2024-pdfs/RS27112024/234.pdf,
S05,S05b,Uttarakhand,27,state_ut,states,2019,3,3,registered cases (CR),Cyber crimes - Fraud (sub-category; NOT total cyber crime),"NCRB 'Crime in India' via MHA reply, Rajya Sabha USQ 234 (27.11.2024)",S05b_RS_USQ234_2024-11-27_AnnexII_fraud_CR_2018-2022.txt,Annexure-II pages 1-2 (state-wise CR/CCS/CON/PAR/PCS/PCV under fraud for cyber crimes 2018-2022); CR columns only; exact printed title paraphrased by tool,https://www.mha.gov.in/MHA1/Par2017/pdfs/par2024-pdfs/RS27112024/234.pdf,
S05,S05b,Uttarakhand,27,state_ut,states,2020,1,1,registered cases (CR),Cyber crimes - Fraud (sub-category; NOT total cyber crime),"NCRB 'Crime in India' via MHA reply, Rajya Sabha USQ 234 (27.11.2024)",S05b_RS_USQ234_2024-11-27_AnnexII_fraud_CR_2018-2022.txt,Annexure-II pages 1-2 (state-wise CR/CCS/CON/PAR/PCS/PCV under fraud for cyber crimes 2018-2022); CR columns only; exact printed title paraphrased by tool,https://www.mha.gov.in/MHA1/Par2017/pdfs/par2024-pdfs/RS27112024/234.pdf,
S05,S05b,Uttarakhand,27,state_ut,states,2021,0,0,registered cases (CR),Cyber crimes - Fraud (sub-category; NOT total cyber crime),"NCRB 'Crime in India' via MHA reply, Rajya Sabha USQ 234 (27.11.2024)",S05b_RS_USQ234_2024-11-27_AnnexII_fraud_CR_2018-2022.txt,Annexure-II pages 1-2 (state-wise CR/CCS/CON/PAR/PCS/PCV under fraud for cyber crimes 2018-2022); CR columns only; exact printed title paraphrased by tool,https://www.mha.gov.in/MHA1/Par2017/pdfs/par2024-pdfs/RS27112024/234.pdf,
S05,S05b,Uttarakhand,27,state_ut,states,2022,31,31,registered cases (CR),Cyber crimes - Fraud (sub-category; NOT total cyber crime),"NCRB 'Crime in India' via MHA reply, Rajya Sabha USQ 234 (27.11.2024)",S05b_RS_USQ234_2024-11-27_AnnexII_fraud_CR_2018-2022.txt,Annexure-II pages 1-2 (state-wise CR/CCS/CON/PAR/PCS/PCV under fraud for cyber crimes 2018-2022); CR columns only; exact printed title paraphrased by tool,https://www.mha.gov.in/MHA1/Par2017/pdfs/par2024-pdfs/RS27112024/234.pdf,
S05,S05b,West Bengal,28,state_ut,states,2018,4,4,registered cases (CR),Cyber crimes - Fraud (sub-category; NOT total cyber crime),"NCRB 'Crime in India' via MHA reply, Rajya Sabha USQ 234 (27.11.2024)",S05b_RS_USQ234_2024-11-27_AnnexII_fraud_CR_2018-2022.txt,Annexure-II pages 1-2 (state-wise CR/CCS/CON/PAR/PCS/PCV under fraud for cyber crimes 2018-2022); CR columns only; exact printed title paraphrased by tool,https://www.mha.gov.in/MHA1/Par2017/pdfs/par2024-pdfs/RS27112024/234.pdf,
S05,S05b,West Bengal,28,state_ut,states,2019,0,0,registered cases (CR),Cyber crimes - Fraud (sub-category; NOT total cyber crime),"NCRB 'Crime in India' via MHA reply, Rajya Sabha USQ 234 (27.11.2024)",S05b_RS_USQ234_2024-11-27_AnnexII_fraud_CR_2018-2022.txt,Annexure-II pages 1-2 (state-wise CR/CCS/CON/PAR/PCS/PCV under fraud for cyber crimes 2018-2022); CR columns only; exact printed title paraphrased by tool,https://www.mha.gov.in/MHA1/Par2017/pdfs/par2024-pdfs/RS27112024/234.pdf,
S05,S05b,West Bengal,28,state_ut,states,2020,145,145,registered cases (CR),Cyber crimes - Fraud (sub-category; NOT total cyber crime),"NCRB 'Crime in India' via MHA reply, Rajya Sabha USQ 234 (27.11.2024)",S05b_RS_USQ234_2024-11-27_AnnexII_fraud_CR_2018-2022.txt,Annexure-II pages 1-2 (state-wise CR/CCS/CON/PAR/PCS/PCV under fraud for cyber crimes 2018-2022); CR columns only; exact printed title paraphrased by tool,https://www.mha.gov.in/MHA1/Par2017/pdfs/par2024-pdfs/RS27112024/234.pdf,
S05,S05b,West Bengal,28,state_ut,states,2021,40,40,registered cases (CR),Cyber crimes - Fraud (sub-category; NOT total cyber crime),"NCRB 'Crime in India' via MHA reply, Rajya Sabha USQ 234 (27.11.2024)",S05b_RS_USQ234_2024-11-27_AnnexII_fraud_CR_2018-2022.txt,Annexure-II pages 1-2 (state-wise CR/CCS/CON/PAR/PCS/PCV under fraud for cyber crimes 2018-2022); CR columns only; exact printed title paraphrased by tool,https://www.mha.gov.in/MHA1/Par2017/pdfs/par2024-pdfs/RS27112024/234.pdf,
S05,S05b,West Bengal,28,state_ut,states,2022,30,30,registered cases (CR),Cyber crimes - Fraud (sub-category; NOT total cyber crime),"NCRB 'Crime in India' via MHA reply, Rajya Sabha USQ 234 (27.11.2024)",S05b_RS_USQ234_2024-11-27_AnnexII_fraud_CR_2018-2022.txt,Annexure-II pages 1-2 (state-wise CR/CCS/CON/PAR/PCS/PCV under fraud for cyber crimes 2018-2022); CR columns only; exact printed title paraphrased by tool,https://www.mha.gov.in/MHA1/Par2017/pdfs/par2024-pdfs/RS27112024/234.pdf,
S05,S05b,TOTAL STATE(S),,total_states,states,2018,3341,3341,registered cases (CR),Cyber crimes - Fraud (sub-category; NOT total cyber crime),"NCRB 'Crime in India' via MHA reply, Rajya Sabha USQ 234 (27.11.2024)",S05b_RS_USQ234_2024-11-27_AnnexII_fraud_CR_2018-2022.txt,Annexure-II pages 1-2 (state-wise CR/CCS/CON/PAR/PCS/PCV under fraud for cyber crimes 2018-2022); CR columns only; exact printed title paraphrased by tool,https://www.mha.gov.in/MHA1/Par2017/pdfs/par2024-pdfs/RS27112024/234.pdf,
S05,S05b,TOTAL STATE(S),,total_states,states,2019,6212,6212,registered cases (CR),Cyber crimes - Fraud (sub-category; NOT total cyber crime),"NCRB 'Crime in India' via MHA reply, Rajya Sabha USQ 234 (27.11.2024)",S05b_RS_USQ234_2024-11-27_AnnexII_fraud_CR_2018-2022.txt,Annexure-II pages 1-2 (state-wise CR/CCS/CON/PAR/PCS/PCV under fraud for cyber crimes 2018-2022); CR columns only; exact printed title paraphrased by tool,https://www.mha.gov.in/MHA1/Par2017/pdfs/par2024-pdfs/RS27112024/234.pdf,
S05,S05b,TOTAL STATE(S),,total_states,states,2020,10364,10364,registered cases (CR),Cyber crimes - Fraud (sub-category; NOT total cyber crime),"NCRB 'Crime in India' via MHA reply, Rajya Sabha USQ 234 (27.11.2024)",S05b_RS_USQ234_2024-11-27_AnnexII_fraud_CR_2018-2022.txt,Annexure-II pages 1-2 (state-wise CR/CCS/CON/PAR/PCS/PCV under fraud for cyber crimes 2018-2022); CR columns only; exact printed title paraphrased by tool,https://www.mha.gov.in/MHA1/Par2017/pdfs/par2024-pdfs/RS27112024/234.pdf,
S05,S05b,TOTAL STATE(S),,total_states,states,2021,13980,13980,registered cases (CR),Cyber crimes - Fraud (sub-category; NOT total cyber crime),"NCRB 'Crime in India' via MHA reply, Rajya Sabha USQ 234 (27.11.2024)",S05b_RS_USQ234_2024-11-27_AnnexII_fraud_CR_2018-2022.txt,Annexure-II pages 1-2 (state-wise CR/CCS/CON/PAR/PCS/PCV under fraud for cyber crimes 2018-2022); CR columns only; exact printed title paraphrased by tool,https://www.mha.gov.in/MHA1/Par2017/pdfs/par2024-pdfs/RS27112024/234.pdf,
S05,S05b,TOTAL STATE(S),,total_states,states,2022,17130,17130,registered cases (CR),Cyber crimes - Fraud (sub-category; NOT total cyber crime),"NCRB 'Crime in India' via MHA reply, Rajya Sabha USQ 234 (27.11.2024)",S05b_RS_USQ234_2024-11-27_AnnexII_fraud_CR_2018-2022.txt,Annexure-II pages 1-2 (state-wise CR/CCS/CON/PAR/PCS/PCV under fraud for cyber crimes 2018-2022); CR columns only; exact printed title paraphrased by tool,https://www.mha.gov.in/MHA1/Par2017/pdfs/par2024-pdfs/RS27112024/234.pdf,
S05,S05b,A&N Islands,29,state_ut,uts,2018,2,2,registered cases (CR),Cyber crimes - Fraud (sub-category; NOT total cyber crime),"NCRB 'Crime in India' via MHA reply, Rajya Sabha USQ 234 (27.11.2024)",S05b_RS_USQ234_2024-11-27_AnnexII_fraud_CR_2018-2022.txt,Annexure-II pages 1-2 (state-wise CR/CCS/CON/PAR/PCS/PCV under fraud for cyber crimes 2018-2022); CR columns only; exact printed title paraphrased by tool,https://www.mha.gov.in/MHA1/Par2017/pdfs/par2024-pdfs/RS27112024/234.pdf,
S05,S05b,A&N Islands,29,state_ut,uts,2019,0,0,registered cases (CR),Cyber crimes - Fraud (sub-category; NOT total cyber crime),"NCRB 'Crime in India' via MHA reply, Rajya Sabha USQ 234 (27.11.2024)",S05b_RS_USQ234_2024-11-27_AnnexII_fraud_CR_2018-2022.txt,Annexure-II pages 1-2 (state-wise CR/CCS/CON/PAR/PCS/PCV under fraud for cyber crimes 2018-2022); CR columns only; exact printed title paraphrased by tool,https://www.mha.gov.in/MHA1/Par2017/pdfs/par2024-pdfs/RS27112024/234.pdf,
S05,S05b,A&N Islands,29,state_ut,uts,2020,0,0,registered cases (CR),Cyber crimes - Fraud (sub-category; NOT total cyber crime),"NCRB 'Crime in India' via MHA reply, Rajya Sabha USQ 234 (27.11.2024)",S05b_RS_USQ234_2024-11-27_AnnexII_fraud_CR_2018-2022.txt,Annexure-II pages 1-2 (state-wise CR/CCS/CON/PAR/PCS/PCV under fraud for cyber crimes 2018-2022); CR columns only; exact printed title paraphrased by tool,https://www.mha.gov.in/MHA1/Par2017/pdfs/par2024-pdfs/RS27112024/234.pdf,
S05,S05b,A&N Islands,29,state_ut,uts,2021,0,0,registered cases (CR),Cyber crimes - Fraud (sub-category; NOT total cyber crime),"NCRB 'Crime in India' via MHA reply, Rajya Sabha USQ 234 (27.11.2024)",S05b_RS_USQ234_2024-11-27_AnnexII_fraud_CR_2018-2022.txt,Annexure-II pages 1-2 (state-wise CR/CCS/CON/PAR/PCS/PCV under fraud for cyber crimes 2018-2022); CR columns only; exact printed title paraphrased by tool,https://www.mha.gov.in/MHA1/Par2017/pdfs/par2024-pdfs/RS27112024/234.pdf,
S05,S05b,A&N Islands,29,state_ut,uts,2022,0,0,registered cases (CR),Cyber crimes - Fraud (sub-category; NOT total cyber crime),"NCRB 'Crime in India' via MHA reply, Rajya Sabha USQ 234 (27.11.2024)",S05b_RS_USQ234_2024-11-27_AnnexII_fraud_CR_2018-2022.txt,Annexure-II pages 1-2 (state-wise CR/CCS/CON/PAR/PCS/PCV under fraud for cyber crimes 2018-2022); CR columns only; exact printed title paraphrased by tool,https://www.mha.gov.in/MHA1/Par2017/pdfs/par2024-pdfs/RS27112024/234.pdf,
S05,S05b,Chandigarh,30,state_ut,uts,2018,2,2,registered cases (CR),Cyber crimes - Fraud (sub-category; NOT total cyber crime),"NCRB 'Crime in India' via MHA reply, Rajya Sabha USQ 234 (27.11.2024)",S05b_RS_USQ234_2024-11-27_AnnexII_fraud_CR_2018-2022.txt,Annexure-II pages 1-2 (state-wise CR/CCS/CON/PAR/PCS/PCV under fraud for cyber crimes 2018-2022); CR columns only; exact printed title paraphrased by tool,https://www.mha.gov.in/MHA1/Par2017/pdfs/par2024-pdfs/RS27112024/234.pdf,
S05,S05b,Chandigarh,30,state_ut,uts,2019,0,0,registered cases (CR),Cyber crimes - Fraud (sub-category; NOT total cyber crime),"NCRB 'Crime in India' via MHA reply, Rajya Sabha USQ 234 (27.11.2024)",S05b_RS_USQ234_2024-11-27_AnnexII_fraud_CR_2018-2022.txt,Annexure-II pages 1-2 (state-wise CR/CCS/CON/PAR/PCS/PCV under fraud for cyber crimes 2018-2022); CR columns only; exact printed title paraphrased by tool,https://www.mha.gov.in/MHA1/Par2017/pdfs/par2024-pdfs/RS27112024/234.pdf,
S05,S05b,Chandigarh,30,state_ut,uts,2020,0,0,registered cases (CR),Cyber crimes - Fraud (sub-category; NOT total cyber crime),"NCRB 'Crime in India' via MHA reply, Rajya Sabha USQ 234 (27.11.2024)",S05b_RS_USQ234_2024-11-27_AnnexII_fraud_CR_2018-2022.txt,Annexure-II pages 1-2 (state-wise CR/CCS/CON/PAR/PCS/PCV under fraud for cyber crimes 2018-2022); CR columns only; exact printed title paraphrased by tool,https://www.mha.gov.in/MHA1/Par2017/pdfs/par2024-pdfs/RS27112024/234.pdf,
S05,S05b,Chandigarh,30,state_ut,uts,2021,0,0,registered cases (CR),Cyber crimes - Fraud (sub-category; NOT total cyber crime),"NCRB 'Crime in India' via MHA reply, Rajya Sabha USQ 234 (27.11.2024)",S05b_RS_USQ234_2024-11-27_AnnexII_fraud_CR_2018-2022.txt,Annexure-II pages 1-2 (state-wise CR/CCS/CON/PAR/PCS/PCV under fraud for cyber crimes 2018-2022); CR columns only; exact printed title paraphrased by tool,https://www.mha.gov.in/MHA1/Par2017/pdfs/par2024-pdfs/RS27112024/234.pdf,
S05,S05b,Chandigarh,30,state_ut,uts,2022,2,2,registered cases (CR),Cyber crimes - Fraud (sub-category; NOT total cyber crime),"NCRB 'Crime in India' via MHA reply, Rajya Sabha USQ 234 (27.11.2024)",S05b_RS_USQ234_2024-11-27_AnnexII_fraud_CR_2018-2022.txt,Annexure-II pages 1-2 (state-wise CR/CCS/CON/PAR/PCS/PCV under fraud for cyber crimes 2018-2022); CR columns only; exact printed title paraphrased by tool,https://www.mha.gov.in/MHA1/Par2017/pdfs/par2024-pdfs/RS27112024/234.pdf,
S05,S05b,D&N Haveli and Daman & Diu+,31,state_ut,uts,2018,0,0,registered cases (CR),Cyber crimes - Fraud (sub-category; NOT total cyber crime),"NCRB 'Crime in India' via MHA reply, Rajya Sabha USQ 234 (27.11.2024)",S05b_RS_USQ234_2024-11-27_AnnexII_fraud_CR_2018-2022.txt,Annexure-II pages 1-2 (state-wise CR/CCS/CON/PAR/PCS/PCV under fraud for cyber crimes 2018-2022); CR columns only; exact printed title paraphrased by tool,https://www.mha.gov.in/MHA1/Par2017/pdfs/par2024-pdfs/RS27112024/234.pdf,"'+' = combined data of erstwhile D&N Haveli UT and Daman & Diu UT for 2018, 2019 (per source footnote) | Fraud-category CR only; not total cyber crime."
S05,S05b,D&N Haveli and Daman & Diu+,31,state_ut,uts,2019,0,0,registered cases (CR),Cyber crimes - Fraud (sub-category; NOT total cyber crime),"NCRB 'Crime in India' via MHA reply, Rajya Sabha USQ 234 (27.11.2024)",S05b_RS_USQ234_2024-11-27_AnnexII_fraud_CR_2018-2022.txt,Annexure-II pages 1-2 (state-wise CR/CCS/CON/PAR/PCS/PCV under fraud for cyber crimes 2018-2022); CR columns only; exact printed title paraphrased by tool,https://www.mha.gov.in/MHA1/Par2017/pdfs/par2024-pdfs/RS27112024/234.pdf,"'+' = combined data of erstwhile D&N Haveli UT and Daman & Diu UT for 2018, 2019 (per source footnote)"
S05,S05b,D&N Haveli and Daman & Diu+,31,state_ut,uts,2020,0,0,registered cases (CR),Cyber crimes - Fraud (sub-category; NOT total cyber crime),"NCRB 'Crime in India' via MHA reply, Rajya Sabha USQ 234 (27.11.2024)",S05b_RS_USQ234_2024-11-27_AnnexII_fraud_CR_2018-2022.txt,Annexure-II pages 1-2 (state-wise CR/CCS/CON/PAR/PCS/PCV under fraud for cyber crimes 2018-2022); CR columns only; exact printed title paraphrased by tool,https://www.mha.gov.in/MHA1/Par2017/pdfs/par2024-pdfs/RS27112024/234.pdf,
S05,S05b,D&N Haveli and Daman & Diu+,31,state_ut,uts,2021,0,0,registered cases (CR),Cyber crimes - Fraud (sub-category; NOT total cyber crime),"NCRB 'Crime in India' via MHA reply, Rajya Sabha USQ 234 (27.11.2024)",S05b_RS_USQ234_2024-11-27_AnnexII_fraud_CR_2018-2022.txt,Annexure-II pages 1-2 (state-wise CR/CCS/CON/PAR/PCS/PCV under fraud for cyber crimes 2018-2022); CR columns only; exact printed title paraphrased by tool,https://www.mha.gov.in/MHA1/Par2017/pdfs/par2024-pdfs/RS27112024/234.pdf,
S05,S05b,D&N Haveli and Daman & Diu+,31,state_ut,uts,2022,0,0,registered cases (CR),Cyber crimes - Fraud (sub-category; NOT total cyber crime),"NCRB 'Crime in India' via MHA reply, Rajya Sabha USQ 234 (27.11.2024)",S05b_RS_USQ234_2024-11-27_AnnexII_fraud_CR_2018-2022.txt,Annexure-II pages 1-2 (state-wise CR/CCS/CON/PAR/PCS/PCV under fraud for cyber crimes 2018-2022); CR columns only; exact printed title paraphrased by tool,https://www.mha.gov.in/MHA1/Par2017/pdfs/par2024-pdfs/RS27112024/234.pdf,
S05,S05b,Delhi,32,state_ut,uts,2018,3,3,registered cases (CR),Cyber crimes - Fraud (sub-category; NOT total cyber crime),"NCRB 'Crime in India' via MHA reply, Rajya Sabha USQ 234 (27.11.2024)",S05b_RS_USQ234_2024-11-27_AnnexII_fraud_CR_2018-2022.txt,Annexure-II pages 1-2 (state-wise CR/CCS/CON/PAR/PCS/PCV under fraud for cyber crimes 2018-2022); CR columns only; exact printed title paraphrased by tool,https://www.mha.gov.in/MHA1/Par2017/pdfs/par2024-pdfs/RS27112024/234.pdf,
S05,S05b,Delhi,32,state_ut,uts,2019,11,11,registered cases (CR),Cyber crimes - Fraud (sub-category; NOT total cyber crime),"NCRB 'Crime in India' via MHA reply, Rajya Sabha USQ 234 (27.11.2024)",S05b_RS_USQ234_2024-11-27_AnnexII_fraud_CR_2018-2022.txt,Annexure-II pages 1-2 (state-wise CR/CCS/CON/PAR/PCS/PCV under fraud for cyber crimes 2018-2022); CR columns only; exact printed title paraphrased by tool,https://www.mha.gov.in/MHA1/Par2017/pdfs/par2024-pdfs/RS27112024/234.pdf,
S05,S05b,Delhi,32,state_ut,uts,2020,31,31,registered cases (CR),Cyber crimes - Fraud (sub-category; NOT total cyber crime),"NCRB 'Crime in India' via MHA reply, Rajya Sabha USQ 234 (27.11.2024)",S05b_RS_USQ234_2024-11-27_AnnexII_fraud_CR_2018-2022.txt,Annexure-II pages 1-2 (state-wise CR/CCS/CON/PAR/PCS/PCV under fraud for cyber crimes 2018-2022); CR columns only; exact printed title paraphrased by tool,https://www.mha.gov.in/MHA1/Par2017/pdfs/par2024-pdfs/RS27112024/234.pdf,
S05,S05b,Delhi,32,state_ut,uts,2021,19,19,registered cases (CR),Cyber crimes - Fraud (sub-category; NOT total cyber crime),"NCRB 'Crime in India' via MHA reply, Rajya Sabha USQ 234 (27.11.2024)",S05b_RS_USQ234_2024-11-27_AnnexII_fraud_CR_2018-2022.txt,Annexure-II pages 1-2 (state-wise CR/CCS/CON/PAR/PCS/PCV under fraud for cyber crimes 2018-2022); CR columns only; exact printed title paraphrased by tool,https://www.mha.gov.in/MHA1/Par2017/pdfs/par2024-pdfs/RS27112024/234.pdf,
S05,S05b,Delhi,32,state_ut,uts,2022,331,331,registered cases (CR),Cyber crimes - Fraud (sub-category; NOT total cyber crime),"NCRB 'Crime in India' via MHA reply, Rajya Sabha USQ 234 (27.11.2024)",S05b_RS_USQ234_2024-11-27_AnnexII_fraud_CR_2018-2022.txt,Annexure-II pages 1-2 (state-wise CR/CCS/CON/PAR/PCS/PCV under fraud for cyber crimes 2018-2022); CR columns only; exact printed title paraphrased by tool,https://www.mha.gov.in/MHA1/Par2017/pdfs/par2024-pdfs/RS27112024/234.pdf,
S05,S05b,Jammu & Kashmir*,33,state_ut,uts,2018,3,3,registered cases (CR),Cyber crimes - Fraud (sub-category; NOT total cyber crime),"NCRB 'Crime in India' via MHA reply, Rajya Sabha USQ 234 (27.11.2024)",S05b_RS_USQ234_2024-11-27_AnnexII_fraud_CR_2018-2022.txt,Annexure-II pages 1-2 (state-wise CR/CCS/CON/PAR/PCS/PCV under fraud for cyber crimes 2018-2022); CR columns only; exact printed title paraphrased by tool,https://www.mha.gov.in/MHA1/Par2017/pdfs/par2024-pdfs/RS27112024/234.pdf,"'*' = data of erstwhile Jammu & Kashmir State including Ladakh for 2018, 2019 (per source footnote)"
S05,S05b,Jammu & Kashmir*,33,state_ut,uts,2019,6,6,registered cases (CR),Cyber crimes - Fraud (sub-category; NOT total cyber crime),"NCRB 'Crime in India' via MHA reply, Rajya Sabha USQ 234 (27.11.2024)",S05b_RS_USQ234_2024-11-27_AnnexII_fraud_CR_2018-2022.txt,Annexure-II pages 1-2 (state-wise CR/CCS/CON/PAR/PCS/PCV under fraud for cyber crimes 2018-2022); CR columns only; exact printed title paraphrased by tool,https://www.mha.gov.in/MHA1/Par2017/pdfs/par2024-pdfs/RS27112024/234.pdf,"'*' = data of erstwhile Jammu & Kashmir State including Ladakh for 2018, 2019 (per source footnote)"
S05,S05b,Jammu & Kashmir*,33,state_ut,uts,2020,0,0,registered cases (CR),Cyber crimes - Fraud (sub-category; NOT total cyber crime),"NCRB 'Crime in India' via MHA reply, Rajya Sabha USQ 234 (27.11.2024)",S05b_RS_USQ234_2024-11-27_AnnexII_fraud_CR_2018-2022.txt,Annexure-II pages 1-2 (state-wise CR/CCS/CON/PAR/PCS/PCV under fraud for cyber crimes 2018-2022); CR columns only; exact printed title paraphrased by tool,https://www.mha.gov.in/MHA1/Par2017/pdfs/par2024-pdfs/RS27112024/234.pdf,
S05,S05b,Jammu & Kashmir*,33,state_ut,uts,2021,8,8,registered cases (CR),Cyber crimes - Fraud (sub-category; NOT total cyber crime),"NCRB 'Crime in India' via MHA reply, Rajya Sabha USQ 234 (27.11.2024)",S05b_RS_USQ234_2024-11-27_AnnexII_fraud_CR_2018-2022.txt,Annexure-II pages 1-2 (state-wise CR/CCS/CON/PAR/PCS/PCV under fraud for cyber crimes 2018-2022); CR columns only; exact printed title paraphrased by tool,https://www.mha.gov.in/MHA1/Par2017/pdfs/par2024-pdfs/RS27112024/234.pdf,
S05,S05b,Jammu & Kashmir*,33,state_ut,uts,2022,7,7,registered cases (CR),Cyber crimes - Fraud (sub-category; NOT total cyber crime),"NCRB 'Crime in India' via MHA reply, Rajya Sabha USQ 234 (27.11.2024)",S05b_RS_USQ234_2024-11-27_AnnexII_fraud_CR_2018-2022.txt,Annexure-II pages 1-2 (state-wise CR/CCS/CON/PAR/PCS/PCV under fraud for cyber crimes 2018-2022); CR columns only; exact printed title paraphrased by tool,https://www.mha.gov.in/MHA1/Par2017/pdfs/par2024-pdfs/RS27112024/234.pdf,
S05,S05b,Ladakh,34,state_ut,uts,2018,,-,registered cases (CR),Cyber crimes - Fraud (sub-category; NOT total cyber crime),"NCRB 'Crime in India' via MHA reply, Rajya Sabha USQ 234 (27.11.2024)",S05b_RS_USQ234_2024-11-27_AnnexII_fraud_CR_2018-2022.txt,Annexure-II pages 1-2 (state-wise CR/CCS/CON/PAR/PCS/PCV under fraud for cyber crimes 2018-2022); CR columns only; exact printed title paraphrased by tool,https://www.mha.gov.in/MHA1/Par2017/pdfs/par2024-pdfs/RS27112024/234.pdf,Dash printed in source (not zero); entity did not exist separately in this year.
S05,S05b,Ladakh,34,state_ut,uts,2019,,-,registered cases (CR),Cyber crimes - Fraud (sub-category; NOT total cyber crime),"NCRB 'Crime in India' via MHA reply, Rajya Sabha USQ 234 (27.11.2024)",S05b_RS_USQ234_2024-11-27_AnnexII_fraud_CR_2018-2022.txt,Annexure-II pages 1-2 (state-wise CR/CCS/CON/PAR/PCS/PCV under fraud for cyber crimes 2018-2022); CR columns only; exact printed title paraphrased by tool,https://www.mha.gov.in/MHA1/Par2017/pdfs/par2024-pdfs/RS27112024/234.pdf,Dash printed in source (not zero); entity did not exist separately in this year.
S05,S05b,Ladakh,34,state_ut,uts,2020,0,0,registered cases (CR),Cyber crimes - Fraud (sub-category; NOT total cyber crime),"NCRB 'Crime in India' via MHA reply, Rajya Sabha USQ 234 (27.11.2024)",S05b_RS_USQ234_2024-11-27_AnnexII_fraud_CR_2018-2022.txt,Annexure-II pages 1-2 (state-wise CR/CCS/CON/PAR/PCS/PCV under fraud for cyber crimes 2018-2022); CR columns only; exact printed title paraphrased by tool,https://www.mha.gov.in/MHA1/Par2017/pdfs/par2024-pdfs/RS27112024/234.pdf,
S05,S05b,Ladakh,34,state_ut,uts,2021,0,0,registered cases (CR),Cyber crimes - Fraud (sub-category; NOT total cyber crime),"NCRB 'Crime in India' via MHA reply, Rajya Sabha USQ 234 (27.11.2024)",S05b_RS_USQ234_2024-11-27_AnnexII_fraud_CR_2018-2022.txt,Annexure-II pages 1-2 (state-wise CR/CCS/CON/PAR/PCS/PCV under fraud for cyber crimes 2018-2022); CR columns only; exact printed title paraphrased by tool,https://www.mha.gov.in/MHA1/Par2017/pdfs/par2024-pdfs/RS27112024/234.pdf,
S05,S05b,Ladakh,34,state_ut,uts,2022,0,0,registered cases (CR),Cyber crimes - Fraud (sub-category; NOT total cyber crime),"NCRB 'Crime in India' via MHA reply, Rajya Sabha USQ 234 (27.11.2024)",S05b_RS_USQ234_2024-11-27_AnnexII_fraud_CR_2018-2022.txt,Annexure-II pages 1-2 (state-wise CR/CCS/CON/PAR/PCS/PCV under fraud for cyber crimes 2018-2022); CR columns only; exact printed title paraphrased by tool,https://www.mha.gov.in/MHA1/Par2017/pdfs/par2024-pdfs/RS27112024/234.pdf,
S05,S05b,Lakshadweep,35,state_ut,uts,2018,2,2,registered cases (CR),Cyber crimes - Fraud (sub-category; NOT total cyber crime),"NCRB 'Crime in India' via MHA reply, Rajya Sabha USQ 234 (27.11.2024)",S05b_RS_USQ234_2024-11-27_AnnexII_fraud_CR_2018-2022.txt,Annexure-II pages 1-2 (state-wise CR/CCS/CON/PAR/PCS/PCV under fraud for cyber crimes 2018-2022); CR columns only; exact printed title paraphrased by tool,https://www.mha.gov.in/MHA1/Par2017/pdfs/par2024-pdfs/RS27112024/234.pdf,
S05,S05b,Lakshadweep,35,state_ut,uts,2019,0,0,registered cases (CR),Cyber crimes - Fraud (sub-category; NOT total cyber crime),"NCRB 'Crime in India' via MHA reply, Rajya Sabha USQ 234 (27.11.2024)",S05b_RS_USQ234_2024-11-27_AnnexII_fraud_CR_2018-2022.txt,Annexure-II pages 1-2 (state-wise CR/CCS/CON/PAR/PCS/PCV under fraud for cyber crimes 2018-2022); CR columns only; exact printed title paraphrased by tool,https://www.mha.gov.in/MHA1/Par2017/pdfs/par2024-pdfs/RS27112024/234.pdf,
S05,S05b,Lakshadweep,35,state_ut,uts,2020,0,0,registered cases (CR),Cyber crimes - Fraud (sub-category; NOT total cyber crime),"NCRB 'Crime in India' via MHA reply, Rajya Sabha USQ 234 (27.11.2024)",S05b_RS_USQ234_2024-11-27_AnnexII_fraud_CR_2018-2022.txt,Annexure-II pages 1-2 (state-wise CR/CCS/CON/PAR/PCS/PCV under fraud for cyber crimes 2018-2022); CR columns only; exact printed title paraphrased by tool,https://www.mha.gov.in/MHA1/Par2017/pdfs/par2024-pdfs/RS27112024/234.pdf,
S05,S05b,Lakshadweep,35,state_ut,uts,2021,0,0,registered cases (CR),Cyber crimes - Fraud (sub-category; NOT total cyber crime),"NCRB 'Crime in India' via MHA reply, Rajya Sabha USQ 234 (27.11.2024)",S05b_RS_USQ234_2024-11-27_AnnexII_fraud_CR_2018-2022.txt,Annexure-II pages 1-2 (state-wise CR/CCS/CON/PAR/PCS/PCV under fraud for cyber crimes 2018-2022); CR columns only; exact printed title paraphrased by tool,https://www.mha.gov.in/MHA1/Par2017/pdfs/par2024-pdfs/RS27112024/234.pdf,
S05,S05b,Lakshadweep,35,state_ut,uts,2022,0,0,registered cases (CR),Cyber crimes - Fraud (sub-category; NOT total cyber crime),"NCRB 'Crime in India' via MHA reply, Rajya Sabha USQ 234 (27.11.2024)",S05b_RS_USQ234_2024-11-27_AnnexII_fraud_CR_2018-2022.txt,Annexure-II pages 1-2 (state-wise CR/CCS/CON/PAR/PCS/PCV under fraud for cyber crimes 2018-2022); CR columns only; exact printed title paraphrased by tool,https://www.mha.gov.in/MHA1/Par2017/pdfs/par2024-pdfs/RS27112024/234.pdf,
S05,S05b,Puducherry,36,state_ut,uts,2018,0,0,registered cases (CR),Cyber crimes - Fraud (sub-category; NOT total cyber crime),"NCRB 'Crime in India' via MHA reply, Rajya Sabha USQ 234 (27.11.2024)",S05b_RS_USQ234_2024-11-27_AnnexII_fraud_CR_2018-2022.txt,Annexure-II pages 1-2 (state-wise CR/CCS/CON/PAR/PCS/PCV under fraud for cyber crimes 2018-2022); CR columns only; exact printed title paraphrased by tool,https://www.mha.gov.in/MHA1/Par2017/pdfs/par2024-pdfs/RS27112024/234.pdf,
S05,S05b,Puducherry,36,state_ut,uts,2019,0,0,registered cases (CR),Cyber crimes - Fraud (sub-category; NOT total cyber crime),"NCRB 'Crime in India' via MHA reply, Rajya Sabha USQ 234 (27.11.2024)",S05b_RS_USQ234_2024-11-27_AnnexII_fraud_CR_2018-2022.txt,Annexure-II pages 1-2 (state-wise CR/CCS/CON/PAR/PCS/PCV under fraud for cyber crimes 2018-2022); CR columns only; exact printed title paraphrased by tool,https://www.mha.gov.in/MHA1/Par2017/pdfs/par2024-pdfs/RS27112024/234.pdf,
S05,S05b,Puducherry,36,state_ut,uts,2020,0,0,registered cases (CR),Cyber crimes - Fraud (sub-category; NOT total cyber crime),"NCRB 'Crime in India' via MHA reply, Rajya Sabha USQ 234 (27.11.2024)",S05b_RS_USQ234_2024-11-27_AnnexII_fraud_CR_2018-2022.txt,Annexure-II pages 1-2 (state-wise CR/CCS/CON/PAR/PCS/PCV under fraud for cyber crimes 2018-2022); CR columns only; exact printed title paraphrased by tool,https://www.mha.gov.in/MHA1/Par2017/pdfs/par2024-pdfs/RS27112024/234.pdf,
S05,S05b,Puducherry,36,state_ut,uts,2021,0,0,registered cases (CR),Cyber crimes - Fraud (sub-category; NOT total cyber crime),"NCRB 'Crime in India' via MHA reply, Rajya Sabha USQ 234 (27.11.2024)",S05b_RS_USQ234_2024-11-27_AnnexII_fraud_CR_2018-2022.txt,Annexure-II pages 1-2 (state-wise CR/CCS/CON/PAR/PCS/PCV under fraud for cyber crimes 2018-2022); CR columns only; exact printed title paraphrased by tool,https://www.mha.gov.in/MHA1/Par2017/pdfs/par2024-pdfs/RS27112024/234.pdf,
S05,S05b,Puducherry,36,state_ut,uts,2022,0,0,registered cases (CR),Cyber crimes - Fraud (sub-category; NOT total cyber crime),"NCRB 'Crime in India' via MHA reply, Rajya Sabha USQ 234 (27.11.2024)",S05b_RS_USQ234_2024-11-27_AnnexII_fraud_CR_2018-2022.txt,Annexure-II pages 1-2 (state-wise CR/CCS/CON/PAR/PCS/PCV under fraud for cyber crimes 2018-2022); CR columns only; exact printed title paraphrased by tool,https://www.mha.gov.in/MHA1/Par2017/pdfs/par2024-pdfs/RS27112024/234.pdf,
S05,S05b,TOTAL UT(S),,total_uts,uts,2018,12,12,registered cases (CR),Cyber crimes - Fraud (sub-category; NOT total cyber crime),"NCRB 'Crime in India' via MHA reply, Rajya Sabha USQ 234 (27.11.2024)",S05b_RS_USQ234_2024-11-27_AnnexII_fraud_CR_2018-2022.txt,Annexure-II pages 1-2 (state-wise CR/CCS/CON/PAR/PCS/PCV under fraud for cyber crimes 2018-2022); CR columns only; exact printed title paraphrased by tool,https://www.mha.gov.in/MHA1/Par2017/pdfs/par2024-pdfs/RS27112024/234.pdf,
S05,S05b,TOTAL UT(S),,total_uts,uts,2019,17,17,registered cases (CR),Cyber crimes - Fraud (sub-category; NOT total cyber crime),"NCRB 'Crime in India' via MHA reply, Rajya Sabha USQ 234 (27.11.2024)",S05b_RS_USQ234_2024-11-27_AnnexII_fraud_CR_2018-2022.txt,Annexure-II pages 1-2 (state-wise CR/CCS/CON/PAR/PCS/PCV under fraud for cyber crimes 2018-2022); CR columns only; exact printed title paraphrased by tool,https://www.mha.gov.in/MHA1/Par2017/pdfs/par2024-pdfs/RS27112024/234.pdf,
S05,S05b,TOTAL UT(S),,total_uts,uts,2020,31,31,registered cases (CR),Cyber crimes - Fraud (sub-category; NOT total cyber crime),"NCRB 'Crime in India' via MHA reply, Rajya Sabha USQ 234 (27.11.2024)",S05b_RS_USQ234_2024-11-27_AnnexII_fraud_CR_2018-2022.txt,Annexure-II pages 1-2 (state-wise CR/CCS/CON/PAR/PCS/PCV under fraud for cyber crimes 2018-2022); CR columns only; exact printed title paraphrased by tool,https://www.mha.gov.in/MHA1/Par2017/pdfs/par2024-pdfs/RS27112024/234.pdf,
S05,S05b,TOTAL UT(S),,total_uts,uts,2021,27,27,registered cases (CR),Cyber crimes - Fraud (sub-category; NOT total cyber crime),"NCRB 'Crime in India' via MHA reply, Rajya Sabha USQ 234 (27.11.2024)",S05b_RS_USQ234_2024-11-27_AnnexII_fraud_CR_2018-2022.txt,Annexure-II pages 1-2 (state-wise CR/CCS/CON/PAR/PCS/PCV under fraud for cyber crimes 2018-2022); CR columns only; exact printed title paraphrased by tool,https://www.mha.gov.in/MHA1/Par2017/pdfs/par2024-pdfs/RS27112024/234.pdf,
S05,S05b,TOTAL UT(S),,total_uts,uts,2022,340,340,registered cases (CR),Cyber crimes - Fraud (sub-category; NOT total cyber crime),"NCRB 'Crime in India' via MHA reply, Rajya Sabha USQ 234 (27.11.2024)",S05b_RS_USQ234_2024-11-27_AnnexII_fraud_CR_2018-2022.txt,Annexure-II pages 1-2 (state-wise CR/CCS/CON/PAR/PCS/PCV under fraud for cyber crimes 2018-2022); CR columns only; exact printed title paraphrased by tool,https://www.mha.gov.in/MHA1/Par2017/pdfs/par2024-pdfs/RS27112024/234.pdf,
S05,S05b,TOTAL (ALL INDIA),,total_all_india,all_india,2018,3353,3353,registered cases (CR),Cyber crimes - Fraud (sub-category; NOT total cyber crime),"NCRB 'Crime in India' via MHA reply, Rajya Sabha USQ 234 (27.11.2024)",S05b_RS_USQ234_2024-11-27_AnnexII_fraud_CR_2018-2022.txt,Annexure-II pages 1-2 (state-wise CR/CCS/CON/PAR/PCS/PCV under fraud for cyber crimes 2018-2022); CR columns only; exact printed title paraphrased by tool,https://www.mha.gov.in/MHA1/Par2017/pdfs/par2024-pdfs/RS27112024/234.pdf,
S05,S05b,TOTAL (ALL INDIA),,total_all_india,all_india,2019,6229,6229,registered cases (CR),Cyber crimes - Fraud (sub-category; NOT total cyber crime),"NCRB 'Crime in India' via MHA reply, Rajya Sabha USQ 234 (27.11.2024)",S05b_RS_USQ234_2024-11-27_AnnexII_fraud_CR_2018-2022.txt,Annexure-II pages 1-2 (state-wise CR/CCS/CON/PAR/PCS/PCV under fraud for cyber crimes 2018-2022); CR columns only; exact printed title paraphrased by tool,https://www.mha.gov.in/MHA1/Par2017/pdfs/par2024-pdfs/RS27112024/234.pdf,
S05,S05b,TOTAL (ALL INDIA),,total_all_india,all_india,2020,10395,10395,registered cases (CR),Cyber crimes - Fraud (sub-category; NOT total cyber crime),"NCRB 'Crime in India' via MHA reply, Rajya Sabha USQ 234 (27.11.2024)",S05b_RS_USQ234_2024-11-27_AnnexII_fraud_CR_2018-2022.txt,Annexure-II pages 1-2 (state-wise CR/CCS/CON/PAR/PCS/PCV under fraud for cyber crimes 2018-2022); CR columns only; exact printed title paraphrased by tool,https://www.mha.gov.in/MHA1/Par2017/pdfs/par2024-pdfs/RS27112024/234.pdf,
S05,S05b,TOTAL (ALL INDIA),,total_all_india,all_india,2021,14007,14007,registered cases (CR),Cyber crimes - Fraud (sub-category; NOT total cyber crime),"NCRB 'Crime in India' via MHA reply, Rajya Sabha USQ 234 (27.11.2024)",S05b_RS_USQ234_2024-11-27_AnnexII_fraud_CR_2018-2022.txt,Annexure-II pages 1-2 (state-wise CR/CCS/CON/PAR/PCS/PCV under fraud for cyber crimes 2018-2022); CR columns only; exact printed title paraphrased by tool,https://www.mha.gov.in/MHA1/Par2017/pdfs/par2024-pdfs/RS27112024/234.pdf,
S05,S05b,TOTAL (ALL INDIA),,total_all_india,all_india,2022,17470,17470,registered cases (CR),Cyber crimes - Fraud (sub-category; NOT total cyber crime),"NCRB 'Crime in India' via MHA reply, Rajya Sabha USQ 234 (27.11.2024)",S05b_RS_USQ234_2024-11-27_AnnexII_fraud_CR_2018-2022.txt,Annexure-II pages 1-2 (state-wise CR/CCS/CON/PAR/PCS/PCV under fraud for cyber crimes 2018-2022); CR columns only; exact printed title paraphrased by tool,https://www.mha.gov.in/MHA1/Par2017/pdfs/par2024-pdfs/RS27112024/234.pdf,
S06,S06,Andhra Pradesh,1,state_ut,states,2020,1899,1899,registered cases (CR),"Total cyber crimes (IT Act + IPC + SLL, NCRB definition)","NCRB 'Crime in India' via MHA reply, Lok Sabha USQ 1432 (12.12.2023)",S06_LS_USQ1432_2023-12-12_AnnexI_2020-2022.txt,ANNEXURE-I 'STATE/UT-WISE CASES REGISTEREDUNDER CYBER CRIMES DURING 2020-2022' (header 'LSQ.NO. 1432 FOR 12.12.2023'),https://eparlib.nic.in/bitstream/123456789/2971041/1/AU1432.pdf,
S06,S06,Andhra Pradesh,1,state_ut,states,2021,1875,1875,registered cases (CR),"Total cyber crimes (IT Act + IPC + SLL, NCRB definition)","NCRB 'Crime in India' via MHA reply, Lok Sabha USQ 1432 (12.12.2023)",S06_LS_USQ1432_2023-12-12_AnnexI_2020-2022.txt,ANNEXURE-I 'STATE/UT-WISE CASES REGISTEREDUNDER CYBER CRIMES DURING 2020-2022' (header 'LSQ.NO. 1432 FOR 12.12.2023'),https://eparlib.nic.in/bitstream/123456789/2971041/1/AU1432.pdf,
S06,S06,Andhra Pradesh,1,state_ut,states,2022,2341,2341,registered cases (CR),"Total cyber crimes (IT Act + IPC + SLL, NCRB definition)","NCRB 'Crime in India' via MHA reply, Lok Sabha USQ 1432 (12.12.2023)",S06_LS_USQ1432_2023-12-12_AnnexI_2020-2022.txt,ANNEXURE-I 'STATE/UT-WISE CASES REGISTEREDUNDER CYBER CRIMES DURING 2020-2022' (header 'LSQ.NO. 1432 FOR 12.12.2023'),https://eparlib.nic.in/bitstream/123456789/2971041/1/AU1432.pdf,
S06,S06,Arunachal Pradesh,2,state_ut,states,2020,30,30,registered cases (CR),"Total cyber crimes (IT Act + IPC + SLL, NCRB definition)","NCRB 'Crime in India' via MHA reply, Lok Sabha USQ 1432 (12.12.2023)",S06_LS_USQ1432_2023-12-12_AnnexI_2020-2022.txt,ANNEXURE-I 'STATE/UT-WISE CASES REGISTEREDUNDER CYBER CRIMES DURING 2020-2022' (header 'LSQ.NO. 1432 FOR 12.12.2023'),https://eparlib.nic.in/bitstream/123456789/2971041/1/AU1432.pdf,
S06,S06,Arunachal Pradesh,2,state_ut,states,2021,47,47,registered cases (CR),"Total cyber crimes (IT Act + IPC + SLL, NCRB definition)","NCRB 'Crime in India' via MHA reply, Lok Sabha USQ 1432 (12.12.2023)",S06_LS_USQ1432_2023-12-12_AnnexI_2020-2022.txt,ANNEXURE-I 'STATE/UT-WISE CASES REGISTEREDUNDER CYBER CRIMES DURING 2020-2022' (header 'LSQ.NO. 1432 FOR 12.12.2023'),https://eparlib.nic.in/bitstream/123456789/2971041/1/AU1432.pdf,
S06,S06,Arunachal Pradesh,2,state_ut,states,2022,14,14,registered cases (CR),"Total cyber crimes (IT Act + IPC + SLL, NCRB definition)","NCRB 'Crime in India' via MHA reply, Lok Sabha USQ 1432 (12.12.2023)",S06_LS_USQ1432_2023-12-12_AnnexI_2020-2022.txt,ANNEXURE-I 'STATE/UT-WISE CASES REGISTEREDUNDER CYBER CRIMES DURING 2020-2022' (header 'LSQ.NO. 1432 FOR 12.12.2023'),https://eparlib.nic.in/bitstream/123456789/2971041/1/AU1432.pdf,
S06,S06,Assam,3,state_ut,states,2020,3530,3530,registered cases (CR),"Total cyber crimes (IT Act + IPC + SLL, NCRB definition)","NCRB 'Crime in India' via MHA reply, Lok Sabha USQ 1432 (12.12.2023)",S06_LS_USQ1432_2023-12-12_AnnexI_2020-2022.txt,ANNEXURE-I 'STATE/UT-WISE CASES REGISTEREDUNDER CYBER CRIMES DURING 2020-2022' (header 'LSQ.NO. 1432 FOR 12.12.2023'),https://eparlib.nic.in/bitstream/123456789/2971041/1/AU1432.pdf,
S06,S06,Assam,3,state_ut,states,2021,4846,4846,registered cases (CR),"Total cyber crimes (IT Act + IPC + SLL, NCRB definition)","NCRB 'Crime in India' via MHA reply, Lok Sabha USQ 1432 (12.12.2023)",S06_LS_USQ1432_2023-12-12_AnnexI_2020-2022.txt,ANNEXURE-I 'STATE/UT-WISE CASES REGISTEREDUNDER CYBER CRIMES DURING 2020-2022' (header 'LSQ.NO. 1432 FOR 12.12.2023'),https://eparlib.nic.in/bitstream/123456789/2971041/1/AU1432.pdf,
S06,S06,Assam,3,state_ut,states,2022,1733,1733,registered cases (CR),"Total cyber crimes (IT Act + IPC + SLL, NCRB definition)","NCRB 'Crime in India' via MHA reply, Lok Sabha USQ 1432 (12.12.2023)",S06_LS_USQ1432_2023-12-12_AnnexI_2020-2022.txt,ANNEXURE-I 'STATE/UT-WISE CASES REGISTEREDUNDER CYBER CRIMES DURING 2020-2022' (header 'LSQ.NO. 1432 FOR 12.12.2023'),https://eparlib.nic.in/bitstream/123456789/2971041/1/AU1432.pdf,
S06,S06,Bihar,4,state_ut,states,2020,1512,1512,registered cases (CR),"Total cyber crimes (IT Act + IPC + SLL, NCRB definition)","NCRB 'Crime in India' via MHA reply, Lok Sabha USQ 1432 (12.12.2023)",S06_LS_USQ1432_2023-12-12_AnnexI_2020-2022.txt,ANNEXURE-I 'STATE/UT-WISE CASES REGISTEREDUNDER CYBER CRIMES DURING 2020-2022' (header 'LSQ.NO. 1432 FOR 12.12.2023'),https://eparlib.nic.in/bitstream/123456789/2971041/1/AU1432.pdf,
S06,S06,Bihar,4,state_ut,states,2021,1413,1413,registered cases (CR),"Total cyber crimes (IT Act + IPC + SLL, NCRB definition)","NCRB 'Crime in India' via MHA reply, Lok Sabha USQ 1432 (12.12.2023)",S06_LS_USQ1432_2023-12-12_AnnexI_2020-2022.txt,ANNEXURE-I 'STATE/UT-WISE CASES REGISTEREDUNDER CYBER CRIMES DURING 2020-2022' (header 'LSQ.NO. 1432 FOR 12.12.2023'),https://eparlib.nic.in/bitstream/123456789/2971041/1/AU1432.pdf,
S06,S06,Bihar,4,state_ut,states,2022,1621,1621,registered cases (CR),"Total cyber crimes (IT Act + IPC + SLL, NCRB definition)","NCRB 'Crime in India' via MHA reply, Lok Sabha USQ 1432 (12.12.2023)",S06_LS_USQ1432_2023-12-12_AnnexI_2020-2022.txt,ANNEXURE-I 'STATE/UT-WISE CASES REGISTEREDUNDER CYBER CRIMES DURING 2020-2022' (header 'LSQ.NO. 1432 FOR 12.12.2023'),https://eparlib.nic.in/bitstream/123456789/2971041/1/AU1432.pdf,
S06,S06,Chhattisgarh,5,state_ut,states,2020,297,297,registered cases (CR),"Total cyber crimes (IT Act + IPC + SLL, NCRB definition)","NCRB 'Crime in India' via MHA reply, Lok Sabha USQ 1432 (12.12.2023)",S06_LS_USQ1432_2023-12-12_AnnexI_2020-2022.txt,ANNEXURE-I 'STATE/UT-WISE CASES REGISTEREDUNDER CYBER CRIMES DURING 2020-2022' (header 'LSQ.NO. 1432 FOR 12.12.2023'),https://eparlib.nic.in/bitstream/123456789/2971041/1/AU1432.pdf,
S06,S06,Chhattisgarh,5,state_ut,states,2021,352,352,registered cases (CR),"Total cyber crimes (IT Act + IPC + SLL, NCRB definition)","NCRB 'Crime in India' via MHA reply, Lok Sabha USQ 1432 (12.12.2023)",S06_LS_USQ1432_2023-12-12_AnnexI_2020-2022.txt,ANNEXURE-I 'STATE/UT-WISE CASES REGISTEREDUNDER CYBER CRIMES DURING 2020-2022' (header 'LSQ.NO. 1432 FOR 12.12.2023'),https://eparlib.nic.in/bitstream/123456789/2971041/1/AU1432.pdf,
S06,S06,Chhattisgarh,5,state_ut,states,2022,439,439,registered cases (CR),"Total cyber crimes (IT Act + IPC + SLL, NCRB definition)","NCRB 'Crime in India' via MHA reply, Lok Sabha USQ 1432 (12.12.2023)",S06_LS_USQ1432_2023-12-12_AnnexI_2020-2022.txt,ANNEXURE-I 'STATE/UT-WISE CASES REGISTEREDUNDER CYBER CRIMES DURING 2020-2022' (header 'LSQ.NO. 1432 FOR 12.12.2023'),https://eparlib.nic.in/bitstream/123456789/2971041/1/AU1432.pdf,
S06,S06,Goa,6,state_ut,states,2020,40,40,registered cases (CR),"Total cyber crimes (IT Act + IPC + SLL, NCRB definition)","NCRB 'Crime in India' via MHA reply, Lok Sabha USQ 1432 (12.12.2023)",S06_LS_USQ1432_2023-12-12_AnnexI_2020-2022.txt,ANNEXURE-I 'STATE/UT-WISE CASES REGISTEREDUNDER CYBER CRIMES DURING 2020-2022' (header 'LSQ.NO. 1432 FOR 12.12.2023'),https://eparlib.nic.in/bitstream/123456789/2971041/1/AU1432.pdf,
S06,S06,Goa,6,state_ut,states,2021,36,36,registered cases (CR),"Total cyber crimes (IT Act + IPC + SLL, NCRB definition)","NCRB 'Crime in India' via MHA reply, Lok Sabha USQ 1432 (12.12.2023)",S06_LS_USQ1432_2023-12-12_AnnexI_2020-2022.txt,ANNEXURE-I 'STATE/UT-WISE CASES REGISTEREDUNDER CYBER CRIMES DURING 2020-2022' (header 'LSQ.NO. 1432 FOR 12.12.2023'),https://eparlib.nic.in/bitstream/123456789/2971041/1/AU1432.pdf,
S06,S06,Goa,6,state_ut,states,2022,90,90,registered cases (CR),"Total cyber crimes (IT Act + IPC + SLL, NCRB definition)","NCRB 'Crime in India' via MHA reply, Lok Sabha USQ 1432 (12.12.2023)",S06_LS_USQ1432_2023-12-12_AnnexI_2020-2022.txt,ANNEXURE-I 'STATE/UT-WISE CASES REGISTEREDUNDER CYBER CRIMES DURING 2020-2022' (header 'LSQ.NO. 1432 FOR 12.12.2023'),https://eparlib.nic.in/bitstream/123456789/2971041/1/AU1432.pdf,
S06,S06,Gujarat,7,state_ut,states,2020,1283,1283,registered cases (CR),"Total cyber crimes (IT Act + IPC + SLL, NCRB definition)","NCRB 'Crime in India' via MHA reply, Lok Sabha USQ 1432 (12.12.2023)",S06_LS_USQ1432_2023-12-12_AnnexI_2020-2022.txt,ANNEXURE-I 'STATE/UT-WISE CASES REGISTEREDUNDER CYBER CRIMES DURING 2020-2022' (header 'LSQ.NO. 1432 FOR 12.12.2023'),https://eparlib.nic.in/bitstream/123456789/2971041/1/AU1432.pdf,
S06,S06,Gujarat,7,state_ut,states,2021,1536,1536,registered cases (CR),"Total cyber crimes (IT Act + IPC + SLL, NCRB definition)","NCRB 'Crime in India' via MHA reply, Lok Sabha USQ 1432 (12.12.2023)",S06_LS_USQ1432_2023-12-12_AnnexI_2020-2022.txt,ANNEXURE-I 'STATE/UT-WISE CASES REGISTEREDUNDER CYBER CRIMES DURING 2020-2022' (header 'LSQ.NO. 1432 FOR 12.12.2023'),https://eparlib.nic.in/bitstream/123456789/2971041/1/AU1432.pdf,
S06,S06,Gujarat,7,state_ut,states,2022,1417,1417,registered cases (CR),"Total cyber crimes (IT Act + IPC + SLL, NCRB definition)","NCRB 'Crime in India' via MHA reply, Lok Sabha USQ 1432 (12.12.2023)",S06_LS_USQ1432_2023-12-12_AnnexI_2020-2022.txt,ANNEXURE-I 'STATE/UT-WISE CASES REGISTEREDUNDER CYBER CRIMES DURING 2020-2022' (header 'LSQ.NO. 1432 FOR 12.12.2023'),https://eparlib.nic.in/bitstream/123456789/2971041/1/AU1432.pdf,
S06,S06,Haryana,8,state_ut,states,2020,656,656,registered cases (CR),"Total cyber crimes (IT Act + IPC + SLL, NCRB definition)","NCRB 'Crime in India' via MHA reply, Lok Sabha USQ 1432 (12.12.2023)",S06_LS_USQ1432_2023-12-12_AnnexI_2020-2022.txt,ANNEXURE-I 'STATE/UT-WISE CASES REGISTEREDUNDER CYBER CRIMES DURING 2020-2022' (header 'LSQ.NO. 1432 FOR 12.12.2023'),https://eparlib.nic.in/bitstream/123456789/2971041/1/AU1432.pdf,
S06,S06,Haryana,8,state_ut,states,2021,622,622,registered cases (CR),"Total cyber crimes (IT Act + IPC + SLL, NCRB definition)","NCRB 'Crime in India' via MHA reply, Lok Sabha USQ 1432 (12.12.2023)",S06_LS_USQ1432_2023-12-12_AnnexI_2020-2022.txt,ANNEXURE-I 'STATE/UT-WISE CASES REGISTEREDUNDER CYBER CRIMES DURING 2020-2022' (header 'LSQ.NO. 1432 FOR 12.12.2023'),https://eparlib.nic.in/bitstream/123456789/2971041/1/AU1432.pdf,
S06,S06,Haryana,8,state_ut,states,2022,681,681,registered cases (CR),"Total cyber crimes (IT Act + IPC + SLL, NCRB definition)","NCRB 'Crime in India' via MHA reply, Lok Sabha USQ 1432 (12.12.2023)",S06_LS_USQ1432_2023-12-12_AnnexI_2020-2022.txt,ANNEXURE-I 'STATE/UT-WISE CASES REGISTEREDUNDER CYBER CRIMES DURING 2020-2022' (header 'LSQ.NO. 1432 FOR 12.12.2023'),https://eparlib.nic.in/bitstream/123456789/2971041/1/AU1432.pdf,
S06,S06,Himachal Pradesh,9,state_ut,states,2020,98,98,registered cases (CR),"Total cyber crimes (IT Act + IPC + SLL, NCRB definition)","NCRB 'Crime in India' via MHA reply, Lok Sabha USQ 1432 (12.12.2023)",S06_LS_USQ1432_2023-12-12_AnnexI_2020-2022.txt,ANNEXURE-I 'STATE/UT-WISE CASES REGISTEREDUNDER CYBER CRIMES DURING 2020-2022' (header 'LSQ.NO. 1432 FOR 12.12.2023'),https://eparlib.nic.in/bitstream/123456789/2971041/1/AU1432.pdf,
S06,S06,Himachal Pradesh,9,state_ut,states,2021,70,70,registered cases (CR),"Total cyber crimes (IT Act + IPC + SLL, NCRB definition)","NCRB 'Crime in India' via MHA reply, Lok Sabha USQ 1432 (12.12.2023)",S06_LS_USQ1432_2023-12-12_AnnexI_2020-2022.txt,ANNEXURE-I 'STATE/UT-WISE CASES REGISTEREDUNDER CYBER CRIMES DURING 2020-2022' (header 'LSQ.NO. 1432 FOR 12.12.2023'),https://eparlib.nic.in/bitstream/123456789/2971041/1/AU1432.pdf,
S06,S06,Himachal Pradesh,9,state_ut,states,2022,77,77,registered cases (CR),"Total cyber crimes (IT Act + IPC + SLL, NCRB definition)","NCRB 'Crime in India' via MHA reply, Lok Sabha USQ 1432 (12.12.2023)",S06_LS_USQ1432_2023-12-12_AnnexI_2020-2022.txt,ANNEXURE-I 'STATE/UT-WISE CASES REGISTEREDUNDER CYBER CRIMES DURING 2020-2022' (header 'LSQ.NO. 1432 FOR 12.12.2023'),https://eparlib.nic.in/bitstream/123456789/2971041/1/AU1432.pdf,
S06,S06,Jharkhand,10,state_ut,states,2020,1204,1204,registered cases (CR),"Total cyber crimes (IT Act + IPC + SLL, NCRB definition)","NCRB 'Crime in India' via MHA reply, Lok Sabha USQ 1432 (12.12.2023)",S06_LS_USQ1432_2023-12-12_AnnexI_2020-2022.txt,ANNEXURE-I 'STATE/UT-WISE CASES REGISTEREDUNDER CYBER CRIMES DURING 2020-2022' (header 'LSQ.NO. 1432 FOR 12.12.2023'),https://eparlib.nic.in/bitstream/123456789/2971041/1/AU1432.pdf,
S06,S06,Jharkhand,10,state_ut,states,2021,953,953,registered cases (CR),"Total cyber crimes (IT Act + IPC + SLL, NCRB definition)","NCRB 'Crime in India' via MHA reply, Lok Sabha USQ 1432 (12.12.2023)",S06_LS_USQ1432_2023-12-12_AnnexI_2020-2022.txt,ANNEXURE-I 'STATE/UT-WISE CASES REGISTEREDUNDER CYBER CRIMES DURING 2020-2022' (header 'LSQ.NO. 1432 FOR 12.12.2023'),https://eparlib.nic.in/bitstream/123456789/2971041/1/AU1432.pdf,
S06,S06,Jharkhand,10,state_ut,states,2022,967,967,registered cases (CR),"Total cyber crimes (IT Act + IPC + SLL, NCRB definition)","NCRB 'Crime in India' via MHA reply, Lok Sabha USQ 1432 (12.12.2023)",S06_LS_USQ1432_2023-12-12_AnnexI_2020-2022.txt,ANNEXURE-I 'STATE/UT-WISE CASES REGISTEREDUNDER CYBER CRIMES DURING 2020-2022' (header 'LSQ.NO. 1432 FOR 12.12.2023'),https://eparlib.nic.in/bitstream/123456789/2971041/1/AU1432.pdf,
S06,S06,Karnataka,11,state_ut,states,2020,10741,10741,registered cases (CR),"Total cyber crimes (IT Act + IPC + SLL, NCRB definition)","NCRB 'Crime in India' via MHA reply, Lok Sabha USQ 1432 (12.12.2023)",S06_LS_USQ1432_2023-12-12_AnnexI_2020-2022.txt,ANNEXURE-I 'STATE/UT-WISE CASES REGISTEREDUNDER CYBER CRIMES DURING 2020-2022' (header 'LSQ.NO. 1432 FOR 12.12.2023'),https://eparlib.nic.in/bitstream/123456789/2971041/1/AU1432.pdf,
S06,S06,Karnataka,11,state_ut,states,2021,8136,8136,registered cases (CR),"Total cyber crimes (IT Act + IPC + SLL, NCRB definition)","NCRB 'Crime in India' via MHA reply, Lok Sabha USQ 1432 (12.12.2023)",S06_LS_USQ1432_2023-12-12_AnnexI_2020-2022.txt,ANNEXURE-I 'STATE/UT-WISE CASES REGISTEREDUNDER CYBER CRIMES DURING 2020-2022' (header 'LSQ.NO. 1432 FOR 12.12.2023'),https://eparlib.nic.in/bitstream/123456789/2971041/1/AU1432.pdf,
S06,S06,Karnataka,11,state_ut,states,2022,12556,12556,registered cases (CR),"Total cyber crimes (IT Act + IPC + SLL, NCRB definition)","NCRB 'Crime in India' via MHA reply, Lok Sabha USQ 1432 (12.12.2023)",S06_LS_USQ1432_2023-12-12_AnnexI_2020-2022.txt,ANNEXURE-I 'STATE/UT-WISE CASES REGISTEREDUNDER CYBER CRIMES DURING 2020-2022' (header 'LSQ.NO. 1432 FOR 12.12.2023'),https://eparlib.nic.in/bitstream/123456789/2971041/1/AU1432.pdf,
S06,S06,Kerala,12,state_ut,states,2020,426,426,registered cases (CR),"Total cyber crimes (IT Act + IPC + SLL, NCRB definition)","NCRB 'Crime in India' via MHA reply, Lok Sabha USQ 1432 (12.12.2023)",S06_LS_USQ1432_2023-12-12_AnnexI_2020-2022.txt,ANNEXURE-I 'STATE/UT-WISE CASES REGISTEREDUNDER CYBER CRIMES DURING 2020-2022' (header 'LSQ.NO. 1432 FOR 12.12.2023'),https://eparlib.nic.in/bitstream/123456789/2971041/1/AU1432.pdf,
S06,S06,Kerala,12,state_ut,states,2021,626,626,registered cases (CR),"Total cyber crimes (IT Act + IPC + SLL, NCRB definition)","NCRB 'Crime in India' via MHA reply, Lok Sabha USQ 1432 (12.12.2023)",S06_LS_USQ1432_2023-12-12_AnnexI_2020-2022.txt,ANNEXURE-I 'STATE/UT-WISE CASES REGISTEREDUNDER CYBER CRIMES DURING 2020-2022' (header 'LSQ.NO. 1432 FOR 12.12.2023'),https://eparlib.nic.in/bitstream/123456789/2971041/1/AU1432.pdf,
S06,S06,Kerala,12,state_ut,states,2022,773,773,registered cases (CR),"Total cyber crimes (IT Act + IPC + SLL, NCRB definition)","NCRB 'Crime in India' via MHA reply, Lok Sabha USQ 1432 (12.12.2023)",S06_LS_USQ1432_2023-12-12_AnnexI_2020-2022.txt,ANNEXURE-I 'STATE/UT-WISE CASES REGISTEREDUNDER CYBER CRIMES DURING 2020-2022' (header 'LSQ.NO. 1432 FOR 12.12.2023'),https://eparlib.nic.in/bitstream/123456789/2971041/1/AU1432.pdf,
S06,S06,Madhya Pradesh,13,state_ut,states,2020,699,699,registered cases (CR),"Total cyber crimes (IT Act + IPC + SLL, NCRB definition)","NCRB 'Crime in India' via MHA reply, Lok Sabha USQ 1432 (12.12.2023)",S06_LS_USQ1432_2023-12-12_AnnexI_2020-2022.txt,ANNEXURE-I 'STATE/UT-WISE CASES REGISTEREDUNDER CYBER CRIMES DURING 2020-2022' (header 'LSQ.NO. 1432 FOR 12.12.2023'),https://eparlib.nic.in/bitstream/123456789/2971041/1/AU1432.pdf,
S06,S06,Madhya Pradesh,13,state_ut,states,2021,589,589,registered cases (CR),"Total cyber crimes (IT Act + IPC + SLL, NCRB definition)","NCRB 'Crime in India' via MHA reply, Lok Sabha USQ 1432 (12.12.2023)",S06_LS_USQ1432_2023-12-12_AnnexI_2020-2022.txt,ANNEXURE-I 'STATE/UT-WISE CASES REGISTEREDUNDER CYBER CRIMES DURING 2020-2022' (header 'LSQ.NO. 1432 FOR 12.12.2023'),https://eparlib.nic.in/bitstream/123456789/2971041/1/AU1432.pdf,
S06,S06,Madhya Pradesh,13,state_ut,states,2022,826,826,registered cases (CR),"Total cyber crimes (IT Act + IPC + SLL, NCRB definition)","NCRB 'Crime in India' via MHA reply, Lok Sabha USQ 1432 (12.12.2023)",S06_LS_USQ1432_2023-12-12_AnnexI_2020-2022.txt,ANNEXURE-I 'STATE/UT-WISE CASES REGISTEREDUNDER CYBER CRIMES DURING 2020-2022' (header 'LSQ.NO. 1432 FOR 12.12.2023'),https://eparlib.nic.in/bitstream/123456789/2971041/1/AU1432.pdf,
S06,S06,Maharashtra,14,state_ut,states,2020,5496,5496,registered cases (CR),"Total cyber crimes (IT Act + IPC + SLL, NCRB definition)","NCRB 'Crime in India' via MHA reply, Lok Sabha USQ 1432 (12.12.2023)",S06_LS_USQ1432_2023-12-12_AnnexI_2020-2022.txt,ANNEXURE-I 'STATE/UT-WISE CASES REGISTEREDUNDER CYBER CRIMES DURING 2020-2022' (header 'LSQ.NO. 1432 FOR 12.12.2023'),https://eparlib.nic.in/bitstream/123456789/2971041/1/AU1432.pdf,
S06,S06,Maharashtra,14,state_ut,states,2021,5562,5562,registered cases (CR),"Total cyber crimes (IT Act + IPC + SLL, NCRB definition)","NCRB 'Crime in India' via MHA reply, Lok Sabha USQ 1432 (12.12.2023)",S06_LS_USQ1432_2023-12-12_AnnexI_2020-2022.txt,ANNEXURE-I 'STATE/UT-WISE CASES REGISTEREDUNDER CYBER CRIMES DURING 2020-2022' (header 'LSQ.NO. 1432 FOR 12.12.2023'),https://eparlib.nic.in/bitstream/123456789/2971041/1/AU1432.pdf,
S06,S06,Maharashtra,14,state_ut,states,2022,8249,8249,registered cases (CR),"Total cyber crimes (IT Act + IPC + SLL, NCRB definition)","NCRB 'Crime in India' via MHA reply, Lok Sabha USQ 1432 (12.12.2023)",S06_LS_USQ1432_2023-12-12_AnnexI_2020-2022.txt,ANNEXURE-I 'STATE/UT-WISE CASES REGISTEREDUNDER CYBER CRIMES DURING 2020-2022' (header 'LSQ.NO. 1432 FOR 12.12.2023'),https://eparlib.nic.in/bitstream/123456789/2971041/1/AU1432.pdf,
S06,S06,Manipur,15,state_ut,states,2020,79,79,registered cases (CR),"Total cyber crimes (IT Act + IPC + SLL, NCRB definition)","NCRB 'Crime in India' via MHA reply, Lok Sabha USQ 1432 (12.12.2023)",S06_LS_USQ1432_2023-12-12_AnnexI_2020-2022.txt,ANNEXURE-I 'STATE/UT-WISE CASES REGISTEREDUNDER CYBER CRIMES DURING 2020-2022' (header 'LSQ.NO. 1432 FOR 12.12.2023'),https://eparlib.nic.in/bitstream/123456789/2971041/1/AU1432.pdf,
S06,S06,Manipur,15,state_ut,states,2021,67,67,registered cases (CR),"Total cyber crimes (IT Act + IPC + SLL, NCRB definition)","NCRB 'Crime in India' via MHA reply, Lok Sabha USQ 1432 (12.12.2023)",S06_LS_USQ1432_2023-12-12_AnnexI_2020-2022.txt,ANNEXURE-I 'STATE/UT-WISE CASES REGISTEREDUNDER CYBER CRIMES DURING 2020-2022' (header 'LSQ.NO. 1432 FOR 12.12.2023'),https://eparlib.nic.in/bitstream/123456789/2971041/1/AU1432.pdf,
S06,S06,Manipur,15,state_ut,states,2022,18,18,registered cases (CR),"Total cyber crimes (IT Act + IPC + SLL, NCRB definition)","NCRB 'Crime in India' via MHA reply, Lok Sabha USQ 1432 (12.12.2023)",S06_LS_USQ1432_2023-12-12_AnnexI_2020-2022.txt,ANNEXURE-I 'STATE/UT-WISE CASES REGISTEREDUNDER CYBER CRIMES DURING 2020-2022' (header 'LSQ.NO. 1432 FOR 12.12.2023'),https://eparlib.nic.in/bitstream/123456789/2971041/1/AU1432.pdf,
S06,S06,Meghalaya,16,state_ut,states,2020,142,142,registered cases (CR),"Total cyber crimes (IT Act + IPC + SLL, NCRB definition)","NCRB 'Crime in India' via MHA reply, Lok Sabha USQ 1432 (12.12.2023)",S06_LS_USQ1432_2023-12-12_AnnexI_2020-2022.txt,ANNEXURE-I 'STATE/UT-WISE CASES REGISTEREDUNDER CYBER CRIMES DURING 2020-2022' (header 'LSQ.NO. 1432 FOR 12.12.2023'),https://eparlib.nic.in/bitstream/123456789/2971041/1/AU1432.pdf,
S06,S06,Meghalaya,16,state_ut,states,2021,107,107,registered cases (CR),"Total cyber crimes (IT Act + IPC + SLL, NCRB definition)","NCRB 'Crime in India' via MHA reply, Lok Sabha USQ 1432 (12.12.2023)",S06_LS_USQ1432_2023-12-12_AnnexI_2020-2022.txt,ANNEXURE-I 'STATE/UT-WISE CASES REGISTEREDUNDER CYBER CRIMES DURING 2020-2022' (header 'LSQ.NO. 1432 FOR 12.12.2023'),https://eparlib.nic.in/bitstream/123456789/2971041/1/AU1432.pdf,
S06,S06,Meghalaya,16,state_ut,states,2022,75,75,registered cases (CR),"Total cyber crimes (IT Act + IPC + SLL, NCRB definition)","NCRB 'Crime in India' via MHA reply, Lok Sabha USQ 1432 (12.12.2023)",S06_LS_USQ1432_2023-12-12_AnnexI_2020-2022.txt,ANNEXURE-I 'STATE/UT-WISE CASES REGISTEREDUNDER CYBER CRIMES DURING 2020-2022' (header 'LSQ.NO. 1432 FOR 12.12.2023'),https://eparlib.nic.in/bitstream/123456789/2971041/1/AU1432.pdf,
S06,S06,Mizoram,17,state_ut,states,2020,13,13,registered cases (CR),"Total cyber crimes (IT Act + IPC + SLL, NCRB definition)","NCRB 'Crime in India' via MHA reply, Lok Sabha USQ 1432 (12.12.2023)",S06_LS_USQ1432_2023-12-12_AnnexI_2020-2022.txt,ANNEXURE-I 'STATE/UT-WISE CASES REGISTEREDUNDER CYBER CRIMES DURING 2020-2022' (header 'LSQ.NO. 1432 FOR 12.12.2023'),https://eparlib.nic.in/bitstream/123456789/2971041/1/AU1432.pdf,
S06,S06,Mizoram,17,state_ut,states,2021,30,30,registered cases (CR),"Total cyber crimes (IT Act + IPC + SLL, NCRB definition)","NCRB 'Crime in India' via MHA reply, Lok Sabha USQ 1432 (12.12.2023)",S06_LS_USQ1432_2023-12-12_AnnexI_2020-2022.txt,ANNEXURE-I 'STATE/UT-WISE CASES REGISTEREDUNDER CYBER CRIMES DURING 2020-2022' (header 'LSQ.NO. 1432 FOR 12.12.2023'),https://eparlib.nic.in/bitstream/123456789/2971041/1/AU1432.pdf,
S06,S06,Mizoram,17,state_ut,states,2022,1,1,registered cases (CR),"Total cyber crimes (IT Act + IPC + SLL, NCRB definition)","NCRB 'Crime in India' via MHA reply, Lok Sabha USQ 1432 (12.12.2023)",S06_LS_USQ1432_2023-12-12_AnnexI_2020-2022.txt,ANNEXURE-I 'STATE/UT-WISE CASES REGISTEREDUNDER CYBER CRIMES DURING 2020-2022' (header 'LSQ.NO. 1432 FOR 12.12.2023'),https://eparlib.nic.in/bitstream/123456789/2971041/1/AU1432.pdf,
S06,S06,Nagaland #,18,state_ut,states,2020,8,8,registered cases (CR),"Total cyber crimes (IT Act + IPC + SLL, NCRB definition)","NCRB 'Crime in India' via MHA reply, Lok Sabha USQ 1432 (12.12.2023)",S06_LS_USQ1432_2023-12-12_AnnexI_2020-2022.txt,ANNEXURE-I 'STATE/UT-WISE CASES REGISTEREDUNDER CYBER CRIMES DURING 2020-2022' (header 'LSQ.NO. 1432 FOR 12.12.2023'),https://eparlib.nic.in/bitstream/123456789/2971041/1/AU1432.pdf,
S06,S06,Nagaland #,18,state_ut,states,2021,8,8,registered cases (CR),"Total cyber crimes (IT Act + IPC + SLL, NCRB definition)","NCRB 'Crime in India' via MHA reply, Lok Sabha USQ 1432 (12.12.2023)",S06_LS_USQ1432_2023-12-12_AnnexI_2020-2022.txt,ANNEXURE-I 'STATE/UT-WISE CASES REGISTEREDUNDER CYBER CRIMES DURING 2020-2022' (header 'LSQ.NO. 1432 FOR 12.12.2023'),https://eparlib.nic.in/bitstream/123456789/2971041/1/AU1432.pdf,
S06,S06,Nagaland #,18,state_ut,states,2022,4,4,registered cases (CR),"Total cyber crimes (IT Act + IPC + SLL, NCRB definition)","NCRB 'Crime in India' via MHA reply, Lok Sabha USQ 1432 (12.12.2023)",S06_LS_USQ1432_2023-12-12_AnnexI_2020-2022.txt,ANNEXURE-I 'STATE/UT-WISE CASES REGISTEREDUNDER CYBER CRIMES DURING 2020-2022' (header 'LSQ.NO. 1432 FOR 12.12.2023'),https://eparlib.nic.in/bitstream/123456789/2971041/1/AU1432.pdf,'#' = clarifications pending from Nagaland for the year 2022 (per source footnote)
S06,S06,Odisha,19,state_ut,states,2020,1931,1931,registered cases (CR),"Total cyber crimes (IT Act + IPC + SLL, NCRB definition)","NCRB 'Crime in India' via MHA reply, Lok Sabha USQ 1432 (12.12.2023)",S06_LS_USQ1432_2023-12-12_AnnexI_2020-2022.txt,ANNEXURE-I 'STATE/UT-WISE CASES REGISTEREDUNDER CYBER CRIMES DURING 2020-2022' (header 'LSQ.NO. 1432 FOR 12.12.2023'),https://eparlib.nic.in/bitstream/123456789/2971041/1/AU1432.pdf,
S06,S06,Odisha,19,state_ut,states,2021,2037,2037,registered cases (CR),"Total cyber crimes (IT Act + IPC + SLL, NCRB definition)","NCRB 'Crime in India' via MHA reply, Lok Sabha USQ 1432 (12.12.2023)",S06_LS_USQ1432_2023-12-12_AnnexI_2020-2022.txt,ANNEXURE-I 'STATE/UT-WISE CASES REGISTEREDUNDER CYBER CRIMES DURING 2020-2022' (header 'LSQ.NO. 1432 FOR 12.12.2023'),https://eparlib.nic.in/bitstream/123456789/2971041/1/AU1432.pdf,
S06,S06,Odisha,19,state_ut,states,2022,1983,1983,registered cases (CR),"Total cyber crimes (IT Act + IPC + SLL, NCRB definition)","NCRB 'Crime in India' via MHA reply, Lok Sabha USQ 1432 (12.12.2023)",S06_LS_USQ1432_2023-12-12_AnnexI_2020-2022.txt,ANNEXURE-I 'STATE/UT-WISE CASES REGISTEREDUNDER CYBER CRIMES DURING 2020-2022' (header 'LSQ.NO. 1432 FOR 12.12.2023'),https://eparlib.nic.in/bitstream/123456789/2971041/1/AU1432.pdf,
S06,S06,Punjab,20,state_ut,states,2020,378,378,registered cases (CR),"Total cyber crimes (IT Act + IPC + SLL, NCRB definition)","NCRB 'Crime in India' via MHA reply, Lok Sabha USQ 1432 (12.12.2023)",S06_LS_USQ1432_2023-12-12_AnnexI_2020-2022.txt,ANNEXURE-I 'STATE/UT-WISE CASES REGISTEREDUNDER CYBER CRIMES DURING 2020-2022' (header 'LSQ.NO. 1432 FOR 12.12.2023'),https://eparlib.nic.in/bitstream/123456789/2971041/1/AU1432.pdf,
S06,S06,Punjab,20,state_ut,states,2021,551,551,registered cases (CR),"Total cyber crimes (IT Act + IPC + SLL, NCRB definition)","NCRB 'Crime in India' via MHA reply, Lok Sabha USQ 1432 (12.12.2023)",S06_LS_USQ1432_2023-12-12_AnnexI_2020-2022.txt,ANNEXURE-I 'STATE/UT-WISE CASES REGISTEREDUNDER CYBER CRIMES DURING 2020-2022' (header 'LSQ.NO. 1432 FOR 12.12.2023'),https://eparlib.nic.in/bitstream/123456789/2971041/1/AU1432.pdf,
S06,S06,Punjab,20,state_ut,states,2022,697,697,registered cases (CR),"Total cyber crimes (IT Act + IPC + SLL, NCRB definition)","NCRB 'Crime in India' via MHA reply, Lok Sabha USQ 1432 (12.12.2023)",S06_LS_USQ1432_2023-12-12_AnnexI_2020-2022.txt,ANNEXURE-I 'STATE/UT-WISE CASES REGISTEREDUNDER CYBER CRIMES DURING 2020-2022' (header 'LSQ.NO. 1432 FOR 12.12.2023'),https://eparlib.nic.in/bitstream/123456789/2971041/1/AU1432.pdf,
S06,S06,Rajasthan,21,state_ut,states,2020,1354,1354,registered cases (CR),"Total cyber crimes (IT Act + IPC + SLL, NCRB definition)","NCRB 'Crime in India' via MHA reply, Lok Sabha USQ 1432 (12.12.2023)",S06_LS_USQ1432_2023-12-12_AnnexI_2020-2022.txt,ANNEXURE-I 'STATE/UT-WISE CASES REGISTEREDUNDER CYBER CRIMES DURING 2020-2022' (header 'LSQ.NO. 1432 FOR 12.12.2023'),https://eparlib.nic.in/bitstream/123456789/2971041/1/AU1432.pdf,
S06,S06,Rajasthan,21,state_ut,states,2021,1504,1504,registered cases (CR),"Total cyber crimes (IT Act + IPC + SLL, NCRB definition)","NCRB 'Crime in India' via MHA reply, Lok Sabha USQ 1432 (12.12.2023)",S06_LS_USQ1432_2023-12-12_AnnexI_2020-2022.txt,ANNEXURE-I 'STATE/UT-WISE CASES REGISTEREDUNDER CYBER CRIMES DURING 2020-2022' (header 'LSQ.NO. 1432 FOR 12.12.2023'),https://eparlib.nic.in/bitstream/123456789/2971041/1/AU1432.pdf,
S06,S06,Rajasthan,21,state_ut,states,2022,1833,1833,registered cases (CR),"Total cyber crimes (IT Act + IPC + SLL, NCRB definition)","NCRB 'Crime in India' via MHA reply, Lok Sabha USQ 1432 (12.12.2023)",S06_LS_USQ1432_2023-12-12_AnnexI_2020-2022.txt,ANNEXURE-I 'STATE/UT-WISE CASES REGISTEREDUNDER CYBER CRIMES DURING 2020-2022' (header 'LSQ.NO. 1432 FOR 12.12.2023'),https://eparlib.nic.in/bitstream/123456789/2971041/1/AU1432.pdf,
S06,S06,Sikkim,22,state_ut,states,2020,0,0,registered cases (CR),"Total cyber crimes (IT Act + IPC + SLL, NCRB definition)","NCRB 'Crime in India' via MHA reply, Lok Sabha USQ 1432 (12.12.2023)",S06_LS_USQ1432_2023-12-12_AnnexI_2020-2022.txt,ANNEXURE-I 'STATE/UT-WISE CASES REGISTEREDUNDER CYBER CRIMES DURING 2020-2022' (header 'LSQ.NO. 1432 FOR 12.12.2023'),https://eparlib.nic.in/bitstream/123456789/2971041/1/AU1432.pdf,
S06,S06,Sikkim,22,state_ut,states,2021,0,0,registered cases (CR),"Total cyber crimes (IT Act + IPC + SLL, NCRB definition)","NCRB 'Crime in India' via MHA reply, Lok Sabha USQ 1432 (12.12.2023)",S06_LS_USQ1432_2023-12-12_AnnexI_2020-2022.txt,ANNEXURE-I 'STATE/UT-WISE CASES REGISTEREDUNDER CYBER CRIMES DURING 2020-2022' (header 'LSQ.NO. 1432 FOR 12.12.2023'),https://eparlib.nic.in/bitstream/123456789/2971041/1/AU1432.pdf,
S06,S06,Sikkim,22,state_ut,states,2022,26,26,registered cases (CR),"Total cyber crimes (IT Act + IPC + SLL, NCRB definition)","NCRB 'Crime in India' via MHA reply, Lok Sabha USQ 1432 (12.12.2023)",S06_LS_USQ1432_2023-12-12_AnnexI_2020-2022.txt,ANNEXURE-I 'STATE/UT-WISE CASES REGISTEREDUNDER CYBER CRIMES DURING 2020-2022' (header 'LSQ.NO. 1432 FOR 12.12.2023'),https://eparlib.nic.in/bitstream/123456789/2971041/1/AU1432.pdf,
S06,S06,Tamil Nadu,23,state_ut,states,2020,782,782,registered cases (CR),"Total cyber crimes (IT Act + IPC + SLL, NCRB definition)","NCRB 'Crime in India' via MHA reply, Lok Sabha USQ 1432 (12.12.2023)",S06_LS_USQ1432_2023-12-12_AnnexI_2020-2022.txt,ANNEXURE-I 'STATE/UT-WISE CASES REGISTEREDUNDER CYBER CRIMES DURING 2020-2022' (header 'LSQ.NO. 1432 FOR 12.12.2023'),https://eparlib.nic.in/bitstream/123456789/2971041/1/AU1432.pdf,
S06,S06,Tamil Nadu,23,state_ut,states,2021,1076,1076,registered cases (CR),"Total cyber crimes (IT Act + IPC + SLL, NCRB definition)","NCRB 'Crime in India' via MHA reply, Lok Sabha USQ 1432 (12.12.2023)",S06_LS_USQ1432_2023-12-12_AnnexI_2020-2022.txt,ANNEXURE-I 'STATE/UT-WISE CASES REGISTEREDUNDER CYBER CRIMES DURING 2020-2022' (header 'LSQ.NO. 1432 FOR 12.12.2023'),https://eparlib.nic.in/bitstream/123456789/2971041/1/AU1432.pdf,
S06,S06,Tamil Nadu,23,state_ut,states,2022,2082,2082,registered cases (CR),"Total cyber crimes (IT Act + IPC + SLL, NCRB definition)","NCRB 'Crime in India' via MHA reply, Lok Sabha USQ 1432 (12.12.2023)",S06_LS_USQ1432_2023-12-12_AnnexI_2020-2022.txt,ANNEXURE-I 'STATE/UT-WISE CASES REGISTEREDUNDER CYBER CRIMES DURING 2020-2022' (header 'LSQ.NO. 1432 FOR 12.12.2023'),https://eparlib.nic.in/bitstream/123456789/2971041/1/AU1432.pdf,
S06,S06,Telangana,24,state_ut,states,2020,5024,5024,registered cases (CR),"Total cyber crimes (IT Act + IPC + SLL, NCRB definition)","NCRB 'Crime in India' via MHA reply, Lok Sabha USQ 1432 (12.12.2023)",S06_LS_USQ1432_2023-12-12_AnnexI_2020-2022.txt,ANNEXURE-I 'STATE/UT-WISE CASES REGISTEREDUNDER CYBER CRIMES DURING 2020-2022' (header 'LSQ.NO. 1432 FOR 12.12.2023'),https://eparlib.nic.in/bitstream/123456789/2971041/1/AU1432.pdf,
S06,S06,Telangana,24,state_ut,states,2021,10303,10303,registered cases (CR),"Total cyber crimes (IT Act + IPC + SLL, NCRB definition)","NCRB 'Crime in India' via MHA reply, Lok Sabha USQ 1432 (12.12.2023)",S06_LS_USQ1432_2023-12-12_AnnexI_2020-2022.txt,ANNEXURE-I 'STATE/UT-WISE CASES REGISTEREDUNDER CYBER CRIMES DURING 2020-2022' (header 'LSQ.NO. 1432 FOR 12.12.2023'),https://eparlib.nic.in/bitstream/123456789/2971041/1/AU1432.pdf,
S06,S06,Telangana,24,state_ut,states,2022,15297,15297,registered cases (CR),"Total cyber crimes (IT Act + IPC + SLL, NCRB definition)","NCRB 'Crime in India' via MHA reply, Lok Sabha USQ 1432 (12.12.2023)",S06_LS_USQ1432_2023-12-12_AnnexI_2020-2022.txt,ANNEXURE-I 'STATE/UT-WISE CASES REGISTEREDUNDER CYBER CRIMES DURING 2020-2022' (header 'LSQ.NO. 1432 FOR 12.12.2023'),https://eparlib.nic.in/bitstream/123456789/2971041/1/AU1432.pdf,
S06,S06,Tripura,25,state_ut,states,2020,34,34,registered cases (CR),"Total cyber crimes (IT Act + IPC + SLL, NCRB definition)","NCRB 'Crime in India' via MHA reply, Lok Sabha USQ 1432 (12.12.2023)",S06_LS_USQ1432_2023-12-12_AnnexI_2020-2022.txt,ANNEXURE-I 'STATE/UT-WISE CASES REGISTEREDUNDER CYBER CRIMES DURING 2020-2022' (header 'LSQ.NO. 1432 FOR 12.12.2023'),https://eparlib.nic.in/bitstream/123456789/2971041/1/AU1432.pdf,
S06,S06,Tripura,25,state_ut,states,2021,24,24,registered cases (CR),"Total cyber crimes (IT Act + IPC + SLL, NCRB definition)","NCRB 'Crime in India' via MHA reply, Lok Sabha USQ 1432 (12.12.2023)",S06_LS_USQ1432_2023-12-12_AnnexI_2020-2022.txt,ANNEXURE-I 'STATE/UT-WISE CASES REGISTEREDUNDER CYBER CRIMES DURING 2020-2022' (header 'LSQ.NO. 1432 FOR 12.12.2023'),https://eparlib.nic.in/bitstream/123456789/2971041/1/AU1432.pdf,
S06,S06,Tripura,25,state_ut,states,2022,30,30,registered cases (CR),"Total cyber crimes (IT Act + IPC + SLL, NCRB definition)","NCRB 'Crime in India' via MHA reply, Lok Sabha USQ 1432 (12.12.2023)",S06_LS_USQ1432_2023-12-12_AnnexI_2020-2022.txt,ANNEXURE-I 'STATE/UT-WISE CASES REGISTEREDUNDER CYBER CRIMES DURING 2020-2022' (header 'LSQ.NO. 1432 FOR 12.12.2023'),https://eparlib.nic.in/bitstream/123456789/2971041/1/AU1432.pdf,
S06,S06,Uttar Pradesh,26,state_ut,states,2020,11097,11097,registered cases (CR),"Total cyber crimes (IT Act + IPC + SLL, NCRB definition)","NCRB 'Crime in India' via MHA reply, Lok Sabha USQ 1432 (12.12.2023)",S06_LS_USQ1432_2023-12-12_AnnexI_2020-2022.txt,ANNEXURE-I 'STATE/UT-WISE CASES REGISTEREDUNDER CYBER CRIMES DURING 2020-2022' (header 'LSQ.NO. 1432 FOR 12.12.2023'),https://eparlib.nic.in/bitstream/123456789/2971041/1/AU1432.pdf,
S06,S06,Uttar Pradesh,26,state_ut,states,2021,8829,8829,registered cases (CR),"Total cyber crimes (IT Act + IPC + SLL, NCRB definition)","NCRB 'Crime in India' via MHA reply, Lok Sabha USQ 1432 (12.12.2023)",S06_LS_USQ1432_2023-12-12_AnnexI_2020-2022.txt,ANNEXURE-I 'STATE/UT-WISE CASES REGISTEREDUNDER CYBER CRIMES DURING 2020-2022' (header 'LSQ.NO. 1432 FOR 12.12.2023'),https://eparlib.nic.in/bitstream/123456789/2971041/1/AU1432.pdf,
S06,S06,Uttar Pradesh,26,state_ut,states,2022,10117,10117,registered cases (CR),"Total cyber crimes (IT Act + IPC + SLL, NCRB definition)","NCRB 'Crime in India' via MHA reply, Lok Sabha USQ 1432 (12.12.2023)",S06_LS_USQ1432_2023-12-12_AnnexI_2020-2022.txt,ANNEXURE-I 'STATE/UT-WISE CASES REGISTEREDUNDER CYBER CRIMES DURING 2020-2022' (header 'LSQ.NO. 1432 FOR 12.12.2023'),https://eparlib.nic.in/bitstream/123456789/2971041/1/AU1432.pdf,
S06,S06,Uttarakhand,27,state_ut,states,2020,243,243,registered cases (CR),"Total cyber crimes (IT Act + IPC + SLL, NCRB definition)","NCRB 'Crime in India' via MHA reply, Lok Sabha USQ 1432 (12.12.2023)",S06_LS_USQ1432_2023-12-12_AnnexI_2020-2022.txt,ANNEXURE-I 'STATE/UT-WISE CASES REGISTEREDUNDER CYBER CRIMES DURING 2020-2022' (header 'LSQ.NO. 1432 FOR 12.12.2023'),https://eparlib.nic.in/bitstream/123456789/2971041/1/AU1432.pdf,
S06,S06,Uttarakhand,27,state_ut,states,2021,718,718,registered cases (CR),"Total cyber crimes (IT Act + IPC + SLL, NCRB definition)","NCRB 'Crime in India' via MHA reply, Lok Sabha USQ 1432 (12.12.2023)",S06_LS_USQ1432_2023-12-12_AnnexI_2020-2022.txt,ANNEXURE-I 'STATE/UT-WISE CASES REGISTEREDUNDER CYBER CRIMES DURING 2020-2022' (header 'LSQ.NO. 1432 FOR 12.12.2023'),https://eparlib.nic.in/bitstream/123456789/2971041/1/AU1432.pdf,
S06,S06,Uttarakhand,27,state_ut,states,2022,559,559,registered cases (CR),"Total cyber crimes (IT Act + IPC + SLL, NCRB definition)","NCRB 'Crime in India' via MHA reply, Lok Sabha USQ 1432 (12.12.2023)",S06_LS_USQ1432_2023-12-12_AnnexI_2020-2022.txt,ANNEXURE-I 'STATE/UT-WISE CASES REGISTEREDUNDER CYBER CRIMES DURING 2020-2022' (header 'LSQ.NO. 1432 FOR 12.12.2023'),https://eparlib.nic.in/bitstream/123456789/2971041/1/AU1432.pdf,
S06,S06,West Bengal,28,state_ut,states,2020,712,712,registered cases (CR),"Total cyber crimes (IT Act + IPC + SLL, NCRB definition)","NCRB 'Crime in India' via MHA reply, Lok Sabha USQ 1432 (12.12.2023)",S06_LS_USQ1432_2023-12-12_AnnexI_2020-2022.txt,ANNEXURE-I 'STATE/UT-WISE CASES REGISTEREDUNDER CYBER CRIMES DURING 2020-2022' (header 'LSQ.NO. 1432 FOR 12.12.2023'),https://eparlib.nic.in/bitstream/123456789/2971041/1/AU1432.pdf,
S06,S06,West Bengal,28,state_ut,states,2021,513,513,registered cases (CR),"Total cyber crimes (IT Act + IPC + SLL, NCRB definition)","NCRB 'Crime in India' via MHA reply, Lok Sabha USQ 1432 (12.12.2023)",S06_LS_USQ1432_2023-12-12_AnnexI_2020-2022.txt,ANNEXURE-I 'STATE/UT-WISE CASES REGISTEREDUNDER CYBER CRIMES DURING 2020-2022' (header 'LSQ.NO. 1432 FOR 12.12.2023'),https://eparlib.nic.in/bitstream/123456789/2971041/1/AU1432.pdf,
S06,S06,West Bengal,28,state_ut,states,2022,401,401,registered cases (CR),"Total cyber crimes (IT Act + IPC + SLL, NCRB definition)","NCRB 'Crime in India' via MHA reply, Lok Sabha USQ 1432 (12.12.2023)",S06_LS_USQ1432_2023-12-12_AnnexI_2020-2022.txt,ANNEXURE-I 'STATE/UT-WISE CASES REGISTEREDUNDER CYBER CRIMES DURING 2020-2022' (header 'LSQ.NO. 1432 FOR 12.12.2023'),https://eparlib.nic.in/bitstream/123456789/2971041/1/AU1432.pdf,
S06,S06,TOTAL STATE(S),,total_states,states,2020,49708,49708,registered cases (CR),"Total cyber crimes (IT Act + IPC + SLL, NCRB definition)","NCRB 'Crime in India' via MHA reply, Lok Sabha USQ 1432 (12.12.2023)",S06_LS_USQ1432_2023-12-12_AnnexI_2020-2022.txt,ANNEXURE-I 'STATE/UT-WISE CASES REGISTEREDUNDER CYBER CRIMES DURING 2020-2022' (header 'LSQ.NO. 1432 FOR 12.12.2023'),https://eparlib.nic.in/bitstream/123456789/2971041/1/AU1432.pdf,
S06,S06,TOTAL STATE(S),,total_states,states,2021,52430,52430,registered cases (CR),"Total cyber crimes (IT Act + IPC + SLL, NCRB definition)","NCRB 'Crime in India' via MHA reply, Lok Sabha USQ 1432 (12.12.2023)",S06_LS_USQ1432_2023-12-12_AnnexI_2020-2022.txt,ANNEXURE-I 'STATE/UT-WISE CASES REGISTEREDUNDER CYBER CRIMES DURING 2020-2022' (header 'LSQ.NO. 1432 FOR 12.12.2023'),https://eparlib.nic.in/bitstream/123456789/2971041/1/AU1432.pdf,
S06,S06,TOTAL STATE(S),,total_states,states,2022,64907,64907,registered cases (CR),"Total cyber crimes (IT Act + IPC + SLL, NCRB definition)","NCRB 'Crime in India' via MHA reply, Lok Sabha USQ 1432 (12.12.2023)",S06_LS_USQ1432_2023-12-12_AnnexI_2020-2022.txt,ANNEXURE-I 'STATE/UT-WISE CASES REGISTEREDUNDER CYBER CRIMES DURING 2020-2022' (header 'LSQ.NO. 1432 FOR 12.12.2023'),https://eparlib.nic.in/bitstream/123456789/2971041/1/AU1432.pdf,
S06,S06,A&N Islands,29,state_ut,uts,2020,5,5,registered cases (CR),"Total cyber crimes (IT Act + IPC + SLL, NCRB definition)","NCRB 'Crime in India' via MHA reply, Lok Sabha USQ 1432 (12.12.2023)",S06_LS_USQ1432_2023-12-12_AnnexI_2020-2022.txt,ANNEXURE-I 'STATE/UT-WISE CASES REGISTEREDUNDER CYBER CRIMES DURING 2020-2022' (header 'LSQ.NO. 1432 FOR 12.12.2023'),https://eparlib.nic.in/bitstream/123456789/2971041/1/AU1432.pdf,
S06,S06,A&N Islands,29,state_ut,uts,2021,8,8,registered cases (CR),"Total cyber crimes (IT Act + IPC + SLL, NCRB definition)","NCRB 'Crime in India' via MHA reply, Lok Sabha USQ 1432 (12.12.2023)",S06_LS_USQ1432_2023-12-12_AnnexI_2020-2022.txt,ANNEXURE-I 'STATE/UT-WISE CASES REGISTEREDUNDER CYBER CRIMES DURING 2020-2022' (header 'LSQ.NO. 1432 FOR 12.12.2023'),https://eparlib.nic.in/bitstream/123456789/2971041/1/AU1432.pdf,
S06,S06,A&N Islands,29,state_ut,uts,2022,28,28,registered cases (CR),"Total cyber crimes (IT Act + IPC + SLL, NCRB definition)","NCRB 'Crime in India' via MHA reply, Lok Sabha USQ 1432 (12.12.2023)",S06_LS_USQ1432_2023-12-12_AnnexI_2020-2022.txt,ANNEXURE-I 'STATE/UT-WISE CASES REGISTEREDUNDER CYBER CRIMES DURING 2020-2022' (header 'LSQ.NO. 1432 FOR 12.12.2023'),https://eparlib.nic.in/bitstream/123456789/2971041/1/AU1432.pdf,
S06,S06,Chandigarh,30,state_ut,uts,2020,17,17,registered cases (CR),"Total cyber crimes (IT Act + IPC + SLL, NCRB definition)","NCRB 'Crime in India' via MHA reply, Lok Sabha USQ 1432 (12.12.2023)",S06_LS_USQ1432_2023-12-12_AnnexI_2020-2022.txt,ANNEXURE-I 'STATE/UT-WISE CASES REGISTEREDUNDER CYBER CRIMES DURING 2020-2022' (header 'LSQ.NO. 1432 FOR 12.12.2023'),https://eparlib.nic.in/bitstream/123456789/2971041/1/AU1432.pdf,
S06,S06,Chandigarh,30,state_ut,uts,2021,15,15,registered cases (CR),"Total cyber crimes (IT Act + IPC + SLL, NCRB definition)","NCRB 'Crime in India' via MHA reply, Lok Sabha USQ 1432 (12.12.2023)",S06_LS_USQ1432_2023-12-12_AnnexI_2020-2022.txt,ANNEXURE-I 'STATE/UT-WISE CASES REGISTEREDUNDER CYBER CRIMES DURING 2020-2022' (header 'LSQ.NO. 1432 FOR 12.12.2023'),https://eparlib.nic.in/bitstream/123456789/2971041/1/AU1432.pdf,
S06,S06,Chandigarh,30,state_ut,uts,2022,27,27,registered cases (CR),"Total cyber crimes (IT Act + IPC + SLL, NCRB definition)","NCRB 'Crime in India' via MHA reply, Lok Sabha USQ 1432 (12.12.2023)",S06_LS_USQ1432_2023-12-12_AnnexI_2020-2022.txt,ANNEXURE-I 'STATE/UT-WISE CASES REGISTEREDUNDER CYBER CRIMES DURING 2020-2022' (header 'LSQ.NO. 1432 FOR 12.12.2023'),https://eparlib.nic.in/bitstream/123456789/2971041/1/AU1432.pdf,
S06,S06,D&N Haveli and Daman & Diu,31,state_ut,uts,2020,3,3,registered cases (CR),"Total cyber crimes (IT Act + IPC + SLL, NCRB definition)","NCRB 'Crime in India' via MHA reply, Lok Sabha USQ 1432 (12.12.2023)",S06_LS_USQ1432_2023-12-12_AnnexI_2020-2022.txt,ANNEXURE-I 'STATE/UT-WISE CASES REGISTEREDUNDER CYBER CRIMES DURING 2020-2022' (header 'LSQ.NO. 1432 FOR 12.12.2023'),https://eparlib.nic.in/bitstream/123456789/2971041/1/AU1432.pdf,
S06,S06,D&N Haveli and Daman & Diu,31,state_ut,uts,2021,5,5,registered cases (CR),"Total cyber crimes (IT Act + IPC + SLL, NCRB definition)","NCRB 'Crime in India' via MHA reply, Lok Sabha USQ 1432 (12.12.2023)",S06_LS_USQ1432_2023-12-12_AnnexI_2020-2022.txt,ANNEXURE-I 'STATE/UT-WISE CASES REGISTEREDUNDER CYBER CRIMES DURING 2020-2022' (header 'LSQ.NO. 1432 FOR 12.12.2023'),https://eparlib.nic.in/bitstream/123456789/2971041/1/AU1432.pdf,
S06,S06,D&N Haveli and Daman & Diu,31,state_ut,uts,2022,5,5,registered cases (CR),"Total cyber crimes (IT Act + IPC + SLL, NCRB definition)","NCRB 'Crime in India' via MHA reply, Lok Sabha USQ 1432 (12.12.2023)",S06_LS_USQ1432_2023-12-12_AnnexI_2020-2022.txt,ANNEXURE-I 'STATE/UT-WISE CASES REGISTEREDUNDER CYBER CRIMES DURING 2020-2022' (header 'LSQ.NO. 1432 FOR 12.12.2023'),https://eparlib.nic.in/bitstream/123456789/2971041/1/AU1432.pdf,
S06,S06,Delhi,32,state_ut,uts,2020,168,168,registered cases (CR),"Total cyber crimes (IT Act + IPC + SLL, NCRB definition)","NCRB 'Crime in India' via MHA reply, Lok Sabha USQ 1432 (12.12.2023)",S06_LS_USQ1432_2023-12-12_AnnexI_2020-2022.txt,ANNEXURE-I 'STATE/UT-WISE CASES REGISTEREDUNDER CYBER CRIMES DURING 2020-2022' (header 'LSQ.NO. 1432 FOR 12.12.2023'),https://eparlib.nic.in/bitstream/123456789/2971041/1/AU1432.pdf,
S06,S06,Delhi,32,state_ut,uts,2021,356,356,registered cases (CR),"Total cyber crimes (IT Act + IPC + SLL, NCRB definition)","NCRB 'Crime in India' via MHA reply, Lok Sabha USQ 1432 (12.12.2023)",S06_LS_USQ1432_2023-12-12_AnnexI_2020-2022.txt,ANNEXURE-I 'STATE/UT-WISE CASES REGISTEREDUNDER CYBER CRIMES DURING 2020-2022' (header 'LSQ.NO. 1432 FOR 12.12.2023'),https://eparlib.nic.in/bitstream/123456789/2971041/1/AU1432.pdf,
S06,S06,Delhi,32,state_ut,uts,2022,685,685,registered cases (CR),"Total cyber crimes (IT Act + IPC + SLL, NCRB definition)","NCRB 'Crime in India' via MHA reply, Lok Sabha USQ 1432 (12.12.2023)",S06_LS_USQ1432_2023-12-12_AnnexI_2020-2022.txt,ANNEXURE-I 'STATE/UT-WISE CASES REGISTEREDUNDER CYBER CRIMES DURING 2020-2022' (header 'LSQ.NO. 1432 FOR 12.12.2023'),https://eparlib.nic.in/bitstream/123456789/2971041/1/AU1432.pdf,
S06,S06,Jammu & Kashmir,33,state_ut,uts,2020,120,120,registered cases (CR),"Total cyber crimes (IT Act + IPC + SLL, NCRB definition)","NCRB 'Crime in India' via MHA reply, Lok Sabha USQ 1432 (12.12.2023)",S06_LS_USQ1432_2023-12-12_AnnexI_2020-2022.txt,ANNEXURE-I 'STATE/UT-WISE CASES REGISTEREDUNDER CYBER CRIMES DURING 2020-2022' (header 'LSQ.NO. 1432 FOR 12.12.2023'),https://eparlib.nic.in/bitstream/123456789/2971041/1/AU1432.pdf,
S06,S06,Jammu & Kashmir,33,state_ut,uts,2021,154,154,registered cases (CR),"Total cyber crimes (IT Act + IPC + SLL, NCRB definition)","NCRB 'Crime in India' via MHA reply, Lok Sabha USQ 1432 (12.12.2023)",S06_LS_USQ1432_2023-12-12_AnnexI_2020-2022.txt,ANNEXURE-I 'STATE/UT-WISE CASES REGISTEREDUNDER CYBER CRIMES DURING 2020-2022' (header 'LSQ.NO. 1432 FOR 12.12.2023'),https://eparlib.nic.in/bitstream/123456789/2971041/1/AU1432.pdf,
S06,S06,Jammu & Kashmir,33,state_ut,uts,2022,173,173,registered cases (CR),"Total cyber crimes (IT Act + IPC + SLL, NCRB definition)","NCRB 'Crime in India' via MHA reply, Lok Sabha USQ 1432 (12.12.2023)",S06_LS_USQ1432_2023-12-12_AnnexI_2020-2022.txt,ANNEXURE-I 'STATE/UT-WISE CASES REGISTEREDUNDER CYBER CRIMES DURING 2020-2022' (header 'LSQ.NO. 1432 FOR 12.12.2023'),https://eparlib.nic.in/bitstream/123456789/2971041/1/AU1432.pdf,
S06,S06,Ladakh,34,state_ut,uts,2020,1,1,registered cases (CR),"Total cyber crimes (IT Act + IPC + SLL, NCRB definition)","NCRB 'Crime in India' via MHA reply, Lok Sabha USQ 1432 (12.12.2023)",S06_LS_USQ1432_2023-12-12_AnnexI_2020-2022.txt,ANNEXURE-I 'STATE/UT-WISE CASES REGISTEREDUNDER CYBER CRIMES DURING 2020-2022' (header 'LSQ.NO. 1432 FOR 12.12.2023'),https://eparlib.nic.in/bitstream/123456789/2971041/1/AU1432.pdf,
S06,S06,Ladakh,34,state_ut,uts,2021,5,5,registered cases (CR),"Total cyber crimes (IT Act + IPC + SLL, NCRB definition)","NCRB 'Crime in India' via MHA reply, Lok Sabha USQ 1432 (12.12.2023)",S06_LS_USQ1432_2023-12-12_AnnexI_2020-2022.txt,ANNEXURE-I 'STATE/UT-WISE CASES REGISTEREDUNDER CYBER CRIMES DURING 2020-2022' (header 'LSQ.NO. 1432 FOR 12.12.2023'),https://eparlib.nic.in/bitstream/123456789/2971041/1/AU1432.pdf,
S06,S06,Ladakh,34,state_ut,uts,2022,3,3,registered cases (CR),"Total cyber crimes (IT Act + IPC + SLL, NCRB definition)","NCRB 'Crime in India' via MHA reply, Lok Sabha USQ 1432 (12.12.2023)",S06_LS_USQ1432_2023-12-12_AnnexI_2020-2022.txt,ANNEXURE-I 'STATE/UT-WISE CASES REGISTEREDUNDER CYBER CRIMES DURING 2020-2022' (header 'LSQ.NO. 1432 FOR 12.12.2023'),https://eparlib.nic.in/bitstream/123456789/2971041/1/AU1432.pdf,
S06,S06,Lakshadweep,35,state_ut,uts,2020,3,3,registered cases (CR),"Total cyber crimes (IT Act + IPC + SLL, NCRB definition)","NCRB 'Crime in India' via MHA reply, Lok Sabha USQ 1432 (12.12.2023)",S06_LS_USQ1432_2023-12-12_AnnexI_2020-2022.txt,ANNEXURE-I 'STATE/UT-WISE CASES REGISTEREDUNDER CYBER CRIMES DURING 2020-2022' (header 'LSQ.NO. 1432 FOR 12.12.2023'),https://eparlib.nic.in/bitstream/123456789/2971041/1/AU1432.pdf,
S06,S06,Lakshadweep,35,state_ut,uts,2021,1,1,registered cases (CR),"Total cyber crimes (IT Act + IPC + SLL, NCRB definition)","NCRB 'Crime in India' via MHA reply, Lok Sabha USQ 1432 (12.12.2023)",S06_LS_USQ1432_2023-12-12_AnnexI_2020-2022.txt,ANNEXURE-I 'STATE/UT-WISE CASES REGISTEREDUNDER CYBER CRIMES DURING 2020-2022' (header 'LSQ.NO. 1432 FOR 12.12.2023'),https://eparlib.nic.in/bitstream/123456789/2971041/1/AU1432.pdf,
S06,S06,Lakshadweep,35,state_ut,uts,2022,1,1,registered cases (CR),"Total cyber crimes (IT Act + IPC + SLL, NCRB definition)","NCRB 'Crime in India' via MHA reply, Lok Sabha USQ 1432 (12.12.2023)",S06_LS_USQ1432_2023-12-12_AnnexI_2020-2022.txt,ANNEXURE-I 'STATE/UT-WISE CASES REGISTEREDUNDER CYBER CRIMES DURING 2020-2022' (header 'LSQ.NO. 1432 FOR 12.12.2023'),https://eparlib.nic.in/bitstream/123456789/2971041/1/AU1432.pdf,
S06,S06,Puducherry,36,state_ut,uts,2020,10,10,registered cases (CR),"Total cyber crimes (IT Act + IPC + SLL, NCRB definition)","NCRB 'Crime in India' via MHA reply, Lok Sabha USQ 1432 (12.12.2023)",S06_LS_USQ1432_2023-12-12_AnnexI_2020-2022.txt,ANNEXURE-I 'STATE/UT-WISE CASES REGISTEREDUNDER CYBER CRIMES DURING 2020-2022' (header 'LSQ.NO. 1432 FOR 12.12.2023'),https://eparlib.nic.in/bitstream/123456789/2971041/1/AU1432.pdf,
S06,S06,Puducherry,36,state_ut,uts,2021,0,0,registered cases (CR),"Total cyber crimes (IT Act + IPC + SLL, NCRB definition)","NCRB 'Crime in India' via MHA reply, Lok Sabha USQ 1432 (12.12.2023)",S06_LS_USQ1432_2023-12-12_AnnexI_2020-2022.txt,ANNEXURE-I 'STATE/UT-WISE CASES REGISTEREDUNDER CYBER CRIMES DURING 2020-2022' (header 'LSQ.NO. 1432 FOR 12.12.2023'),https://eparlib.nic.in/bitstream/123456789/2971041/1/AU1432.pdf,
S06,S06,Puducherry,36,state_ut,uts,2022,64,64,registered cases (CR),"Total cyber crimes (IT Act + IPC + SLL, NCRB definition)","NCRB 'Crime in India' via MHA reply, Lok Sabha USQ 1432 (12.12.2023)",S06_LS_USQ1432_2023-12-12_AnnexI_2020-2022.txt,ANNEXURE-I 'STATE/UT-WISE CASES REGISTEREDUNDER CYBER CRIMES DURING 2020-2022' (header 'LSQ.NO. 1432 FOR 12.12.2023'),https://eparlib.nic.in/bitstream/123456789/2971041/1/AU1432.pdf,
S06,S06,TOTAL UT(S),,total_uts,uts,2020,327,327,registered cases (CR),"Total cyber crimes (IT Act + IPC + SLL, NCRB definition)","NCRB 'Crime in India' via MHA reply, Lok Sabha USQ 1432 (12.12.2023)",S06_LS_USQ1432_2023-12-12_AnnexI_2020-2022.txt,ANNEXURE-I 'STATE/UT-WISE CASES REGISTEREDUNDER CYBER CRIMES DURING 2020-2022' (header 'LSQ.NO. 1432 FOR 12.12.2023'),https://eparlib.nic.in/bitstream/123456789/2971041/1/AU1432.pdf,
S06,S06,TOTAL UT(S),,total_uts,uts,2021,544,544,registered cases (CR),"Total cyber crimes (IT Act + IPC + SLL, NCRB definition)","NCRB 'Crime in India' via MHA reply, Lok Sabha USQ 1432 (12.12.2023)",S06_LS_USQ1432_2023-12-12_AnnexI_2020-2022.txt,ANNEXURE-I 'STATE/UT-WISE CASES REGISTEREDUNDER CYBER CRIMES DURING 2020-2022' (header 'LSQ.NO. 1432 FOR 12.12.2023'),https://eparlib.nic.in/bitstream/123456789/2971041/1/AU1432.pdf,
S06,S06,TOTAL UT(S),,total_uts,uts,2022,986,986,registered cases (CR),"Total cyber crimes (IT Act + IPC + SLL, NCRB definition)","NCRB 'Crime in India' via MHA reply, Lok Sabha USQ 1432 (12.12.2023)",S06_LS_USQ1432_2023-12-12_AnnexI_2020-2022.txt,ANNEXURE-I 'STATE/UT-WISE CASES REGISTEREDUNDER CYBER CRIMES DURING 2020-2022' (header 'LSQ.NO. 1432 FOR 12.12.2023'),https://eparlib.nic.in/bitstream/123456789/2971041/1/AU1432.pdf,
S06,S06,TOTAL (ALL INDIA),,total_all_india,all_india,2020,50035,50035,registered cases (CR),"Total cyber crimes (IT Act + IPC + SLL, NCRB definition)","NCRB 'Crime in India' via MHA reply, Lok Sabha USQ 1432 (12.12.2023)",S06_LS_USQ1432_2023-12-12_AnnexI_2020-2022.txt,ANNEXURE-I 'STATE/UT-WISE CASES REGISTEREDUNDER CYBER CRIMES DURING 2020-2022' (header 'LSQ.NO. 1432 FOR 12.12.2023'),https://eparlib.nic.in/bitstream/123456789/2971041/1/AU1432.pdf,
S06,S06,TOTAL (ALL INDIA),,total_all_india,all_india,2021,52974,52974,registered cases (CR),"Total cyber crimes (IT Act + IPC + SLL, NCRB definition)","NCRB 'Crime in India' via MHA reply, Lok Sabha USQ 1432 (12.12.2023)",S06_LS_USQ1432_2023-12-12_AnnexI_2020-2022.txt,ANNEXURE-I 'STATE/UT-WISE CASES REGISTEREDUNDER CYBER CRIMES DURING 2020-2022' (header 'LSQ.NO. 1432 FOR 12.12.2023'),https://eparlib.nic.in/bitstream/123456789/2971041/1/AU1432.pdf,
S06,S06,TOTAL (ALL INDIA),,total_all_india,all_india,2022,65893,65893,registered cases (CR),"Total cyber crimes (IT Act + IPC + SLL, NCRB definition)","NCRB 'Crime in India' via MHA reply, Lok Sabha USQ 1432 (12.12.2023)",S06_LS_USQ1432_2023-12-12_AnnexI_2020-2022.txt,ANNEXURE-I 'STATE/UT-WISE CASES REGISTEREDUNDER CYBER CRIMES DURING 2020-2022' (header 'LSQ.NO. 1432 FOR 12.12.2023'),https://eparlib.nic.in/bitstream/123456789/2971041/1/AU1432.pdf,
S07,S07,Andhra Pradesh,1,state_ut,states,2019,1886,1886,registered cases (CR),"Total cyber crimes (IT Act + IPC + SLL, NCRB definition)","NCRB 'Crime in India' via MHA reply, Lok Sabha USQ 3307 (21.03.2023)",S07_LS_USQ3307_2023-03-21_AnnexI_2019-2021.txt,"Annexure-I (state/UT-wise CR, CCS, CON, PAR, PCS, PCV 2019-2021); CR columns only; exact printed title not captured",https://eparlib.nic.in/bitstream/123456789/1930314/1/AU3307.pdf,
S07,S07,Andhra Pradesh,1,state_ut,states,2020,1899,1899,registered cases (CR),"Total cyber crimes (IT Act + IPC + SLL, NCRB definition)","NCRB 'Crime in India' via MHA reply, Lok Sabha USQ 3307 (21.03.2023)",S07_LS_USQ3307_2023-03-21_AnnexI_2019-2021.txt,"Annexure-I (state/UT-wise CR, CCS, CON, PAR, PCS, PCV 2019-2021); CR columns only; exact printed title not captured",https://eparlib.nic.in/bitstream/123456789/1930314/1/AU3307.pdf,
S07,S07,Andhra Pradesh,1,state_ut,states,2021,1875,1875,registered cases (CR),"Total cyber crimes (IT Act + IPC + SLL, NCRB definition)","NCRB 'Crime in India' via MHA reply, Lok Sabha USQ 3307 (21.03.2023)",S07_LS_USQ3307_2023-03-21_AnnexI_2019-2021.txt,"Annexure-I (state/UT-wise CR, CCS, CON, PAR, PCS, PCV 2019-2021); CR columns only; exact printed title not captured",https://eparlib.nic.in/bitstream/123456789/1930314/1/AU3307.pdf,
S07,S07,Arunachal Pradesh,2,state_ut,states,2019,8,8,registered cases (CR),"Total cyber crimes (IT Act + IPC + SLL, NCRB definition)","NCRB 'Crime in India' via MHA reply, Lok Sabha USQ 3307 (21.03.2023)",S07_LS_USQ3307_2023-03-21_AnnexI_2019-2021.txt,"Annexure-I (state/UT-wise CR, CCS, CON, PAR, PCS, PCV 2019-2021); CR columns only; exact printed title not captured",https://eparlib.nic.in/bitstream/123456789/1930314/1/AU3307.pdf,
S07,S07,Arunachal Pradesh,2,state_ut,states,2020,30,30,registered cases (CR),"Total cyber crimes (IT Act + IPC + SLL, NCRB definition)","NCRB 'Crime in India' via MHA reply, Lok Sabha USQ 3307 (21.03.2023)",S07_LS_USQ3307_2023-03-21_AnnexI_2019-2021.txt,"Annexure-I (state/UT-wise CR, CCS, CON, PAR, PCS, PCV 2019-2021); CR columns only; exact printed title not captured",https://eparlib.nic.in/bitstream/123456789/1930314/1/AU3307.pdf,
S07,S07,Arunachal Pradesh,2,state_ut,states,2021,47,47,registered cases (CR),"Total cyber crimes (IT Act + IPC + SLL, NCRB definition)","NCRB 'Crime in India' via MHA reply, Lok Sabha USQ 3307 (21.03.2023)",S07_LS_USQ3307_2023-03-21_AnnexI_2019-2021.txt,"Annexure-I (state/UT-wise CR, CCS, CON, PAR, PCS, PCV 2019-2021); CR columns only; exact printed title not captured",https://eparlib.nic.in/bitstream/123456789/1930314/1/AU3307.pdf,
S07,S07,Assam,3,state_ut,states,2019,2231,2231,registered cases (CR),"Total cyber crimes (IT Act + IPC + SLL, NCRB definition)","NCRB 'Crime in India' via MHA reply, Lok Sabha USQ 3307 (21.03.2023)",S07_LS_USQ3307_2023-03-21_AnnexI_2019-2021.txt,"Annexure-I (state/UT-wise CR, CCS, CON, PAR, PCS, PCV 2019-2021); CR columns only; exact printed title not captured",https://eparlib.nic.in/bitstream/123456789/1930314/1/AU3307.pdf,
S07,S07,Assam,3,state_ut,states,2020,3530,3530,registered cases (CR),"Total cyber crimes (IT Act + IPC + SLL, NCRB definition)","NCRB 'Crime in India' via MHA reply, Lok Sabha USQ 3307 (21.03.2023)",S07_LS_USQ3307_2023-03-21_AnnexI_2019-2021.txt,"Annexure-I (state/UT-wise CR, CCS, CON, PAR, PCS, PCV 2019-2021); CR columns only; exact printed title not captured",https://eparlib.nic.in/bitstream/123456789/1930314/1/AU3307.pdf,
S07,S07,Assam,3,state_ut,states,2021,4846,4846,registered cases (CR),"Total cyber crimes (IT Act + IPC + SLL, NCRB definition)","NCRB 'Crime in India' via MHA reply, Lok Sabha USQ 3307 (21.03.2023)",S07_LS_USQ3307_2023-03-21_AnnexI_2019-2021.txt,"Annexure-I (state/UT-wise CR, CCS, CON, PAR, PCS, PCV 2019-2021); CR columns only; exact printed title not captured",https://eparlib.nic.in/bitstream/123456789/1930314/1/AU3307.pdf,
S07,S07,Bihar,4,state_ut,states,2019,1050,1050,registered cases (CR),"Total cyber crimes (IT Act + IPC + SLL, NCRB definition)","NCRB 'Crime in India' via MHA reply, Lok Sabha USQ 3307 (21.03.2023)",S07_LS_USQ3307_2023-03-21_AnnexI_2019-2021.txt,"Annexure-I (state/UT-wise CR, CCS, CON, PAR, PCS, PCV 2019-2021); CR columns only; exact printed title not captured",https://eparlib.nic.in/bitstream/123456789/1930314/1/AU3307.pdf,
S07,S07,Bihar,4,state_ut,states,2020,1512,1512,registered cases (CR),"Total cyber crimes (IT Act + IPC + SLL, NCRB definition)","NCRB 'Crime in India' via MHA reply, Lok Sabha USQ 3307 (21.03.2023)",S07_LS_USQ3307_2023-03-21_AnnexI_2019-2021.txt,"Annexure-I (state/UT-wise CR, CCS, CON, PAR, PCS, PCV 2019-2021); CR columns only; exact printed title not captured",https://eparlib.nic.in/bitstream/123456789/1930314/1/AU3307.pdf,
S07,S07,Bihar,4,state_ut,states,2021,1413,1413,registered cases (CR),"Total cyber crimes (IT Act + IPC + SLL, NCRB definition)","NCRB 'Crime in India' via MHA reply, Lok Sabha USQ 3307 (21.03.2023)",S07_LS_USQ3307_2023-03-21_AnnexI_2019-2021.txt,"Annexure-I (state/UT-wise CR, CCS, CON, PAR, PCS, PCV 2019-2021); CR columns only; exact printed title not captured",https://eparlib.nic.in/bitstream/123456789/1930314/1/AU3307.pdf,
S07,S07,Chhattisgarh,5,state_ut,states,2019,175,175,registered cases (CR),"Total cyber crimes (IT Act + IPC + SLL, NCRB definition)","NCRB 'Crime in India' via MHA reply, Lok Sabha USQ 3307 (21.03.2023)",S07_LS_USQ3307_2023-03-21_AnnexI_2019-2021.txt,"Annexure-I (state/UT-wise CR, CCS, CON, PAR, PCS, PCV 2019-2021); CR columns only; exact printed title not captured",https://eparlib.nic.in/bitstream/123456789/1930314/1/AU3307.pdf,
S07,S07,Chhattisgarh,5,state_ut,states,2020,297,297,registered cases (CR),"Total cyber crimes (IT Act + IPC + SLL, NCRB definition)","NCRB 'Crime in India' via MHA reply, Lok Sabha USQ 3307 (21.03.2023)",S07_LS_USQ3307_2023-03-21_AnnexI_2019-2021.txt,"Annexure-I (state/UT-wise CR, CCS, CON, PAR, PCS, PCV 2019-2021); CR columns only; exact printed title not captured",https://eparlib.nic.in/bitstream/123456789/1930314/1/AU3307.pdf,
S07,S07,Chhattisgarh,5,state_ut,states,2021,352,352,registered cases (CR),"Total cyber crimes (IT Act + IPC + SLL, NCRB definition)","NCRB 'Crime in India' via MHA reply, Lok Sabha USQ 3307 (21.03.2023)",S07_LS_USQ3307_2023-03-21_AnnexI_2019-2021.txt,"Annexure-I (state/UT-wise CR, CCS, CON, PAR, PCS, PCV 2019-2021); CR columns only; exact printed title not captured",https://eparlib.nic.in/bitstream/123456789/1930314/1/AU3307.pdf,
S07,S07,Goa,6,state_ut,states,2019,15,15,registered cases (CR),"Total cyber crimes (IT Act + IPC + SLL, NCRB definition)","NCRB 'Crime in India' via MHA reply, Lok Sabha USQ 3307 (21.03.2023)",S07_LS_USQ3307_2023-03-21_AnnexI_2019-2021.txt,"Annexure-I (state/UT-wise CR, CCS, CON, PAR, PCS, PCV 2019-2021); CR columns only; exact printed title not captured",https://eparlib.nic.in/bitstream/123456789/1930314/1/AU3307.pdf,
S07,S07,Goa,6,state_ut,states,2020,40,40,registered cases (CR),"Total cyber crimes (IT Act + IPC + SLL, NCRB definition)","NCRB 'Crime in India' via MHA reply, Lok Sabha USQ 3307 (21.03.2023)",S07_LS_USQ3307_2023-03-21_AnnexI_2019-2021.txt,"Annexure-I (state/UT-wise CR, CCS, CON, PAR, PCS, PCV 2019-2021); CR columns only; exact printed title not captured",https://eparlib.nic.in/bitstream/123456789/1930314/1/AU3307.pdf,
S07,S07,Goa,6,state_ut,states,2021,36,36,registered cases (CR),"Total cyber crimes (IT Act + IPC + SLL, NCRB definition)","NCRB 'Crime in India' via MHA reply, Lok Sabha USQ 3307 (21.03.2023)",S07_LS_USQ3307_2023-03-21_AnnexI_2019-2021.txt,"Annexure-I (state/UT-wise CR, CCS, CON, PAR, PCS, PCV 2019-2021); CR columns only; exact printed title not captured",https://eparlib.nic.in/bitstream/123456789/1930314/1/AU3307.pdf,
S07,S07,Gujarat,7,state_ut,states,2019,784,784,registered cases (CR),"Total cyber crimes (IT Act + IPC + SLL, NCRB definition)","NCRB 'Crime in India' via MHA reply, Lok Sabha USQ 3307 (21.03.2023)",S07_LS_USQ3307_2023-03-21_AnnexI_2019-2021.txt,"Annexure-I (state/UT-wise CR, CCS, CON, PAR, PCS, PCV 2019-2021); CR columns only; exact printed title not captured",https://eparlib.nic.in/bitstream/123456789/1930314/1/AU3307.pdf,
S07,S07,Gujarat,7,state_ut,states,2020,1283,1283,registered cases (CR),"Total cyber crimes (IT Act + IPC + SLL, NCRB definition)","NCRB 'Crime in India' via MHA reply, Lok Sabha USQ 3307 (21.03.2023)",S07_LS_USQ3307_2023-03-21_AnnexI_2019-2021.txt,"Annexure-I (state/UT-wise CR, CCS, CON, PAR, PCS, PCV 2019-2021); CR columns only; exact printed title not captured",https://eparlib.nic.in/bitstream/123456789/1930314/1/AU3307.pdf,
S07,S07,Gujarat,7,state_ut,states,2021,1536,1536,registered cases (CR),"Total cyber crimes (IT Act + IPC + SLL, NCRB definition)","NCRB 'Crime in India' via MHA reply, Lok Sabha USQ 3307 (21.03.2023)",S07_LS_USQ3307_2023-03-21_AnnexI_2019-2021.txt,"Annexure-I (state/UT-wise CR, CCS, CON, PAR, PCS, PCV 2019-2021); CR columns only; exact printed title not captured",https://eparlib.nic.in/bitstream/123456789/1930314/1/AU3307.pdf,
S07,S07,Haryana,8,state_ut,states,2019,564,564,registered cases (CR),"Total cyber crimes (IT Act + IPC + SLL, NCRB definition)","NCRB 'Crime in India' via MHA reply, Lok Sabha USQ 3307 (21.03.2023)",S07_LS_USQ3307_2023-03-21_AnnexI_2019-2021.txt,"Annexure-I (state/UT-wise CR, CCS, CON, PAR, PCS, PCV 2019-2021); CR columns only; exact printed title not captured",https://eparlib.nic.in/bitstream/123456789/1930314/1/AU3307.pdf,
S07,S07,Haryana,8,state_ut,states,2020,656,656,registered cases (CR),"Total cyber crimes (IT Act + IPC + SLL, NCRB definition)","NCRB 'Crime in India' via MHA reply, Lok Sabha USQ 3307 (21.03.2023)",S07_LS_USQ3307_2023-03-21_AnnexI_2019-2021.txt,"Annexure-I (state/UT-wise CR, CCS, CON, PAR, PCS, PCV 2019-2021); CR columns only; exact printed title not captured",https://eparlib.nic.in/bitstream/123456789/1930314/1/AU3307.pdf,
S07,S07,Haryana,8,state_ut,states,2021,622,622,registered cases (CR),"Total cyber crimes (IT Act + IPC + SLL, NCRB definition)","NCRB 'Crime in India' via MHA reply, Lok Sabha USQ 3307 (21.03.2023)",S07_LS_USQ3307_2023-03-21_AnnexI_2019-2021.txt,"Annexure-I (state/UT-wise CR, CCS, CON, PAR, PCS, PCV 2019-2021); CR columns only; exact printed title not captured",https://eparlib.nic.in/bitstream/123456789/1930314/1/AU3307.pdf,
S07,S07,Himachal Pradesh,9,state_ut,states,2019,76,76,registered cases (CR),"Total cyber crimes (IT Act + IPC + SLL, NCRB definition)","NCRB 'Crime in India' via MHA reply, Lok Sabha USQ 3307 (21.03.2023)",S07_LS_USQ3307_2023-03-21_AnnexI_2019-2021.txt,"Annexure-I (state/UT-wise CR, CCS, CON, PAR, PCS, PCV 2019-2021); CR columns only; exact printed title not captured",https://eparlib.nic.in/bitstream/123456789/1930314/1/AU3307.pdf,
S07,S07,Himachal Pradesh,9,state_ut,states,2020,98,98,registered cases (CR),"Total cyber crimes (IT Act + IPC + SLL, NCRB definition)","NCRB 'Crime in India' via MHA reply, Lok Sabha USQ 3307 (21.03.2023)",S07_LS_USQ3307_2023-03-21_AnnexI_2019-2021.txt,"Annexure-I (state/UT-wise CR, CCS, CON, PAR, PCS, PCV 2019-2021); CR columns only; exact printed title not captured",https://eparlib.nic.in/bitstream/123456789/1930314/1/AU3307.pdf,
S07,S07,Himachal Pradesh,9,state_ut,states,2021,70,70,registered cases (CR),"Total cyber crimes (IT Act + IPC + SLL, NCRB definition)","NCRB 'Crime in India' via MHA reply, Lok Sabha USQ 3307 (21.03.2023)",S07_LS_USQ3307_2023-03-21_AnnexI_2019-2021.txt,"Annexure-I (state/UT-wise CR, CCS, CON, PAR, PCS, PCV 2019-2021); CR columns only; exact printed title not captured",https://eparlib.nic.in/bitstream/123456789/1930314/1/AU3307.pdf,
S07,S07,Jharkhand,10,state_ut,states,2019,1095,1095,registered cases (CR),"Total cyber crimes (IT Act + IPC + SLL, NCRB definition)","NCRB 'Crime in India' via MHA reply, Lok Sabha USQ 3307 (21.03.2023)",S07_LS_USQ3307_2023-03-21_AnnexI_2019-2021.txt,"Annexure-I (state/UT-wise CR, CCS, CON, PAR, PCS, PCV 2019-2021); CR columns only; exact printed title not captured",https://eparlib.nic.in/bitstream/123456789/1930314/1/AU3307.pdf,
S07,S07,Jharkhand,10,state_ut,states,2020,1204,1204,registered cases (CR),"Total cyber crimes (IT Act + IPC + SLL, NCRB definition)","NCRB 'Crime in India' via MHA reply, Lok Sabha USQ 3307 (21.03.2023)",S07_LS_USQ3307_2023-03-21_AnnexI_2019-2021.txt,"Annexure-I (state/UT-wise CR, CCS, CON, PAR, PCS, PCV 2019-2021); CR columns only; exact printed title not captured",https://eparlib.nic.in/bitstream/123456789/1930314/1/AU3307.pdf,
S07,S07,Jharkhand,10,state_ut,states,2021,953,953,registered cases (CR),"Total cyber crimes (IT Act + IPC + SLL, NCRB definition)","NCRB 'Crime in India' via MHA reply, Lok Sabha USQ 3307 (21.03.2023)",S07_LS_USQ3307_2023-03-21_AnnexI_2019-2021.txt,"Annexure-I (state/UT-wise CR, CCS, CON, PAR, PCS, PCV 2019-2021); CR columns only; exact printed title not captured",https://eparlib.nic.in/bitstream/123456789/1930314/1/AU3307.pdf,
S07,S07,Karnataka,11,state_ut,states,2019,12020,12020,registered cases (CR),"Total cyber crimes (IT Act + IPC + SLL, NCRB definition)","NCRB 'Crime in India' via MHA reply, Lok Sabha USQ 3307 (21.03.2023)",S07_LS_USQ3307_2023-03-21_AnnexI_2019-2021.txt,"Annexure-I (state/UT-wise CR, CCS, CON, PAR, PCS, PCV 2019-2021); CR columns only; exact printed title not captured",https://eparlib.nic.in/bitstream/123456789/1930314/1/AU3307.pdf,
S07,S07,Karnataka,11,state_ut,states,2020,10741,10741,registered cases (CR),"Total cyber crimes (IT Act + IPC + SLL, NCRB definition)","NCRB 'Crime in India' via MHA reply, Lok Sabha USQ 3307 (21.03.2023)",S07_LS_USQ3307_2023-03-21_AnnexI_2019-2021.txt,"Annexure-I (state/UT-wise CR, CCS, CON, PAR, PCS, PCV 2019-2021); CR columns only; exact printed title not captured",https://eparlib.nic.in/bitstream/123456789/1930314/1/AU3307.pdf,
S07,S07,Karnataka,11,state_ut,states,2021,8136,8136,registered cases (CR),"Total cyber crimes (IT Act + IPC + SLL, NCRB definition)","NCRB 'Crime in India' via MHA reply, Lok Sabha USQ 3307 (21.03.2023)",S07_LS_USQ3307_2023-03-21_AnnexI_2019-2021.txt,"Annexure-I (state/UT-wise CR, CCS, CON, PAR, PCS, PCV 2019-2021); CR columns only; exact printed title not captured",https://eparlib.nic.in/bitstream/123456789/1930314/1/AU3307.pdf,
S07,S07,Kerala,12,state_ut,states,2019,307,307,registered cases (CR),"Total cyber crimes (IT Act + IPC + SLL, NCRB definition)","NCRB 'Crime in India' via MHA reply, Lok Sabha USQ 3307 (21.03.2023)",S07_LS_USQ3307_2023-03-21_AnnexI_2019-2021.txt,"Annexure-I (state/UT-wise CR, CCS, CON, PAR, PCS, PCV 2019-2021); CR columns only; exact printed title not captured",https://eparlib.nic.in/bitstream/123456789/1930314/1/AU3307.pdf,
S07,S07,Kerala,12,state_ut,states,2020,426,426,registered cases (CR),"Total cyber crimes (IT Act + IPC + SLL, NCRB definition)","NCRB 'Crime in India' via MHA reply, Lok Sabha USQ 3307 (21.03.2023)",S07_LS_USQ3307_2023-03-21_AnnexI_2019-2021.txt,"Annexure-I (state/UT-wise CR, CCS, CON, PAR, PCS, PCV 2019-2021); CR columns only; exact printed title not captured",https://eparlib.nic.in/bitstream/123456789/1930314/1/AU3307.pdf,
S07,S07,Kerala,12,state_ut,states,2021,626,626,registered cases (CR),"Total cyber crimes (IT Act + IPC + SLL, NCRB definition)","NCRB 'Crime in India' via MHA reply, Lok Sabha USQ 3307 (21.03.2023)",S07_LS_USQ3307_2023-03-21_AnnexI_2019-2021.txt,"Annexure-I (state/UT-wise CR, CCS, CON, PAR, PCS, PCV 2019-2021); CR columns only; exact printed title not captured",https://eparlib.nic.in/bitstream/123456789/1930314/1/AU3307.pdf,
S07,S07,Madhya Pradesh,13,state_ut,states,2019,602,602,registered cases (CR),"Total cyber crimes (IT Act + IPC + SLL, NCRB definition)","NCRB 'Crime in India' via MHA reply, Lok Sabha USQ 3307 (21.03.2023)",S07_LS_USQ3307_2023-03-21_AnnexI_2019-2021.txt,"Annexure-I (state/UT-wise CR, CCS, CON, PAR, PCS, PCV 2019-2021); CR columns only; exact printed title not captured",https://eparlib.nic.in/bitstream/123456789/1930314/1/AU3307.pdf,
S07,S07,Madhya Pradesh,13,state_ut,states,2020,699,699,registered cases (CR),"Total cyber crimes (IT Act + IPC + SLL, NCRB definition)","NCRB 'Crime in India' via MHA reply, Lok Sabha USQ 3307 (21.03.2023)",S07_LS_USQ3307_2023-03-21_AnnexI_2019-2021.txt,"Annexure-I (state/UT-wise CR, CCS, CON, PAR, PCS, PCV 2019-2021); CR columns only; exact printed title not captured",https://eparlib.nic.in/bitstream/123456789/1930314/1/AU3307.pdf,
S07,S07,Madhya Pradesh,13,state_ut,states,2021,589,589,registered cases (CR),"Total cyber crimes (IT Act + IPC + SLL, NCRB definition)","NCRB 'Crime in India' via MHA reply, Lok Sabha USQ 3307 (21.03.2023)",S07_LS_USQ3307_2023-03-21_AnnexI_2019-2021.txt,"Annexure-I (state/UT-wise CR, CCS, CON, PAR, PCS, PCV 2019-2021); CR columns only; exact printed title not captured",https://eparlib.nic.in/bitstream/123456789/1930314/1/AU3307.pdf,
S07,S07,Maharashtra,14,state_ut,states,2019,4967,4967,registered cases (CR),"Total cyber crimes (IT Act + IPC + SLL, NCRB definition)","NCRB 'Crime in India' via MHA reply, Lok Sabha USQ 3307 (21.03.2023)",S07_LS_USQ3307_2023-03-21_AnnexI_2019-2021.txt,"Annexure-I (state/UT-wise CR, CCS, CON, PAR, PCS, PCV 2019-2021); CR columns only; exact printed title not captured",https://eparlib.nic.in/bitstream/123456789/1930314/1/AU3307.pdf,
S07,S07,Maharashtra,14,state_ut,states,2020,5496,5496,registered cases (CR),"Total cyber crimes (IT Act + IPC + SLL, NCRB definition)","NCRB 'Crime in India' via MHA reply, Lok Sabha USQ 3307 (21.03.2023)",S07_LS_USQ3307_2023-03-21_AnnexI_2019-2021.txt,"Annexure-I (state/UT-wise CR, CCS, CON, PAR, PCS, PCV 2019-2021); CR columns only; exact printed title not captured",https://eparlib.nic.in/bitstream/123456789/1930314/1/AU3307.pdf,
S07,S07,Maharashtra,14,state_ut,states,2021,5562,5562,registered cases (CR),"Total cyber crimes (IT Act + IPC + SLL, NCRB definition)","NCRB 'Crime in India' via MHA reply, Lok Sabha USQ 3307 (21.03.2023)",S07_LS_USQ3307_2023-03-21_AnnexI_2019-2021.txt,"Annexure-I (state/UT-wise CR, CCS, CON, PAR, PCS, PCV 2019-2021); CR columns only; exact printed title not captured",https://eparlib.nic.in/bitstream/123456789/1930314/1/AU3307.pdf,
S07,S07,Manipur,15,state_ut,states,2019,4,4,registered cases (CR),"Total cyber crimes (IT Act + IPC + SLL, NCRB definition)","NCRB 'Crime in India' via MHA reply, Lok Sabha USQ 3307 (21.03.2023)",S07_LS_USQ3307_2023-03-21_AnnexI_2019-2021.txt,"Annexure-I (state/UT-wise CR, CCS, CON, PAR, PCS, PCV 2019-2021); CR columns only; exact printed title not captured",https://eparlib.nic.in/bitstream/123456789/1930314/1/AU3307.pdf,
S07,S07,Manipur,15,state_ut,states,2020,79,79,registered cases (CR),"Total cyber crimes (IT Act + IPC + SLL, NCRB definition)","NCRB 'Crime in India' via MHA reply, Lok Sabha USQ 3307 (21.03.2023)",S07_LS_USQ3307_2023-03-21_AnnexI_2019-2021.txt,"Annexure-I (state/UT-wise CR, CCS, CON, PAR, PCS, PCV 2019-2021); CR columns only; exact printed title not captured",https://eparlib.nic.in/bitstream/123456789/1930314/1/AU3307.pdf,
S07,S07,Manipur,15,state_ut,states,2021,67,67,registered cases (CR),"Total cyber crimes (IT Act + IPC + SLL, NCRB definition)","NCRB 'Crime in India' via MHA reply, Lok Sabha USQ 3307 (21.03.2023)",S07_LS_USQ3307_2023-03-21_AnnexI_2019-2021.txt,"Annexure-I (state/UT-wise CR, CCS, CON, PAR, PCS, PCV 2019-2021); CR columns only; exact printed title not captured",https://eparlib.nic.in/bitstream/123456789/1930314/1/AU3307.pdf,
S07,S07,Meghalaya,16,state_ut,states,2019,89,89,registered cases (CR),"Total cyber crimes (IT Act + IPC + SLL, NCRB definition)","NCRB 'Crime in India' via MHA reply, Lok Sabha USQ 3307 (21.03.2023)",S07_LS_USQ3307_2023-03-21_AnnexI_2019-2021.txt,"Annexure-I (state/UT-wise CR, CCS, CON, PAR, PCS, PCV 2019-2021); CR columns only; exact printed title not captured",https://eparlib.nic.in/bitstream/123456789/1930314/1/AU3307.pdf,
S07,S07,Meghalaya,16,state_ut,states,2020,142,142,registered cases (CR),"Total cyber crimes (IT Act + IPC + SLL, NCRB definition)","NCRB 'Crime in India' via MHA reply, Lok Sabha USQ 3307 (21.03.2023)",S07_LS_USQ3307_2023-03-21_AnnexI_2019-2021.txt,"Annexure-I (state/UT-wise CR, CCS, CON, PAR, PCS, PCV 2019-2021); CR columns only; exact printed title not captured",https://eparlib.nic.in/bitstream/123456789/1930314/1/AU3307.pdf,
S07,S07,Meghalaya,16,state_ut,states,2021,107,107,registered cases (CR),"Total cyber crimes (IT Act + IPC + SLL, NCRB definition)","NCRB 'Crime in India' via MHA reply, Lok Sabha USQ 3307 (21.03.2023)",S07_LS_USQ3307_2023-03-21_AnnexI_2019-2021.txt,"Annexure-I (state/UT-wise CR, CCS, CON, PAR, PCS, PCV 2019-2021); CR columns only; exact printed title not captured",https://eparlib.nic.in/bitstream/123456789/1930314/1/AU3307.pdf,
S07,S07,Mizoram,17,state_ut,states,2019,8,8,registered cases (CR),"Total cyber crimes (IT Act + IPC + SLL, NCRB definition)","NCRB 'Crime in India' via MHA reply, Lok Sabha USQ 3307 (21.03.2023)",S07_LS_USQ3307_2023-03-21_AnnexI_2019-2021.txt,"Annexure-I (state/UT-wise CR, CCS, CON, PAR, PCS, PCV 2019-2021); CR columns only; exact printed title not captured",https://eparlib.nic.in/bitstream/123456789/1930314/1/AU3307.pdf,
S07,S07,Mizoram,17,state_ut,states,2020,13,13,registered cases (CR),"Total cyber crimes (IT Act + IPC + SLL, NCRB definition)","NCRB 'Crime in India' via MHA reply, Lok Sabha USQ 3307 (21.03.2023)",S07_LS_USQ3307_2023-03-21_AnnexI_2019-2021.txt,"Annexure-I (state/UT-wise CR, CCS, CON, PAR, PCS, PCV 2019-2021); CR columns only; exact printed title not captured",https://eparlib.nic.in/bitstream/123456789/1930314/1/AU3307.pdf,
S07,S07,Mizoram,17,state_ut,states,2021,30,30,registered cases (CR),"Total cyber crimes (IT Act + IPC + SLL, NCRB definition)","NCRB 'Crime in India' via MHA reply, Lok Sabha USQ 3307 (21.03.2023)",S07_LS_USQ3307_2023-03-21_AnnexI_2019-2021.txt,"Annexure-I (state/UT-wise CR, CCS, CON, PAR, PCS, PCV 2019-2021); CR columns only; exact printed title not captured",https://eparlib.nic.in/bitstream/123456789/1930314/1/AU3307.pdf,
S07,S07,Nagaland,18,state_ut,states,2019,2,2,registered cases (CR),"Total cyber crimes (IT Act + IPC + SLL, NCRB definition)","NCRB 'Crime in India' via MHA reply, Lok Sabha USQ 3307 (21.03.2023)",S07_LS_USQ3307_2023-03-21_AnnexI_2019-2021.txt,"Annexure-I (state/UT-wise CR, CCS, CON, PAR, PCS, PCV 2019-2021); CR columns only; exact printed title not captured",https://eparlib.nic.in/bitstream/123456789/1930314/1/AU3307.pdf,
S07,S07,Nagaland,18,state_ut,states,2020,8,8,registered cases (CR),"Total cyber crimes (IT Act + IPC + SLL, NCRB definition)","NCRB 'Crime in India' via MHA reply, Lok Sabha USQ 3307 (21.03.2023)",S07_LS_USQ3307_2023-03-21_AnnexI_2019-2021.txt,"Annexure-I (state/UT-wise CR, CCS, CON, PAR, PCS, PCV 2019-2021); CR columns only; exact printed title not captured",https://eparlib.nic.in/bitstream/123456789/1930314/1/AU3307.pdf,
S07,S07,Nagaland,18,state_ut,states,2021,8,8,registered cases (CR),"Total cyber crimes (IT Act + IPC + SLL, NCRB definition)","NCRB 'Crime in India' via MHA reply, Lok Sabha USQ 3307 (21.03.2023)",S07_LS_USQ3307_2023-03-21_AnnexI_2019-2021.txt,"Annexure-I (state/UT-wise CR, CCS, CON, PAR, PCS, PCV 2019-2021); CR columns only; exact printed title not captured",https://eparlib.nic.in/bitstream/123456789/1930314/1/AU3307.pdf,
S07,S07,Odisha,19,state_ut,states,2019,1485,1485,registered cases (CR),"Total cyber crimes (IT Act + IPC + SLL, NCRB definition)","NCRB 'Crime in India' via MHA reply, Lok Sabha USQ 3307 (21.03.2023)",S07_LS_USQ3307_2023-03-21_AnnexI_2019-2021.txt,"Annexure-I (state/UT-wise CR, CCS, CON, PAR, PCS, PCV 2019-2021); CR columns only; exact printed title not captured",https://eparlib.nic.in/bitstream/123456789/1930314/1/AU3307.pdf,
S07,S07,Odisha,19,state_ut,states,2020,1931,1931,registered cases (CR),"Total cyber crimes (IT Act + IPC + SLL, NCRB definition)","NCRB 'Crime in India' via MHA reply, Lok Sabha USQ 3307 (21.03.2023)",S07_LS_USQ3307_2023-03-21_AnnexI_2019-2021.txt,"Annexure-I (state/UT-wise CR, CCS, CON, PAR, PCS, PCV 2019-2021); CR columns only; exact printed title not captured",https://eparlib.nic.in/bitstream/123456789/1930314/1/AU3307.pdf,
S07,S07,Odisha,19,state_ut,states,2021,2037,2037,registered cases (CR),"Total cyber crimes (IT Act + IPC + SLL, NCRB definition)","NCRB 'Crime in India' via MHA reply, Lok Sabha USQ 3307 (21.03.2023)",S07_LS_USQ3307_2023-03-21_AnnexI_2019-2021.txt,"Annexure-I (state/UT-wise CR, CCS, CON, PAR, PCS, PCV 2019-2021); CR columns only; exact printed title not captured",https://eparlib.nic.in/bitstream/123456789/1930314/1/AU3307.pdf,
S07,S07,Punjab,20,state_ut,states,2019,243,243,registered cases (CR),"Total cyber crimes (IT Act + IPC + SLL, NCRB definition)","NCRB 'Crime in India' via MHA reply, Lok Sabha USQ 3307 (21.03.2023)",S07_LS_USQ3307_2023-03-21_AnnexI_2019-2021.txt,"Annexure-I (state/UT-wise CR, CCS, CON, PAR, PCS, PCV 2019-2021); CR columns only; exact printed title not captured",https://eparlib.nic.in/bitstream/123456789/1930314/1/AU3307.pdf,
S07,S07,Punjab,20,state_ut,states,2020,378,378,registered cases (CR),"Total cyber crimes (IT Act + IPC + SLL, NCRB definition)","NCRB 'Crime in India' via MHA reply, Lok Sabha USQ 3307 (21.03.2023)",S07_LS_USQ3307_2023-03-21_AnnexI_2019-2021.txt,"Annexure-I (state/UT-wise CR, CCS, CON, PAR, PCS, PCV 2019-2021); CR columns only; exact printed title not captured",https://eparlib.nic.in/bitstream/123456789/1930314/1/AU3307.pdf,
S07,S07,Punjab,20,state_ut,states,2021,551,551,registered cases (CR),"Total cyber crimes (IT Act + IPC + SLL, NCRB definition)","NCRB 'Crime in India' via MHA reply, Lok Sabha USQ 3307 (21.03.2023)",S07_LS_USQ3307_2023-03-21_AnnexI_2019-2021.txt,"Annexure-I (state/UT-wise CR, CCS, CON, PAR, PCS, PCV 2019-2021); CR columns only; exact printed title not captured",https://eparlib.nic.in/bitstream/123456789/1930314/1/AU3307.pdf,
S07,S07,Rajasthan,21,state_ut,states,2019,1762,1762,registered cases (CR),"Total cyber crimes (IT Act + IPC + SLL, NCRB definition)","NCRB 'Crime in India' via MHA reply, Lok Sabha USQ 3307 (21.03.2023)",S07_LS_USQ3307_2023-03-21_AnnexI_2019-2021.txt,"Annexure-I (state/UT-wise CR, CCS, CON, PAR, PCS, PCV 2019-2021); CR columns only; exact printed title not captured",https://eparlib.nic.in/bitstream/123456789/1930314/1/AU3307.pdf,
S07,S07,Rajasthan,21,state_ut,states,2020,1354,1354,registered cases (CR),"Total cyber crimes (IT Act + IPC + SLL, NCRB definition)","NCRB 'Crime in India' via MHA reply, Lok Sabha USQ 3307 (21.03.2023)",S07_LS_USQ3307_2023-03-21_AnnexI_2019-2021.txt,"Annexure-I (state/UT-wise CR, CCS, CON, PAR, PCS, PCV 2019-2021); CR columns only; exact printed title not captured",https://eparlib.nic.in/bitstream/123456789/1930314/1/AU3307.pdf,
S07,S07,Rajasthan,21,state_ut,states,2021,1504,1504,registered cases (CR),"Total cyber crimes (IT Act + IPC + SLL, NCRB definition)","NCRB 'Crime in India' via MHA reply, Lok Sabha USQ 3307 (21.03.2023)",S07_LS_USQ3307_2023-03-21_AnnexI_2019-2021.txt,"Annexure-I (state/UT-wise CR, CCS, CON, PAR, PCS, PCV 2019-2021); CR columns only; exact printed title not captured",https://eparlib.nic.in/bitstream/123456789/1930314/1/AU3307.pdf,
S07,S07,Sikkim,22,state_ut,states,2019,2,2,registered cases (CR),"Total cyber crimes (IT Act + IPC + SLL, NCRB definition)","NCRB 'Crime in India' via MHA reply, Lok Sabha USQ 3307 (21.03.2023)",S07_LS_USQ3307_2023-03-21_AnnexI_2019-2021.txt,"Annexure-I (state/UT-wise CR, CCS, CON, PAR, PCS, PCV 2019-2021); CR columns only; exact printed title not captured",https://eparlib.nic.in/bitstream/123456789/1930314/1/AU3307.pdf,
S07,S07,Sikkim,22,state_ut,states,2020,0,0,registered cases (CR),"Total cyber crimes (IT Act + IPC + SLL, NCRB definition)","NCRB 'Crime in India' via MHA reply, Lok Sabha USQ 3307 (21.03.2023)",S07_LS_USQ3307_2023-03-21_AnnexI_2019-2021.txt,"Annexure-I (state/UT-wise CR, CCS, CON, PAR, PCS, PCV 2019-2021); CR columns only; exact printed title not captured",https://eparlib.nic.in/bitstream/123456789/1930314/1/AU3307.pdf,
S07,S07,Sikkim,22,state_ut,states,2021,0,0,registered cases (CR),"Total cyber crimes (IT Act + IPC + SLL, NCRB definition)","NCRB 'Crime in India' via MHA reply, Lok Sabha USQ 3307 (21.03.2023)",S07_LS_USQ3307_2023-03-21_AnnexI_2019-2021.txt,"Annexure-I (state/UT-wise CR, CCS, CON, PAR, PCS, PCV 2019-2021); CR columns only; exact printed title not captured",https://eparlib.nic.in/bitstream/123456789/1930314/1/AU3307.pdf,
S07,S07,Tamil Nadu,23,state_ut,states,2019,385,385,registered cases (CR),"Total cyber crimes (IT Act + IPC + SLL, NCRB definition)","NCRB 'Crime in India' via MHA reply, Lok Sabha USQ 3307 (21.03.2023)",S07_LS_USQ3307_2023-03-21_AnnexI_2019-2021.txt,"Annexure-I (state/UT-wise CR, CCS, CON, PAR, PCS, PCV 2019-2021); CR columns only; exact printed title not captured",https://eparlib.nic.in/bitstream/123456789/1930314/1/AU3307.pdf,
S07,S07,Tamil Nadu,23,state_ut,states,2020,782,782,registered cases (CR),"Total cyber crimes (IT Act + IPC + SLL, NCRB definition)","NCRB 'Crime in India' via MHA reply, Lok Sabha USQ 3307 (21.03.2023)",S07_LS_USQ3307_2023-03-21_AnnexI_2019-2021.txt,"Annexure-I (state/UT-wise CR, CCS, CON, PAR, PCS, PCV 2019-2021); CR columns only; exact printed title not captured",https://eparlib.nic.in/bitstream/123456789/1930314/1/AU3307.pdf,
S07,S07,Tamil Nadu,23,state_ut,states,2021,1076,1076,registered cases (CR),"Total cyber crimes (IT Act + IPC + SLL, NCRB definition)","NCRB 'Crime in India' via MHA reply, Lok Sabha USQ 3307 (21.03.2023)",S07_LS_USQ3307_2023-03-21_AnnexI_2019-2021.txt,"Annexure-I (state/UT-wise CR, CCS, CON, PAR, PCS, PCV 2019-2021); CR columns only; exact printed title not captured",https://eparlib.nic.in/bitstream/123456789/1930314/1/AU3307.pdf,
S07,S07,Telangana,24,state_ut,states,2019,2691,2691,registered cases (CR),"Total cyber crimes (IT Act + IPC + SLL, NCRB definition)","NCRB 'Crime in India' via MHA reply, Lok Sabha USQ 3307 (21.03.2023)",S07_LS_USQ3307_2023-03-21_AnnexI_2019-2021.txt,"Annexure-I (state/UT-wise CR, CCS, CON, PAR, PCS, PCV 2019-2021); CR columns only; exact printed title not captured",https://eparlib.nic.in/bitstream/123456789/1930314/1/AU3307.pdf,
S07,S07,Telangana,24,state_ut,states,2020,5024,5024,registered cases (CR),"Total cyber crimes (IT Act + IPC + SLL, NCRB definition)","NCRB 'Crime in India' via MHA reply, Lok Sabha USQ 3307 (21.03.2023)",S07_LS_USQ3307_2023-03-21_AnnexI_2019-2021.txt,"Annexure-I (state/UT-wise CR, CCS, CON, PAR, PCS, PCV 2019-2021); CR columns only; exact printed title not captured",https://eparlib.nic.in/bitstream/123456789/1930314/1/AU3307.pdf,
S07,S07,Telangana,24,state_ut,states,2021,10303,10303,registered cases (CR),"Total cyber crimes (IT Act + IPC + SLL, NCRB definition)","NCRB 'Crime in India' via MHA reply, Lok Sabha USQ 3307 (21.03.2023)",S07_LS_USQ3307_2023-03-21_AnnexI_2019-2021.txt,"Annexure-I (state/UT-wise CR, CCS, CON, PAR, PCS, PCV 2019-2021); CR columns only; exact printed title not captured",https://eparlib.nic.in/bitstream/123456789/1930314/1/AU3307.pdf,
S07,S07,Tripura,25,state_ut,states,2019,20,20,registered cases (CR),"Total cyber crimes (IT Act + IPC + SLL, NCRB definition)","NCRB 'Crime in India' via MHA reply, Lok Sabha USQ 3307 (21.03.2023)",S07_LS_USQ3307_2023-03-21_AnnexI_2019-2021.txt,"Annexure-I (state/UT-wise CR, CCS, CON, PAR, PCS, PCV 2019-2021); CR columns only; exact printed title not captured",https://eparlib.nic.in/bitstream/123456789/1930314/1/AU3307.pdf,
S07,S07,Tripura,25,state_ut,states,2020,34,34,registered cases (CR),"Total cyber crimes (IT Act + IPC + SLL, NCRB definition)","NCRB 'Crime in India' via MHA reply, Lok Sabha USQ 3307 (21.03.2023)",S07_LS_USQ3307_2023-03-21_AnnexI_2019-2021.txt,"Annexure-I (state/UT-wise CR, CCS, CON, PAR, PCS, PCV 2019-2021); CR columns only; exact printed title not captured",https://eparlib.nic.in/bitstream/123456789/1930314/1/AU3307.pdf,
S07,S07,Tripura,25,state_ut,states,2021,24,24,registered cases (CR),"Total cyber crimes (IT Act + IPC + SLL, NCRB definition)","NCRB 'Crime in India' via MHA reply, Lok Sabha USQ 3307 (21.03.2023)",S07_LS_USQ3307_2023-03-21_AnnexI_2019-2021.txt,"Annexure-I (state/UT-wise CR, CCS, CON, PAR, PCS, PCV 2019-2021); CR columns only; exact printed title not captured",https://eparlib.nic.in/bitstream/123456789/1930314/1/AU3307.pdf,
S07,S07,Uttar Pradesh,26,state_ut,states,2019,11416,11416,registered cases (CR),"Total cyber crimes (IT Act + IPC + SLL, NCRB definition)","NCRB 'Crime in India' via MHA reply, Lok Sabha USQ 3307 (21.03.2023)",S07_LS_USQ3307_2023-03-21_AnnexI_2019-2021.txt,"Annexure-I (state/UT-wise CR, CCS, CON, PAR, PCS, PCV 2019-2021); CR columns only; exact printed title not captured",https://eparlib.nic.in/bitstream/123456789/1930314/1/AU3307.pdf,
S07,S07,Uttar Pradesh,26,state_ut,states,2020,11097,11097,registered cases (CR),"Total cyber crimes (IT Act + IPC + SLL, NCRB definition)","NCRB 'Crime in India' via MHA reply, Lok Sabha USQ 3307 (21.03.2023)",S07_LS_USQ3307_2023-03-21_AnnexI_2019-2021.txt,"Annexure-I (state/UT-wise CR, CCS, CON, PAR, PCS, PCV 2019-2021); CR columns only; exact printed title not captured",https://eparlib.nic.in/bitstream/123456789/1930314/1/AU3307.pdf,
S07,S07,Uttar Pradesh,26,state_ut,states,2021,8829,8829,registered cases (CR),"Total cyber crimes (IT Act + IPC + SLL, NCRB definition)","NCRB 'Crime in India' via MHA reply, Lok Sabha USQ 3307 (21.03.2023)",S07_LS_USQ3307_2023-03-21_AnnexI_2019-2021.txt,"Annexure-I (state/UT-wise CR, CCS, CON, PAR, PCS, PCV 2019-2021); CR columns only; exact printed title not captured",https://eparlib.nic.in/bitstream/123456789/1930314/1/AU3307.pdf,
S07,S07,Uttarakhand,27,state_ut,states,2019,100,100,registered cases (CR),"Total cyber crimes (IT Act + IPC + SLL, NCRB definition)","NCRB 'Crime in India' via MHA reply, Lok Sabha USQ 3307 (21.03.2023)",S07_LS_USQ3307_2023-03-21_AnnexI_2019-2021.txt,"Annexure-I (state/UT-wise CR, CCS, CON, PAR, PCS, PCV 2019-2021); CR columns only; exact printed title not captured",https://eparlib.nic.in/bitstream/123456789/1930314/1/AU3307.pdf,
S07,S07,Uttarakhand,27,state_ut,states,2020,243,243,registered cases (CR),"Total cyber crimes (IT Act + IPC + SLL, NCRB definition)","NCRB 'Crime in India' via MHA reply, Lok Sabha USQ 3307 (21.03.2023)",S07_LS_USQ3307_2023-03-21_AnnexI_2019-2021.txt,"Annexure-I (state/UT-wise CR, CCS, CON, PAR, PCS, PCV 2019-2021); CR columns only; exact printed title not captured",https://eparlib.nic.in/bitstream/123456789/1930314/1/AU3307.pdf,
S07,S07,Uttarakhand,27,state_ut,states,2021,718,718,registered cases (CR),"Total cyber crimes (IT Act + IPC + SLL, NCRB definition)","NCRB 'Crime in India' via MHA reply, Lok Sabha USQ 3307 (21.03.2023)",S07_LS_USQ3307_2023-03-21_AnnexI_2019-2021.txt,"Annexure-I (state/UT-wise CR, CCS, CON, PAR, PCS, PCV 2019-2021); CR columns only; exact printed title not captured",https://eparlib.nic.in/bitstream/123456789/1930314/1/AU3307.pdf,
S07,S07,West Bengal,28,state_ut,states,2019,524,524,registered cases (CR),"Total cyber crimes (IT Act + IPC + SLL, NCRB definition)","NCRB 'Crime in India' via MHA reply, Lok Sabha USQ 3307 (21.03.2023)",S07_LS_USQ3307_2023-03-21_AnnexI_2019-2021.txt,"Annexure-I (state/UT-wise CR, CCS, CON, PAR, PCS, PCV 2019-2021); CR columns only; exact printed title not captured",https://eparlib.nic.in/bitstream/123456789/1930314/1/AU3307.pdf,
S07,S07,West Bengal,28,state_ut,states,2020,712,712,registered cases (CR),"Total cyber crimes (IT Act + IPC + SLL, NCRB definition)","NCRB 'Crime in India' via MHA reply, Lok Sabha USQ 3307 (21.03.2023)",S07_LS_USQ3307_2023-03-21_AnnexI_2019-2021.txt,"Annexure-I (state/UT-wise CR, CCS, CON, PAR, PCS, PCV 2019-2021); CR columns only; exact printed title not captured",https://eparlib.nic.in/bitstream/123456789/1930314/1/AU3307.pdf,
S07,S07,West Bengal,28,state_ut,states,2021,513,513,registered cases (CR),"Total cyber crimes (IT Act + IPC + SLL, NCRB definition)","NCRB 'Crime in India' via MHA reply, Lok Sabha USQ 3307 (21.03.2023)",S07_LS_USQ3307_2023-03-21_AnnexI_2019-2021.txt,"Annexure-I (state/UT-wise CR, CCS, CON, PAR, PCS, PCV 2019-2021); CR columns only; exact printed title not captured",https://eparlib.nic.in/bitstream/123456789/1930314/1/AU3307.pdf,
S07,S07,TOTAL STATE(S),,total_states,states,2019,44511,44511,registered cases (CR),"Total cyber crimes (IT Act + IPC + SLL, NCRB definition)","NCRB 'Crime in India' via MHA reply, Lok Sabha USQ 3307 (21.03.2023)",S07_LS_USQ3307_2023-03-21_AnnexI_2019-2021.txt,"Annexure-I (state/UT-wise CR, CCS, CON, PAR, PCS, PCV 2019-2021); CR columns only; exact printed title not captured",https://eparlib.nic.in/bitstream/123456789/1930314/1/AU3307.pdf,
S07,S07,TOTAL STATE(S),,total_states,states,2020,49708,49708,registered cases (CR),"Total cyber crimes (IT Act + IPC + SLL, NCRB definition)","NCRB 'Crime in India' via MHA reply, Lok Sabha USQ 3307 (21.03.2023)",S07_LS_USQ3307_2023-03-21_AnnexI_2019-2021.txt,"Annexure-I (state/UT-wise CR, CCS, CON, PAR, PCS, PCV 2019-2021); CR columns only; exact printed title not captured",https://eparlib.nic.in/bitstream/123456789/1930314/1/AU3307.pdf,
S07,S07,TOTAL STATE(S),,total_states,states,2021,52430,52430,registered cases (CR),"Total cyber crimes (IT Act + IPC + SLL, NCRB definition)","NCRB 'Crime in India' via MHA reply, Lok Sabha USQ 3307 (21.03.2023)",S07_LS_USQ3307_2023-03-21_AnnexI_2019-2021.txt,"Annexure-I (state/UT-wise CR, CCS, CON, PAR, PCS, PCV 2019-2021); CR columns only; exact printed title not captured",https://eparlib.nic.in/bitstream/123456789/1930314/1/AU3307.pdf,
S07,S07,A&N Islands,29,state_ut,uts,2019,2,2,registered cases (CR),"Total cyber crimes (IT Act + IPC + SLL, NCRB definition)","NCRB 'Crime in India' via MHA reply, Lok Sabha USQ 3307 (21.03.2023)",S07_LS_USQ3307_2023-03-21_AnnexI_2019-2021.txt,"Annexure-I (state/UT-wise CR, CCS, CON, PAR, PCS, PCV 2019-2021); CR columns only; exact printed title not captured",https://eparlib.nic.in/bitstream/123456789/1930314/1/AU3307.pdf,
S07,S07,A&N Islands,29,state_ut,uts,2020,5,5,registered cases (CR),"Total cyber crimes (IT Act + IPC + SLL, NCRB definition)","NCRB 'Crime in India' via MHA reply, Lok Sabha USQ 3307 (21.03.2023)",S07_LS_USQ3307_2023-03-21_AnnexI_2019-2021.txt,"Annexure-I (state/UT-wise CR, CCS, CON, PAR, PCS, PCV 2019-2021); CR columns only; exact printed title not captured",https://eparlib.nic.in/bitstream/123456789/1930314/1/AU3307.pdf,
S07,S07,A&N Islands,29,state_ut,uts,2021,8,8,registered cases (CR),"Total cyber crimes (IT Act + IPC + SLL, NCRB definition)","NCRB 'Crime in India' via MHA reply, Lok Sabha USQ 3307 (21.03.2023)",S07_LS_USQ3307_2023-03-21_AnnexI_2019-2021.txt,"Annexure-I (state/UT-wise CR, CCS, CON, PAR, PCS, PCV 2019-2021); CR columns only; exact printed title not captured",https://eparlib.nic.in/bitstream/123456789/1930314/1/AU3307.pdf,
S07,S07,Chandigarh,30,state_ut,uts,2019,23,23,registered cases (CR),"Total cyber crimes (IT Act + IPC + SLL, NCRB definition)","NCRB 'Crime in India' via MHA reply, Lok Sabha USQ 3307 (21.03.2023)",S07_LS_USQ3307_2023-03-21_AnnexI_2019-2021.txt,"Annexure-I (state/UT-wise CR, CCS, CON, PAR, PCS, PCV 2019-2021); CR columns only; exact printed title not captured",https://eparlib.nic.in/bitstream/123456789/1930314/1/AU3307.pdf,
S07,S07,Chandigarh,30,state_ut,uts,2020,17,17,registered cases (CR),"Total cyber crimes (IT Act + IPC + SLL, NCRB definition)","NCRB 'Crime in India' via MHA reply, Lok Sabha USQ 3307 (21.03.2023)",S07_LS_USQ3307_2023-03-21_AnnexI_2019-2021.txt,"Annexure-I (state/UT-wise CR, CCS, CON, PAR, PCS, PCV 2019-2021); CR columns only; exact printed title not captured",https://eparlib.nic.in/bitstream/123456789/1930314/1/AU3307.pdf,
S07,S07,Chandigarh,30,state_ut,uts,2021,15,15,registered cases (CR),"Total cyber crimes (IT Act + IPC + SLL, NCRB definition)","NCRB 'Crime in India' via MHA reply, Lok Sabha USQ 3307 (21.03.2023)",S07_LS_USQ3307_2023-03-21_AnnexI_2019-2021.txt,"Annexure-I (state/UT-wise CR, CCS, CON, PAR, PCS, PCV 2019-2021); CR columns only; exact printed title not captured",https://eparlib.nic.in/bitstream/123456789/1930314/1/AU3307.pdf,
S07,S07,D&N Haveli and Daman & Diu,31,state_ut,uts,2019,3,3,registered cases (CR),"Total cyber crimes (IT Act + IPC + SLL, NCRB definition)","NCRB 'Crime in India' via MHA reply, Lok Sabha USQ 3307 (21.03.2023)",S07_LS_USQ3307_2023-03-21_AnnexI_2019-2021.txt,"Annexure-I (state/UT-wise CR, CCS, CON, PAR, PCS, PCV 2019-2021); CR columns only; exact printed title not captured",https://eparlib.nic.in/bitstream/123456789/1930314/1/AU3307.pdf,
S07,S07,D&N Haveli and Daman & Diu,31,state_ut,uts,2020,3,3,registered cases (CR),"Total cyber crimes (IT Act + IPC + SLL, NCRB definition)","NCRB 'Crime in India' via MHA reply, Lok Sabha USQ 3307 (21.03.2023)",S07_LS_USQ3307_2023-03-21_AnnexI_2019-2021.txt,"Annexure-I (state/UT-wise CR, CCS, CON, PAR, PCS, PCV 2019-2021); CR columns only; exact printed title not captured",https://eparlib.nic.in/bitstream/123456789/1930314/1/AU3307.pdf,
S07,S07,D&N Haveli and Daman & Diu,31,state_ut,uts,2021,5,5,registered cases (CR),"Total cyber crimes (IT Act + IPC + SLL, NCRB definition)","NCRB 'Crime in India' via MHA reply, Lok Sabha USQ 3307 (21.03.2023)",S07_LS_USQ3307_2023-03-21_AnnexI_2019-2021.txt,"Annexure-I (state/UT-wise CR, CCS, CON, PAR, PCS, PCV 2019-2021); CR columns only; exact printed title not captured",https://eparlib.nic.in/bitstream/123456789/1930314/1/AU3307.pdf,
S07,S07,Delhi,32,state_ut,uts,2019,115,115,registered cases (CR),"Total cyber crimes (IT Act + IPC + SLL, NCRB definition)","NCRB 'Crime in India' via MHA reply, Lok Sabha USQ 3307 (21.03.2023)",S07_LS_USQ3307_2023-03-21_AnnexI_2019-2021.txt,"Annexure-I (state/UT-wise CR, CCS, CON, PAR, PCS, PCV 2019-2021); CR columns only; exact printed title not captured",https://eparlib.nic.in/bitstream/123456789/1930314/1/AU3307.pdf,
S07,S07,Delhi,32,state_ut,uts,2020,168,168,registered cases (CR),"Total cyber crimes (IT Act + IPC + SLL, NCRB definition)","NCRB 'Crime in India' via MHA reply, Lok Sabha USQ 3307 (21.03.2023)",S07_LS_USQ3307_2023-03-21_AnnexI_2019-2021.txt,"Annexure-I (state/UT-wise CR, CCS, CON, PAR, PCS, PCV 2019-2021); CR columns only; exact printed title not captured",https://eparlib.nic.in/bitstream/123456789/1930314/1/AU3307.pdf,
S07,S07,Delhi,32,state_ut,uts,2021,356,356,registered cases (CR),"Total cyber crimes (IT Act + IPC + SLL, NCRB definition)","NCRB 'Crime in India' via MHA reply, Lok Sabha USQ 3307 (21.03.2023)",S07_LS_USQ3307_2023-03-21_AnnexI_2019-2021.txt,"Annexure-I (state/UT-wise CR, CCS, CON, PAR, PCS, PCV 2019-2021); CR columns only; exact printed title not captured",https://eparlib.nic.in/bitstream/123456789/1930314/1/AU3307.pdf,
S07,S07,Jammu & Kashmir,33,state_ut,uts,2019,73,73,registered cases (CR),"Total cyber crimes (IT Act + IPC + SLL, NCRB definition)","NCRB 'Crime in India' via MHA reply, Lok Sabha USQ 3307 (21.03.2023)",S07_LS_USQ3307_2023-03-21_AnnexI_2019-2021.txt,"Annexure-I (state/UT-wise CR, CCS, CON, PAR, PCS, PCV 2019-2021); CR columns only; exact printed title not captured",https://eparlib.nic.in/bitstream/123456789/1930314/1/AU3307.pdf,
S07,S07,Jammu & Kashmir,33,state_ut,uts,2020,120,120,registered cases (CR),"Total cyber crimes (IT Act + IPC + SLL, NCRB definition)","NCRB 'Crime in India' via MHA reply, Lok Sabha USQ 3307 (21.03.2023)",S07_LS_USQ3307_2023-03-21_AnnexI_2019-2021.txt,"Annexure-I (state/UT-wise CR, CCS, CON, PAR, PCS, PCV 2019-2021); CR columns only; exact printed title not captured",https://eparlib.nic.in/bitstream/123456789/1930314/1/AU3307.pdf,
S07,S07,Jammu & Kashmir,33,state_ut,uts,2021,154,154,registered cases (CR),"Total cyber crimes (IT Act + IPC + SLL, NCRB definition)","NCRB 'Crime in India' via MHA reply, Lok Sabha USQ 3307 (21.03.2023)",S07_LS_USQ3307_2023-03-21_AnnexI_2019-2021.txt,"Annexure-I (state/UT-wise CR, CCS, CON, PAR, PCS, PCV 2019-2021); CR columns only; exact printed title not captured",https://eparlib.nic.in/bitstream/123456789/1930314/1/AU3307.pdf,
S07,S07,Ladakh,34,state_ut,uts,2019,,-,registered cases (CR),"Total cyber crimes (IT Act + IPC + SLL, NCRB definition)","NCRB 'Crime in India' via MHA reply, Lok Sabha USQ 3307 (21.03.2023)",S07_LS_USQ3307_2023-03-21_AnnexI_2019-2021.txt,"Annexure-I (state/UT-wise CR, CCS, CON, PAR, PCS, PCV 2019-2021); CR columns only; exact printed title not captured",https://eparlib.nic.in/bitstream/123456789/1930314/1/AU3307.pdf,Dash printed in source (not zero); entity did not exist separately in this year.
S07,S07,Ladakh,34,state_ut,uts,2020,1,1,registered cases (CR),"Total cyber crimes (IT Act + IPC + SLL, NCRB definition)","NCRB 'Crime in India' via MHA reply, Lok Sabha USQ 3307 (21.03.2023)",S07_LS_USQ3307_2023-03-21_AnnexI_2019-2021.txt,"Annexure-I (state/UT-wise CR, CCS, CON, PAR, PCS, PCV 2019-2021); CR columns only; exact printed title not captured",https://eparlib.nic.in/bitstream/123456789/1930314/1/AU3307.pdf,
S07,S07,Ladakh,34,state_ut,uts,2021,5,5,registered cases (CR),"Total cyber crimes (IT Act + IPC + SLL, NCRB definition)","NCRB 'Crime in India' via MHA reply, Lok Sabha USQ 3307 (21.03.2023)",S07_LS_USQ3307_2023-03-21_AnnexI_2019-2021.txt,"Annexure-I (state/UT-wise CR, CCS, CON, PAR, PCS, PCV 2019-2021); CR columns only; exact printed title not captured",https://eparlib.nic.in/bitstream/123456789/1930314/1/AU3307.pdf,
S07,S07,Lakshadweep,35,state_ut,uts,2019,4,4,registered cases (CR),"Total cyber crimes (IT Act + IPC + SLL, NCRB definition)","NCRB 'Crime in India' via MHA reply, Lok Sabha USQ 3307 (21.03.2023)",S07_LS_USQ3307_2023-03-21_AnnexI_2019-2021.txt,"Annexure-I (state/UT-wise CR, CCS, CON, PAR, PCS, PCV 2019-2021); CR columns only; exact printed title not captured",https://eparlib.nic.in/bitstream/123456789/1930314/1/AU3307.pdf,
S07,S07,Lakshadweep,35,state_ut,uts,2020,3,3,registered cases (CR),"Total cyber crimes (IT Act + IPC + SLL, NCRB definition)","NCRB 'Crime in India' via MHA reply, Lok Sabha USQ 3307 (21.03.2023)",S07_LS_USQ3307_2023-03-21_AnnexI_2019-2021.txt,"Annexure-I (state/UT-wise CR, CCS, CON, PAR, PCS, PCV 2019-2021); CR columns only; exact printed title not captured",https://eparlib.nic.in/bitstream/123456789/1930314/1/AU3307.pdf,
S07,S07,Lakshadweep,35,state_ut,uts,2021,1,1,registered cases (CR),"Total cyber crimes (IT Act + IPC + SLL, NCRB definition)","NCRB 'Crime in India' via MHA reply, Lok Sabha USQ 3307 (21.03.2023)",S07_LS_USQ3307_2023-03-21_AnnexI_2019-2021.txt,"Annexure-I (state/UT-wise CR, CCS, CON, PAR, PCS, PCV 2019-2021); CR columns only; exact printed title not captured",https://eparlib.nic.in/bitstream/123456789/1930314/1/AU3307.pdf,
S07,S07,Puducherry,36,state_ut,uts,2019,4,4,registered cases (CR),"Total cyber crimes (IT Act + IPC + SLL, NCRB definition)","NCRB 'Crime in India' via MHA reply, Lok Sabha USQ 3307 (21.03.2023)",S07_LS_USQ3307_2023-03-21_AnnexI_2019-2021.txt,"Annexure-I (state/UT-wise CR, CCS, CON, PAR, PCS, PCV 2019-2021); CR columns only; exact printed title not captured",https://eparlib.nic.in/bitstream/123456789/1930314/1/AU3307.pdf,
S07,S07,Puducherry,36,state_ut,uts,2020,10,10,registered cases (CR),"Total cyber crimes (IT Act + IPC + SLL, NCRB definition)","NCRB 'Crime in India' via MHA reply, Lok Sabha USQ 3307 (21.03.2023)",S07_LS_USQ3307_2023-03-21_AnnexI_2019-2021.txt,"Annexure-I (state/UT-wise CR, CCS, CON, PAR, PCS, PCV 2019-2021); CR columns only; exact printed title not captured",https://eparlib.nic.in/bitstream/123456789/1930314/1/AU3307.pdf,
S07,S07,Puducherry,36,state_ut,uts,2021,0,0,registered cases (CR),"Total cyber crimes (IT Act + IPC + SLL, NCRB definition)","NCRB 'Crime in India' via MHA reply, Lok Sabha USQ 3307 (21.03.2023)",S07_LS_USQ3307_2023-03-21_AnnexI_2019-2021.txt,"Annexure-I (state/UT-wise CR, CCS, CON, PAR, PCS, PCV 2019-2021); CR columns only; exact printed title not captured",https://eparlib.nic.in/bitstream/123456789/1930314/1/AU3307.pdf,
S07,S07,TOTAL UT(S),,total_uts,uts,2019,224,224,registered cases (CR),"Total cyber crimes (IT Act + IPC + SLL, NCRB definition)","NCRB 'Crime in India' via MHA reply, Lok Sabha USQ 3307 (21.03.2023)",S07_LS_USQ3307_2023-03-21_AnnexI_2019-2021.txt,"Annexure-I (state/UT-wise CR, CCS, CON, PAR, PCS, PCV 2019-2021); CR columns only; exact printed title not captured",https://eparlib.nic.in/bitstream/123456789/1930314/1/AU3307.pdf,
S07,S07,TOTAL UT(S),,total_uts,uts,2020,327,327,registered cases (CR),"Total cyber crimes (IT Act + IPC + SLL, NCRB definition)","NCRB 'Crime in India' via MHA reply, Lok Sabha USQ 3307 (21.03.2023)",S07_LS_USQ3307_2023-03-21_AnnexI_2019-2021.txt,"Annexure-I (state/UT-wise CR, CCS, CON, PAR, PCS, PCV 2019-2021); CR columns only; exact printed title not captured",https://eparlib.nic.in/bitstream/123456789/1930314/1/AU3307.pdf,
S07,S07,TOTAL UT(S),,total_uts,uts,2021,544,544,registered cases (CR),"Total cyber crimes (IT Act + IPC + SLL, NCRB definition)","NCRB 'Crime in India' via MHA reply, Lok Sabha USQ 3307 (21.03.2023)",S07_LS_USQ3307_2023-03-21_AnnexI_2019-2021.txt,"Annexure-I (state/UT-wise CR, CCS, CON, PAR, PCS, PCV 2019-2021); CR columns only; exact printed title not captured",https://eparlib.nic.in/bitstream/123456789/1930314/1/AU3307.pdf,
S07,S07,TOTAL (ALL INDIA),,total_all_india,all_india,2019,44735,44735,registered cases (CR),"Total cyber crimes (IT Act + IPC + SLL, NCRB definition)","NCRB 'Crime in India' via MHA reply, Lok Sabha USQ 3307 (21.03.2023)",S07_LS_USQ3307_2023-03-21_AnnexI_2019-2021.txt,"Annexure-I (state/UT-wise CR, CCS, CON, PAR, PCS, PCV 2019-2021); CR columns only; exact printed title not captured",https://eparlib.nic.in/bitstream/123456789/1930314/1/AU3307.pdf,
S07,S07,TOTAL (ALL INDIA),,total_all_india,all_india,2020,50035,50035,registered cases (CR),"Total cyber crimes (IT Act + IPC + SLL, NCRB definition)","NCRB 'Crime in India' via MHA reply, Lok Sabha USQ 3307 (21.03.2023)",S07_LS_USQ3307_2023-03-21_AnnexI_2019-2021.txt,"Annexure-I (state/UT-wise CR, CCS, CON, PAR, PCS, PCV 2019-2021); CR columns only; exact printed title not captured",https://eparlib.nic.in/bitstream/123456789/1930314/1/AU3307.pdf,
S07,S07,TOTAL (ALL INDIA),,total_all_india,all_india,2021,52974,52974,registered cases (CR),"Total cyber crimes (IT Act + IPC + SLL, NCRB definition)","NCRB 'Crime in India' via MHA reply, Lok Sabha USQ 3307 (21.03.2023)",S07_LS_USQ3307_2023-03-21_AnnexI_2019-2021.txt,"Annexure-I (state/UT-wise CR, CCS, CON, PAR, PCS, PCV 2019-2021); CR columns only; exact printed title not captured",https://eparlib.nic.in/bitstream/123456789/1930314/1/AU3307.pdf,
S08,S08,Andhra Pradesh,1,state_ut,states,2014,282,282,registered cases (CR),"Total cyber crimes (IT Act + IPC + SLL, NCRB definition)","NCRB 'Crime in India' via MHA reply, Lok Sabha USQ 1738 (02.07.2019)",S08_LS_USQ1738_2019-07-02_AnnexI_2014-2016.txt,Annexure-I (state/UT-wise cyber crime cases 2014-2016); exact printed title not captured,https://eparlib.nic.in/bitstream/123456789/951400/1/AU1738.pdf,
S08,S08,Andhra Pradesh,1,state_ut,states,2015,536,536,registered cases (CR),"Total cyber crimes (IT Act + IPC + SLL, NCRB definition)","NCRB 'Crime in India' via MHA reply, Lok Sabha USQ 1738 (02.07.2019)",S08_LS_USQ1738_2019-07-02_AnnexI_2014-2016.txt,Annexure-I (state/UT-wise cyber crime cases 2014-2016); exact printed title not captured,https://eparlib.nic.in/bitstream/123456789/951400/1/AU1738.pdf,
S08,S08,Andhra Pradesh,1,state_ut,states,2016,616,616,registered cases (CR),"Total cyber crimes (IT Act + IPC + SLL, NCRB definition)","NCRB 'Crime in India' via MHA reply, Lok Sabha USQ 1738 (02.07.2019)",S08_LS_USQ1738_2019-07-02_AnnexI_2014-2016.txt,Annexure-I (state/UT-wise cyber crime cases 2014-2016); exact printed title not captured,https://eparlib.nic.in/bitstream/123456789/951400/1/AU1738.pdf,
S08,S08,Arunachal Pradesh,2,state_ut,states,2014,18,18,registered cases (CR),"Total cyber crimes (IT Act + IPC + SLL, NCRB definition)","NCRB 'Crime in India' via MHA reply, Lok Sabha USQ 1738 (02.07.2019)",S08_LS_USQ1738_2019-07-02_AnnexI_2014-2016.txt,Annexure-I (state/UT-wise cyber crime cases 2014-2016); exact printed title not captured,https://eparlib.nic.in/bitstream/123456789/951400/1/AU1738.pdf,
S08,S08,Arunachal Pradesh,2,state_ut,states,2015,6,6,registered cases (CR),"Total cyber crimes (IT Act + IPC + SLL, NCRB definition)","NCRB 'Crime in India' via MHA reply, Lok Sabha USQ 1738 (02.07.2019)",S08_LS_USQ1738_2019-07-02_AnnexI_2014-2016.txt,Annexure-I (state/UT-wise cyber crime cases 2014-2016); exact printed title not captured,https://eparlib.nic.in/bitstream/123456789/951400/1/AU1738.pdf,
S08,S08,Arunachal Pradesh,2,state_ut,states,2016,4,4,registered cases (CR),"Total cyber crimes (IT Act + IPC + SLL, NCRB definition)","NCRB 'Crime in India' via MHA reply, Lok Sabha USQ 1738 (02.07.2019)",S08_LS_USQ1738_2019-07-02_AnnexI_2014-2016.txt,Annexure-I (state/UT-wise cyber crime cases 2014-2016); exact printed title not captured,https://eparlib.nic.in/bitstream/123456789/951400/1/AU1738.pdf,
S08,S08,Assam,3,state_ut,states,2014,379,379,registered cases (CR),"Total cyber crimes (IT Act + IPC + SLL, NCRB definition)","NCRB 'Crime in India' via MHA reply, Lok Sabha USQ 1738 (02.07.2019)",S08_LS_USQ1738_2019-07-02_AnnexI_2014-2016.txt,Annexure-I (state/UT-wise cyber crime cases 2014-2016); exact printed title not captured,https://eparlib.nic.in/bitstream/123456789/951400/1/AU1738.pdf,
S08,S08,Assam,3,state_ut,states,2015,483,483,registered cases (CR),"Total cyber crimes (IT Act + IPC + SLL, NCRB definition)","NCRB 'Crime in India' via MHA reply, Lok Sabha USQ 1738 (02.07.2019)",S08_LS_USQ1738_2019-07-02_AnnexI_2014-2016.txt,Annexure-I (state/UT-wise cyber crime cases 2014-2016); exact printed title not captured,https://eparlib.nic.in/bitstream/123456789/951400/1/AU1738.pdf,
S08,S08,Assam,3,state_ut,states,2016,696,696,registered cases (CR),"Total cyber crimes (IT Act + IPC + SLL, NCRB definition)","NCRB 'Crime in India' via MHA reply, Lok Sabha USQ 1738 (02.07.2019)",S08_LS_USQ1738_2019-07-02_AnnexI_2014-2016.txt,Annexure-I (state/UT-wise cyber crime cases 2014-2016); exact printed title not captured,https://eparlib.nic.in/bitstream/123456789/951400/1/AU1738.pdf,
S08,S08,Bihar,4,state_ut,states,2014,114,114,registered cases (CR),"Total cyber crimes (IT Act + IPC + SLL, NCRB definition)","NCRB 'Crime in India' via MHA reply, Lok Sabha USQ 1738 (02.07.2019)",S08_LS_USQ1738_2019-07-02_AnnexI_2014-2016.txt,Annexure-I (state/UT-wise cyber crime cases 2014-2016); exact printed title not captured,https://eparlib.nic.in/bitstream/123456789/951400/1/AU1738.pdf,
S08,S08,Bihar,4,state_ut,states,2015,242,242,registered cases (CR),"Total cyber crimes (IT Act + IPC + SLL, NCRB definition)","NCRB 'Crime in India' via MHA reply, Lok Sabha USQ 1738 (02.07.2019)",S08_LS_USQ1738_2019-07-02_AnnexI_2014-2016.txt,Annexure-I (state/UT-wise cyber crime cases 2014-2016); exact printed title not captured,https://eparlib.nic.in/bitstream/123456789/951400/1/AU1738.pdf,
S08,S08,Bihar,4,state_ut,states,2016,309,309,registered cases (CR),"Total cyber crimes (IT Act + IPC + SLL, NCRB definition)","NCRB 'Crime in India' via MHA reply, Lok Sabha USQ 1738 (02.07.2019)",S08_LS_USQ1738_2019-07-02_AnnexI_2014-2016.txt,Annexure-I (state/UT-wise cyber crime cases 2014-2016); exact printed title not captured,https://eparlib.nic.in/bitstream/123456789/951400/1/AU1738.pdf,
S08,S08,Chhattisgarh,5,state_ut,states,2014,123,123,registered cases (CR),"Total cyber crimes (IT Act + IPC + SLL, NCRB definition)","NCRB 'Crime in India' via MHA reply, Lok Sabha USQ 1738 (02.07.2019)",S08_LS_USQ1738_2019-07-02_AnnexI_2014-2016.txt,Annexure-I (state/UT-wise cyber crime cases 2014-2016); exact printed title not captured,https://eparlib.nic.in/bitstream/123456789/951400/1/AU1738.pdf,
S08,S08,Chhattisgarh,5,state_ut,states,2015,103,103,registered cases (CR),"Total cyber crimes (IT Act + IPC + SLL, NCRB definition)","NCRB 'Crime in India' via MHA reply, Lok Sabha USQ 1738 (02.07.2019)",S08_LS_USQ1738_2019-07-02_AnnexI_2014-2016.txt,Annexure-I (state/UT-wise cyber crime cases 2014-2016); exact printed title not captured,https://eparlib.nic.in/bitstream/123456789/951400/1/AU1738.pdf,
S08,S08,Chhattisgarh,5,state_ut,states,2016,90,90,registered cases (CR),"Total cyber crimes (IT Act + IPC + SLL, NCRB definition)","NCRB 'Crime in India' via MHA reply, Lok Sabha USQ 1738 (02.07.2019)",S08_LS_USQ1738_2019-07-02_AnnexI_2014-2016.txt,Annexure-I (state/UT-wise cyber crime cases 2014-2016); exact printed title not captured,https://eparlib.nic.in/bitstream/123456789/951400/1/AU1738.pdf,
S08,S08,Goa,6,state_ut,states,2014,62,62,registered cases (CR),"Total cyber crimes (IT Act + IPC + SLL, NCRB definition)","NCRB 'Crime in India' via MHA reply, Lok Sabha USQ 1738 (02.07.2019)",S08_LS_USQ1738_2019-07-02_AnnexI_2014-2016.txt,Annexure-I (state/UT-wise cyber crime cases 2014-2016); exact printed title not captured,https://eparlib.nic.in/bitstream/123456789/951400/1/AU1738.pdf,
S08,S08,Goa,6,state_ut,states,2015,17,17,registered cases (CR),"Total cyber crimes (IT Act + IPC + SLL, NCRB definition)","NCRB 'Crime in India' via MHA reply, Lok Sabha USQ 1738 (02.07.2019)",S08_LS_USQ1738_2019-07-02_AnnexI_2014-2016.txt,Annexure-I (state/UT-wise cyber crime cases 2014-2016); exact printed title not captured,https://eparlib.nic.in/bitstream/123456789/951400/1/AU1738.pdf,
S08,S08,Goa,6,state_ut,states,2016,31,31,registered cases (CR),"Total cyber crimes (IT Act + IPC + SLL, NCRB definition)","NCRB 'Crime in India' via MHA reply, Lok Sabha USQ 1738 (02.07.2019)",S08_LS_USQ1738_2019-07-02_AnnexI_2014-2016.txt,Annexure-I (state/UT-wise cyber crime cases 2014-2016); exact printed title not captured,https://eparlib.nic.in/bitstream/123456789/951400/1/AU1738.pdf,
S08,S08,Gujarat,7,state_ut,states,2014,227,227,registered cases (CR),"Total cyber crimes (IT Act + IPC + SLL, NCRB definition)","NCRB 'Crime in India' via MHA reply, Lok Sabha USQ 1738 (02.07.2019)",S08_LS_USQ1738_2019-07-02_AnnexI_2014-2016.txt,Annexure-I (state/UT-wise cyber crime cases 2014-2016); exact printed title not captured,https://eparlib.nic.in/bitstream/123456789/951400/1/AU1738.pdf,
S08,S08,Gujarat,7,state_ut,states,2015,242,242,registered cases (CR),"Total cyber crimes (IT Act + IPC + SLL, NCRB definition)","NCRB 'Crime in India' via MHA reply, Lok Sabha USQ 1738 (02.07.2019)",S08_LS_USQ1738_2019-07-02_AnnexI_2014-2016.txt,Annexure-I (state/UT-wise cyber crime cases 2014-2016); exact printed title not captured,https://eparlib.nic.in/bitstream/123456789/951400/1/AU1738.pdf,
S08,S08,Gujarat,7,state_ut,states,2016,362,362,registered cases (CR),"Total cyber crimes (IT Act + IPC + SLL, NCRB definition)","NCRB 'Crime in India' via MHA reply, Lok Sabha USQ 1738 (02.07.2019)",S08_LS_USQ1738_2019-07-02_AnnexI_2014-2016.txt,Annexure-I (state/UT-wise cyber crime cases 2014-2016); exact printed title not captured,https://eparlib.nic.in/bitstream/123456789/951400/1/AU1738.pdf,
S08,S08,Haryana,8,state_ut,states,2014,151,151,registered cases (CR),"Total cyber crimes (IT Act + IPC + SLL, NCRB definition)","NCRB 'Crime in India' via MHA reply, Lok Sabha USQ 1738 (02.07.2019)",S08_LS_USQ1738_2019-07-02_AnnexI_2014-2016.txt,Annexure-I (state/UT-wise cyber crime cases 2014-2016); exact printed title not captured,https://eparlib.nic.in/bitstream/123456789/951400/1/AU1738.pdf,
S08,S08,Haryana,8,state_ut,states,2015,224,224,registered cases (CR),"Total cyber crimes (IT Act + IPC + SLL, NCRB definition)","NCRB 'Crime in India' via MHA reply, Lok Sabha USQ 1738 (02.07.2019)",S08_LS_USQ1738_2019-07-02_AnnexI_2014-2016.txt,Annexure-I (state/UT-wise cyber crime cases 2014-2016); exact printed title not captured,https://eparlib.nic.in/bitstream/123456789/951400/1/AU1738.pdf,
S08,S08,Haryana,8,state_ut,states,2016,401,401,registered cases (CR),"Total cyber crimes (IT Act + IPC + SLL, NCRB definition)","NCRB 'Crime in India' via MHA reply, Lok Sabha USQ 1738 (02.07.2019)",S08_LS_USQ1738_2019-07-02_AnnexI_2014-2016.txt,Annexure-I (state/UT-wise cyber crime cases 2014-2016); exact printed title not captured,https://eparlib.nic.in/bitstream/123456789/951400/1/AU1738.pdf,
S08,S08,Himachal Pradesh,9,state_ut,states,2014,38,38,registered cases (CR),"Total cyber crimes (IT Act + IPC + SLL, NCRB definition)","NCRB 'Crime in India' via MHA reply, Lok Sabha USQ 1738 (02.07.2019)",S08_LS_USQ1738_2019-07-02_AnnexI_2014-2016.txt,Annexure-I (state/UT-wise cyber crime cases 2014-2016); exact printed title not captured,https://eparlib.nic.in/bitstream/123456789/951400/1/AU1738.pdf,
S08,S08,Himachal Pradesh,9,state_ut,states,2015,50,50,registered cases (CR),"Total cyber crimes (IT Act + IPC + SLL, NCRB definition)","NCRB 'Crime in India' via MHA reply, Lok Sabha USQ 1738 (02.07.2019)",S08_LS_USQ1738_2019-07-02_AnnexI_2014-2016.txt,Annexure-I (state/UT-wise cyber crime cases 2014-2016); exact printed title not captured,https://eparlib.nic.in/bitstream/123456789/951400/1/AU1738.pdf,
S08,S08,Himachal Pradesh,9,state_ut,states,2016,31,31,registered cases (CR),"Total cyber crimes (IT Act + IPC + SLL, NCRB definition)","NCRB 'Crime in India' via MHA reply, Lok Sabha USQ 1738 (02.07.2019)",S08_LS_USQ1738_2019-07-02_AnnexI_2014-2016.txt,Annexure-I (state/UT-wise cyber crime cases 2014-2016); exact printed title not captured,https://eparlib.nic.in/bitstream/123456789/951400/1/AU1738.pdf,
S08,S08,Jammu & Kashmir,10,state_ut,states,2014,37,37,registered cases (CR),"Total cyber crimes (IT Act + IPC + SLL, NCRB definition)","NCRB 'Crime in India' via MHA reply, Lok Sabha USQ 1738 (02.07.2019)",S08_LS_USQ1738_2019-07-02_AnnexI_2014-2016.txt,Annexure-I (state/UT-wise cyber crime cases 2014-2016); exact printed title not captured,https://eparlib.nic.in/bitstream/123456789/951400/1/AU1738.pdf,Listed as a STATE (pre-2019 boundaries) and counted in TOTAL STATE(S).
S08,S08,Jammu & Kashmir,10,state_ut,states,2015,34,34,registered cases (CR),"Total cyber crimes (IT Act + IPC + SLL, NCRB definition)","NCRB 'Crime in India' via MHA reply, Lok Sabha USQ 1738 (02.07.2019)",S08_LS_USQ1738_2019-07-02_AnnexI_2014-2016.txt,Annexure-I (state/UT-wise cyber crime cases 2014-2016); exact printed title not captured,https://eparlib.nic.in/bitstream/123456789/951400/1/AU1738.pdf,Listed as a STATE (pre-2019 boundaries) and counted in TOTAL STATE(S).
S08,S08,Jammu & Kashmir,10,state_ut,states,2016,28,28,registered cases (CR),"Total cyber crimes (IT Act + IPC + SLL, NCRB definition)","NCRB 'Crime in India' via MHA reply, Lok Sabha USQ 1738 (02.07.2019)",S08_LS_USQ1738_2019-07-02_AnnexI_2014-2016.txt,Annexure-I (state/UT-wise cyber crime cases 2014-2016); exact printed title not captured,https://eparlib.nic.in/bitstream/123456789/951400/1/AU1738.pdf,Listed as a STATE (pre-2019 boundaries) and counted in TOTAL STATE(S).
S08,S08,Jharkhand,11,state_ut,states,2014,93,93,registered cases (CR),"Total cyber crimes (IT Act + IPC + SLL, NCRB definition)","NCRB 'Crime in India' via MHA reply, Lok Sabha USQ 1738 (02.07.2019)",S08_LS_USQ1738_2019-07-02_AnnexI_2014-2016.txt,Annexure-I (state/UT-wise cyber crime cases 2014-2016); exact printed title not captured,https://eparlib.nic.in/bitstream/123456789/951400/1/AU1738.pdf,
S08,S08,Jharkhand,11,state_ut,states,2015,180,180,registered cases (CR),"Total cyber crimes (IT Act + IPC + SLL, NCRB definition)","NCRB 'Crime in India' via MHA reply, Lok Sabha USQ 1738 (02.07.2019)",S08_LS_USQ1738_2019-07-02_AnnexI_2014-2016.txt,Annexure-I (state/UT-wise cyber crime cases 2014-2016); exact printed title not captured,https://eparlib.nic.in/bitstream/123456789/951400/1/AU1738.pdf,
S08,S08,Jharkhand,11,state_ut,states,2016,259,259,registered cases (CR),"Total cyber crimes (IT Act + IPC + SLL, NCRB definition)","NCRB 'Crime in India' via MHA reply, Lok Sabha USQ 1738 (02.07.2019)",S08_LS_USQ1738_2019-07-02_AnnexI_2014-2016.txt,Annexure-I (state/UT-wise cyber crime cases 2014-2016); exact printed title not captured,https://eparlib.nic.in/bitstream/123456789/951400/1/AU1738.pdf,
S08,S08,Karnataka,12,state_ut,states,2014,1020,1020,registered cases (CR),"Total cyber crimes (IT Act + IPC + SLL, NCRB definition)","NCRB 'Crime in India' via MHA reply, Lok Sabha USQ 1738 (02.07.2019)",S08_LS_USQ1738_2019-07-02_AnnexI_2014-2016.txt,Annexure-I (state/UT-wise cyber crime cases 2014-2016); exact printed title not captured,https://eparlib.nic.in/bitstream/123456789/951400/1/AU1738.pdf,
S08,S08,Karnataka,12,state_ut,states,2015,1447,1447,registered cases (CR),"Total cyber crimes (IT Act + IPC + SLL, NCRB definition)","NCRB 'Crime in India' via MHA reply, Lok Sabha USQ 1738 (02.07.2019)",S08_LS_USQ1738_2019-07-02_AnnexI_2014-2016.txt,Annexure-I (state/UT-wise cyber crime cases 2014-2016); exact printed title not captured,https://eparlib.nic.in/bitstream/123456789/951400/1/AU1738.pdf,
S08,S08,Karnataka,12,state_ut,states,2016,1101,1101,registered cases (CR),"Total cyber crimes (IT Act + IPC + SLL, NCRB definition)","NCRB 'Crime in India' via MHA reply, Lok Sabha USQ 1738 (02.07.2019)",S08_LS_USQ1738_2019-07-02_AnnexI_2014-2016.txt,Annexure-I (state/UT-wise cyber crime cases 2014-2016); exact printed title not captured,https://eparlib.nic.in/bitstream/123456789/951400/1/AU1738.pdf,
S08,S08,Kerala,13,state_ut,states,2014,450,450,registered cases (CR),"Total cyber crimes (IT Act + IPC + SLL, NCRB definition)","NCRB 'Crime in India' via MHA reply, Lok Sabha USQ 1738 (02.07.2019)",S08_LS_USQ1738_2019-07-02_AnnexI_2014-2016.txt,Annexure-I (state/UT-wise cyber crime cases 2014-2016); exact printed title not captured,https://eparlib.nic.in/bitstream/123456789/951400/1/AU1738.pdf,
S08,S08,Kerala,13,state_ut,states,2015,290,290,registered cases (CR),"Total cyber crimes (IT Act + IPC + SLL, NCRB definition)","NCRB 'Crime in India' via MHA reply, Lok Sabha USQ 1738 (02.07.2019)",S08_LS_USQ1738_2019-07-02_AnnexI_2014-2016.txt,Annexure-I (state/UT-wise cyber crime cases 2014-2016); exact printed title not captured,https://eparlib.nic.in/bitstream/123456789/951400/1/AU1738.pdf,
S08,S08,Kerala,13,state_ut,states,2016,283,283,registered cases (CR),"Total cyber crimes (IT Act + IPC + SLL, NCRB definition)","NCRB 'Crime in India' via MHA reply, Lok Sabha USQ 1738 (02.07.2019)",S08_LS_USQ1738_2019-07-02_AnnexI_2014-2016.txt,Annexure-I (state/UT-wise cyber crime cases 2014-2016); exact printed title not captured,https://eparlib.nic.in/bitstream/123456789/951400/1/AU1738.pdf,
S08,S08,Madhya Pradesh,14,state_ut,states,2014,289,289,registered cases (CR),"Total cyber crimes (IT Act + IPC + SLL, NCRB definition)","NCRB 'Crime in India' via MHA reply, Lok Sabha USQ 1738 (02.07.2019)",S08_LS_USQ1738_2019-07-02_AnnexI_2014-2016.txt,Annexure-I (state/UT-wise cyber crime cases 2014-2016); exact printed title not captured,https://eparlib.nic.in/bitstream/123456789/951400/1/AU1738.pdf,
S08,S08,Madhya Pradesh,14,state_ut,states,2015,231,231,registered cases (CR),"Total cyber crimes (IT Act + IPC + SLL, NCRB definition)","NCRB 'Crime in India' via MHA reply, Lok Sabha USQ 1738 (02.07.2019)",S08_LS_USQ1738_2019-07-02_AnnexI_2014-2016.txt,Annexure-I (state/UT-wise cyber crime cases 2014-2016); exact printed title not captured,https://eparlib.nic.in/bitstream/123456789/951400/1/AU1738.pdf,
S08,S08,Madhya Pradesh,14,state_ut,states,2016,258,258,registered cases (CR),"Total cyber crimes (IT Act + IPC + SLL, NCRB definition)","NCRB 'Crime in India' via MHA reply, Lok Sabha USQ 1738 (02.07.2019)",S08_LS_USQ1738_2019-07-02_AnnexI_2014-2016.txt,Annexure-I (state/UT-wise cyber crime cases 2014-2016); exact printed title not captured,https://eparlib.nic.in/bitstream/123456789/951400/1/AU1738.pdf,
S08,S08,Maharashtra,15,state_ut,states,2014,1879,1879,registered cases (CR),"Total cyber crimes (IT Act + IPC + SLL, NCRB definition)","NCRB 'Crime in India' via MHA reply, Lok Sabha USQ 1738 (02.07.2019)",S08_LS_USQ1738_2019-07-02_AnnexI_2014-2016.txt,Annexure-I (state/UT-wise cyber crime cases 2014-2016); exact printed title not captured,https://eparlib.nic.in/bitstream/123456789/951400/1/AU1738.pdf,
S08,S08,Maharashtra,15,state_ut,states,2015,2195,2195,registered cases (CR),"Total cyber crimes (IT Act + IPC + SLL, NCRB definition)","NCRB 'Crime in India' via MHA reply, Lok Sabha USQ 1738 (02.07.2019)",S08_LS_USQ1738_2019-07-02_AnnexI_2014-2016.txt,Annexure-I (state/UT-wise cyber crime cases 2014-2016); exact printed title not captured,https://eparlib.nic.in/bitstream/123456789/951400/1/AU1738.pdf,
S08,S08,Maharashtra,15,state_ut,states,2016,2380,2380,registered cases (CR),"Total cyber crimes (IT Act + IPC + SLL, NCRB definition)","NCRB 'Crime in India' via MHA reply, Lok Sabha USQ 1738 (02.07.2019)",S08_LS_USQ1738_2019-07-02_AnnexI_2014-2016.txt,Annexure-I (state/UT-wise cyber crime cases 2014-2016); exact printed title not captured,https://eparlib.nic.in/bitstream/123456789/951400/1/AU1738.pdf,
S08,S08,Manipur,16,state_ut,states,2014,13,13,registered cases (CR),"Total cyber crimes (IT Act + IPC + SLL, NCRB definition)","NCRB 'Crime in India' via MHA reply, Lok Sabha USQ 1738 (02.07.2019)",S08_LS_USQ1738_2019-07-02_AnnexI_2014-2016.txt,Annexure-I (state/UT-wise cyber crime cases 2014-2016); exact printed title not captured,https://eparlib.nic.in/bitstream/123456789/951400/1/AU1738.pdf,
S08,S08,Manipur,16,state_ut,states,2015,6,6,registered cases (CR),"Total cyber crimes (IT Act + IPC + SLL, NCRB definition)","NCRB 'Crime in India' via MHA reply, Lok Sabha USQ 1738 (02.07.2019)",S08_LS_USQ1738_2019-07-02_AnnexI_2014-2016.txt,Annexure-I (state/UT-wise cyber crime cases 2014-2016); exact printed title not captured,https://eparlib.nic.in/bitstream/123456789/951400/1/AU1738.pdf,
S08,S08,Manipur,16,state_ut,states,2016,11,11,registered cases (CR),"Total cyber crimes (IT Act + IPC + SLL, NCRB definition)","NCRB 'Crime in India' via MHA reply, Lok Sabha USQ 1738 (02.07.2019)",S08_LS_USQ1738_2019-07-02_AnnexI_2014-2016.txt,Annexure-I (state/UT-wise cyber crime cases 2014-2016); exact printed title not captured,https://eparlib.nic.in/bitstream/123456789/951400/1/AU1738.pdf,
S08,S08,Meghalaya,17,state_ut,states,2014,60,60,registered cases (CR),"Total cyber crimes (IT Act + IPC + SLL, NCRB definition)","NCRB 'Crime in India' via MHA reply, Lok Sabha USQ 1738 (02.07.2019)",S08_LS_USQ1738_2019-07-02_AnnexI_2014-2016.txt,Annexure-I (state/UT-wise cyber crime cases 2014-2016); exact printed title not captured,https://eparlib.nic.in/bitstream/123456789/951400/1/AU1738.pdf,
S08,S08,Meghalaya,17,state_ut,states,2015,56,56,registered cases (CR),"Total cyber crimes (IT Act + IPC + SLL, NCRB definition)","NCRB 'Crime in India' via MHA reply, Lok Sabha USQ 1738 (02.07.2019)",S08_LS_USQ1738_2019-07-02_AnnexI_2014-2016.txt,Annexure-I (state/UT-wise cyber crime cases 2014-2016); exact printed title not captured,https://eparlib.nic.in/bitstream/123456789/951400/1/AU1738.pdf,
S08,S08,Meghalaya,17,state_ut,states,2016,39,39,registered cases (CR),"Total cyber crimes (IT Act + IPC + SLL, NCRB definition)","NCRB 'Crime in India' via MHA reply, Lok Sabha USQ 1738 (02.07.2019)",S08_LS_USQ1738_2019-07-02_AnnexI_2014-2016.txt,Annexure-I (state/UT-wise cyber crime cases 2014-2016); exact printed title not captured,https://eparlib.nic.in/bitstream/123456789/951400/1/AU1738.pdf,
S08,S08,Mizoram,18,state_ut,states,2014,22,22,registered cases (CR),"Total cyber crimes (IT Act + IPC + SLL, NCRB definition)","NCRB 'Crime in India' via MHA reply, Lok Sabha USQ 1738 (02.07.2019)",S08_LS_USQ1738_2019-07-02_AnnexI_2014-2016.txt,Annexure-I (state/UT-wise cyber crime cases 2014-2016); exact printed title not captured,https://eparlib.nic.in/bitstream/123456789/951400/1/AU1738.pdf,
S08,S08,Mizoram,18,state_ut,states,2015,8,8,registered cases (CR),"Total cyber crimes (IT Act + IPC + SLL, NCRB definition)","NCRB 'Crime in India' via MHA reply, Lok Sabha USQ 1738 (02.07.2019)",S08_LS_USQ1738_2019-07-02_AnnexI_2014-2016.txt,Annexure-I (state/UT-wise cyber crime cases 2014-2016); exact printed title not captured,https://eparlib.nic.in/bitstream/123456789/951400/1/AU1738.pdf,
S08,S08,Mizoram,18,state_ut,states,2016,1,1,registered cases (CR),"Total cyber crimes (IT Act + IPC + SLL, NCRB definition)","NCRB 'Crime in India' via MHA reply, Lok Sabha USQ 1738 (02.07.2019)",S08_LS_USQ1738_2019-07-02_AnnexI_2014-2016.txt,Annexure-I (state/UT-wise cyber crime cases 2014-2016); exact printed title not captured,https://eparlib.nic.in/bitstream/123456789/951400/1/AU1738.pdf,
S08,S08,Nagaland,19,state_ut,states,2014,0,0,registered cases (CR),"Total cyber crimes (IT Act + IPC + SLL, NCRB definition)","NCRB 'Crime in India' via MHA reply, Lok Sabha USQ 1738 (02.07.2019)",S08_LS_USQ1738_2019-07-02_AnnexI_2014-2016.txt,Annexure-I (state/UT-wise cyber crime cases 2014-2016); exact printed title not captured,https://eparlib.nic.in/bitstream/123456789/951400/1/AU1738.pdf,
S08,S08,Nagaland,19,state_ut,states,2015,0,0,registered cases (CR),"Total cyber crimes (IT Act + IPC + SLL, NCRB definition)","NCRB 'Crime in India' via MHA reply, Lok Sabha USQ 1738 (02.07.2019)",S08_LS_USQ1738_2019-07-02_AnnexI_2014-2016.txt,Annexure-I (state/UT-wise cyber crime cases 2014-2016); exact printed title not captured,https://eparlib.nic.in/bitstream/123456789/951400/1/AU1738.pdf,
S08,S08,Nagaland,19,state_ut,states,2016,2,2,registered cases (CR),"Total cyber crimes (IT Act + IPC + SLL, NCRB definition)","NCRB 'Crime in India' via MHA reply, Lok Sabha USQ 1738 (02.07.2019)",S08_LS_USQ1738_2019-07-02_AnnexI_2014-2016.txt,Annexure-I (state/UT-wise cyber crime cases 2014-2016); exact printed title not captured,https://eparlib.nic.in/bitstream/123456789/951400/1/AU1738.pdf,
S08,S08,Odisha,20,state_ut,states,2014,124,124,registered cases (CR),"Total cyber crimes (IT Act + IPC + SLL, NCRB definition)","NCRB 'Crime in India' via MHA reply, Lok Sabha USQ 1738 (02.07.2019)",S08_LS_USQ1738_2019-07-02_AnnexI_2014-2016.txt,Annexure-I (state/UT-wise cyber crime cases 2014-2016); exact printed title not captured,https://eparlib.nic.in/bitstream/123456789/951400/1/AU1738.pdf,
S08,S08,Odisha,20,state_ut,states,2015,386,386,registered cases (CR),"Total cyber crimes (IT Act + IPC + SLL, NCRB definition)","NCRB 'Crime in India' via MHA reply, Lok Sabha USQ 1738 (02.07.2019)",S08_LS_USQ1738_2019-07-02_AnnexI_2014-2016.txt,Annexure-I (state/UT-wise cyber crime cases 2014-2016); exact printed title not captured,https://eparlib.nic.in/bitstream/123456789/951400/1/AU1738.pdf,
S08,S08,Odisha,20,state_ut,states,2016,317,317,registered cases (CR),"Total cyber crimes (IT Act + IPC + SLL, NCRB definition)","NCRB 'Crime in India' via MHA reply, Lok Sabha USQ 1738 (02.07.2019)",S08_LS_USQ1738_2019-07-02_AnnexI_2014-2016.txt,Annexure-I (state/UT-wise cyber crime cases 2014-2016); exact printed title not captured,https://eparlib.nic.in/bitstream/123456789/951400/1/AU1738.pdf,
S08,S08,Punjab,21,state_ut,states,2014,226,226,registered cases (CR),"Total cyber crimes (IT Act + IPC + SLL, NCRB definition)","NCRB 'Crime in India' via MHA reply, Lok Sabha USQ 1738 (02.07.2019)",S08_LS_USQ1738_2019-07-02_AnnexI_2014-2016.txt,Annexure-I (state/UT-wise cyber crime cases 2014-2016); exact printed title not captured,https://eparlib.nic.in/bitstream/123456789/951400/1/AU1738.pdf,
S08,S08,Punjab,21,state_ut,states,2015,149,149,registered cases (CR),"Total cyber crimes (IT Act + IPC + SLL, NCRB definition)","NCRB 'Crime in India' via MHA reply, Lok Sabha USQ 1738 (02.07.2019)",S08_LS_USQ1738_2019-07-02_AnnexI_2014-2016.txt,Annexure-I (state/UT-wise cyber crime cases 2014-2016); exact printed title not captured,https://eparlib.nic.in/bitstream/123456789/951400/1/AU1738.pdf,
S08,S08,Punjab,21,state_ut,states,2016,102,102,registered cases (CR),"Total cyber crimes (IT Act + IPC + SLL, NCRB definition)","NCRB 'Crime in India' via MHA reply, Lok Sabha USQ 1738 (02.07.2019)",S08_LS_USQ1738_2019-07-02_AnnexI_2014-2016.txt,Annexure-I (state/UT-wise cyber crime cases 2014-2016); exact printed title not captured,https://eparlib.nic.in/bitstream/123456789/951400/1/AU1738.pdf,
S08,S08,Rajasthan,22,state_ut,states,2014,697,697,registered cases (CR),"Total cyber crimes (IT Act + IPC + SLL, NCRB definition)","NCRB 'Crime in India' via MHA reply, Lok Sabha USQ 1738 (02.07.2019)",S08_LS_USQ1738_2019-07-02_AnnexI_2014-2016.txt,Annexure-I (state/UT-wise cyber crime cases 2014-2016); exact printed title not captured,https://eparlib.nic.in/bitstream/123456789/951400/1/AU1738.pdf,
S08,S08,Rajasthan,22,state_ut,states,2015,949,949,registered cases (CR),"Total cyber crimes (IT Act + IPC + SLL, NCRB definition)","NCRB 'Crime in India' via MHA reply, Lok Sabha USQ 1738 (02.07.2019)",S08_LS_USQ1738_2019-07-02_AnnexI_2014-2016.txt,Annexure-I (state/UT-wise cyber crime cases 2014-2016); exact printed title not captured,https://eparlib.nic.in/bitstream/123456789/951400/1/AU1738.pdf,
S08,S08,Rajasthan,22,state_ut,states,2016,941,941,registered cases (CR),"Total cyber crimes (IT Act + IPC + SLL, NCRB definition)","NCRB 'Crime in India' via MHA reply, Lok Sabha USQ 1738 (02.07.2019)",S08_LS_USQ1738_2019-07-02_AnnexI_2014-2016.txt,Annexure-I (state/UT-wise cyber crime cases 2014-2016); exact printed title not captured,https://eparlib.nic.in/bitstream/123456789/951400/1/AU1738.pdf,
S08,S08,Sikkim,23,state_ut,states,2014,4,4,registered cases (CR),"Total cyber crimes (IT Act + IPC + SLL, NCRB definition)","NCRB 'Crime in India' via MHA reply, Lok Sabha USQ 1738 (02.07.2019)",S08_LS_USQ1738_2019-07-02_AnnexI_2014-2016.txt,Annexure-I (state/UT-wise cyber crime cases 2014-2016); exact printed title not captured,https://eparlib.nic.in/bitstream/123456789/951400/1/AU1738.pdf,
S08,S08,Sikkim,23,state_ut,states,2015,1,1,registered cases (CR),"Total cyber crimes (IT Act + IPC + SLL, NCRB definition)","NCRB 'Crime in India' via MHA reply, Lok Sabha USQ 1738 (02.07.2019)",S08_LS_USQ1738_2019-07-02_AnnexI_2014-2016.txt,Annexure-I (state/UT-wise cyber crime cases 2014-2016); exact printed title not captured,https://eparlib.nic.in/bitstream/123456789/951400/1/AU1738.pdf,
S08,S08,Sikkim,23,state_ut,states,2016,1,1,registered cases (CR),"Total cyber crimes (IT Act + IPC + SLL, NCRB definition)","NCRB 'Crime in India' via MHA reply, Lok Sabha USQ 1738 (02.07.2019)",S08_LS_USQ1738_2019-07-02_AnnexI_2014-2016.txt,Annexure-I (state/UT-wise cyber crime cases 2014-2016); exact printed title not captured,https://eparlib.nic.in/bitstream/123456789/951400/1/AU1738.pdf,
S08,S08,Tamil Nadu,24,state_ut,states,2014,172,172,registered cases (CR),"Total cyber crimes (IT Act + IPC + SLL, NCRB definition)","NCRB 'Crime in India' via MHA reply, Lok Sabha USQ 1738 (02.07.2019)",S08_LS_USQ1738_2019-07-02_AnnexI_2014-2016.txt,Annexure-I (state/UT-wise cyber crime cases 2014-2016); exact printed title not captured,https://eparlib.nic.in/bitstream/123456789/951400/1/AU1738.pdf,
S08,S08,Tamil Nadu,24,state_ut,states,2015,142,142,registered cases (CR),"Total cyber crimes (IT Act + IPC + SLL, NCRB definition)","NCRB 'Crime in India' via MHA reply, Lok Sabha USQ 1738 (02.07.2019)",S08_LS_USQ1738_2019-07-02_AnnexI_2014-2016.txt,Annexure-I (state/UT-wise cyber crime cases 2014-2016); exact printed title not captured,https://eparlib.nic.in/bitstream/123456789/951400/1/AU1738.pdf,
S08,S08,Tamil Nadu,24,state_ut,states,2016,144,144,registered cases (CR),"Total cyber crimes (IT Act + IPC + SLL, NCRB definition)","NCRB 'Crime in India' via MHA reply, Lok Sabha USQ 1738 (02.07.2019)",S08_LS_USQ1738_2019-07-02_AnnexI_2014-2016.txt,Annexure-I (state/UT-wise cyber crime cases 2014-2016); exact printed title not captured,https://eparlib.nic.in/bitstream/123456789/951400/1/AU1738.pdf,
S08,S08,Telangana,25,state_ut,states,2014,703,703,registered cases (CR),"Total cyber crimes (IT Act + IPC + SLL, NCRB definition)","NCRB 'Crime in India' via MHA reply, Lok Sabha USQ 1738 (02.07.2019)",S08_LS_USQ1738_2019-07-02_AnnexI_2014-2016.txt,Annexure-I (state/UT-wise cyber crime cases 2014-2016); exact printed title not captured,https://eparlib.nic.in/bitstream/123456789/951400/1/AU1738.pdf,Telangana formed 02.06.2014; check Crime in India 2014 for split with Andhra Pradesh.
S08,S08,Telangana,25,state_ut,states,2015,687,687,registered cases (CR),"Total cyber crimes (IT Act + IPC + SLL, NCRB definition)","NCRB 'Crime in India' via MHA reply, Lok Sabha USQ 1738 (02.07.2019)",S08_LS_USQ1738_2019-07-02_AnnexI_2014-2016.txt,Annexure-I (state/UT-wise cyber crime cases 2014-2016); exact printed title not captured,https://eparlib.nic.in/bitstream/123456789/951400/1/AU1738.pdf,
S08,S08,Telangana,25,state_ut,states,2016,593,593,registered cases (CR),"Total cyber crimes (IT Act + IPC + SLL, NCRB definition)","NCRB 'Crime in India' via MHA reply, Lok Sabha USQ 1738 (02.07.2019)",S08_LS_USQ1738_2019-07-02_AnnexI_2014-2016.txt,Annexure-I (state/UT-wise cyber crime cases 2014-2016); exact printed title not captured,https://eparlib.nic.in/bitstream/123456789/951400/1/AU1738.pdf,
S08,S08,Tripura,26,state_ut,states,2014,5,5,registered cases (CR),"Total cyber crimes (IT Act + IPC + SLL, NCRB definition)","NCRB 'Crime in India' via MHA reply, Lok Sabha USQ 1738 (02.07.2019)",S08_LS_USQ1738_2019-07-02_AnnexI_2014-2016.txt,Annexure-I (state/UT-wise cyber crime cases 2014-2016); exact printed title not captured,https://eparlib.nic.in/bitstream/123456789/951400/1/AU1738.pdf,
S08,S08,Tripura,26,state_ut,states,2015,13,13,registered cases (CR),"Total cyber crimes (IT Act + IPC + SLL, NCRB definition)","NCRB 'Crime in India' via MHA reply, Lok Sabha USQ 1738 (02.07.2019)",S08_LS_USQ1738_2019-07-02_AnnexI_2014-2016.txt,Annexure-I (state/UT-wise cyber crime cases 2014-2016); exact printed title not captured,https://eparlib.nic.in/bitstream/123456789/951400/1/AU1738.pdf,
S08,S08,Tripura,26,state_ut,states,2016,8,8,registered cases (CR),"Total cyber crimes (IT Act + IPC + SLL, NCRB definition)","NCRB 'Crime in India' via MHA reply, Lok Sabha USQ 1738 (02.07.2019)",S08_LS_USQ1738_2019-07-02_AnnexI_2014-2016.txt,Annexure-I (state/UT-wise cyber crime cases 2014-2016); exact printed title not captured,https://eparlib.nic.in/bitstream/123456789/951400/1/AU1738.pdf,
S08,S08,Uttar Pradesh,27,state_ut,states,2014,1737,1737,registered cases (CR),"Total cyber crimes (IT Act + IPC + SLL, NCRB definition)","NCRB 'Crime in India' via MHA reply, Lok Sabha USQ 1738 (02.07.2019)",S08_LS_USQ1738_2019-07-02_AnnexI_2014-2016.txt,Annexure-I (state/UT-wise cyber crime cases 2014-2016); exact printed title not captured,https://eparlib.nic.in/bitstream/123456789/951400/1/AU1738.pdf,
S08,S08,Uttar Pradesh,27,state_ut,states,2015,2208,2208,registered cases (CR),"Total cyber crimes (IT Act + IPC + SLL, NCRB definition)","NCRB 'Crime in India' via MHA reply, Lok Sabha USQ 1738 (02.07.2019)",S08_LS_USQ1738_2019-07-02_AnnexI_2014-2016.txt,Annexure-I (state/UT-wise cyber crime cases 2014-2016); exact printed title not captured,https://eparlib.nic.in/bitstream/123456789/951400/1/AU1738.pdf,
S08,S08,Uttar Pradesh,27,state_ut,states,2016,2639,2639,registered cases (CR),"Total cyber crimes (IT Act + IPC + SLL, NCRB definition)","NCRB 'Crime in India' via MHA reply, Lok Sabha USQ 1738 (02.07.2019)",S08_LS_USQ1738_2019-07-02_AnnexI_2014-2016.txt,Annexure-I (state/UT-wise cyber crime cases 2014-2016); exact printed title not captured,https://eparlib.nic.in/bitstream/123456789/951400/1/AU1738.pdf,
S08,S08,Uttarakhand,28,state_ut,states,2014,42,42,registered cases (CR),"Total cyber crimes (IT Act + IPC + SLL, NCRB definition)","NCRB 'Crime in India' via MHA reply, Lok Sabha USQ 1738 (02.07.2019)",S08_LS_USQ1738_2019-07-02_AnnexI_2014-2016.txt,Annexure-I (state/UT-wise cyber crime cases 2014-2016); exact printed title not captured,https://eparlib.nic.in/bitstream/123456789/951400/1/AU1738.pdf,
S08,S08,Uttarakhand,28,state_ut,states,2015,48,48,registered cases (CR),"Total cyber crimes (IT Act + IPC + SLL, NCRB definition)","NCRB 'Crime in India' via MHA reply, Lok Sabha USQ 1738 (02.07.2019)",S08_LS_USQ1738_2019-07-02_AnnexI_2014-2016.txt,Annexure-I (state/UT-wise cyber crime cases 2014-2016); exact printed title not captured,https://eparlib.nic.in/bitstream/123456789/951400/1/AU1738.pdf,
S08,S08,Uttarakhand,28,state_ut,states,2016,62,62,registered cases (CR),"Total cyber crimes (IT Act + IPC + SLL, NCRB definition)","NCRB 'Crime in India' via MHA reply, Lok Sabha USQ 1738 (02.07.2019)",S08_LS_USQ1738_2019-07-02_AnnexI_2014-2016.txt,Annexure-I (state/UT-wise cyber crime cases 2014-2016); exact printed title not captured,https://eparlib.nic.in/bitstream/123456789/951400/1/AU1738.pdf,
S08,S08,West Bengal,29,state_ut,states,2014,355,355,registered cases (CR),"Total cyber crimes (IT Act + IPC + SLL, NCRB definition)","NCRB 'Crime in India' via MHA reply, Lok Sabha USQ 1738 (02.07.2019)",S08_LS_USQ1738_2019-07-02_AnnexI_2014-2016.txt,Annexure-I (state/UT-wise cyber crime cases 2014-2016); exact printed title not captured,https://eparlib.nic.in/bitstream/123456789/951400/1/AU1738.pdf,
S08,S08,West Bengal,29,state_ut,states,2015,398,398,registered cases (CR),"Total cyber crimes (IT Act + IPC + SLL, NCRB definition)","NCRB 'Crime in India' via MHA reply, Lok Sabha USQ 1738 (02.07.2019)",S08_LS_USQ1738_2019-07-02_AnnexI_2014-2016.txt,Annexure-I (state/UT-wise cyber crime cases 2014-2016); exact printed title not captured,https://eparlib.nic.in/bitstream/123456789/951400/1/AU1738.pdf,
S08,S08,West Bengal,29,state_ut,states,2016,478,478,registered cases (CR),"Total cyber crimes (IT Act + IPC + SLL, NCRB definition)","NCRB 'Crime in India' via MHA reply, Lok Sabha USQ 1738 (02.07.2019)",S08_LS_USQ1738_2019-07-02_AnnexI_2014-2016.txt,Annexure-I (state/UT-wise cyber crime cases 2014-2016); exact printed title not captured,https://eparlib.nic.in/bitstream/123456789/951400/1/AU1738.pdf,
S08,S08,TOTAL STATE(S),,total_states,states,2014,9322,9322,registered cases (CR),"Total cyber crimes (IT Act + IPC + SLL, NCRB definition)","NCRB 'Crime in India' via MHA reply, Lok Sabha USQ 1738 (02.07.2019)",S08_LS_USQ1738_2019-07-02_AnnexI_2014-2016.txt,Annexure-I (state/UT-wise cyber crime cases 2014-2016); exact printed title not captured,https://eparlib.nic.in/bitstream/123456789/951400/1/AU1738.pdf,
S08,S08,TOTAL STATE(S),,total_states,states,2015,11331,11331,registered cases (CR),"Total cyber crimes (IT Act + IPC + SLL, NCRB definition)","NCRB 'Crime in India' via MHA reply, Lok Sabha USQ 1738 (02.07.2019)",S08_LS_USQ1738_2019-07-02_AnnexI_2014-2016.txt,Annexure-I (state/UT-wise cyber crime cases 2014-2016); exact printed title not captured,https://eparlib.nic.in/bitstream/123456789/951400/1/AU1738.pdf,
S08,S08,TOTAL STATE(S),,total_states,states,2016,12187,12187,registered cases (CR),"Total cyber crimes (IT Act + IPC + SLL, NCRB definition)","NCRB 'Crime in India' via MHA reply, Lok Sabha USQ 1738 (02.07.2019)",S08_LS_USQ1738_2019-07-02_AnnexI_2014-2016.txt,Annexure-I (state/UT-wise cyber crime cases 2014-2016); exact printed title not captured,https://eparlib.nic.in/bitstream/123456789/951400/1/AU1738.pdf,
S08,S08,A & N Islands,30,state_ut,uts,2014,13,13,registered cases (CR),"Total cyber crimes (IT Act + IPC + SLL, NCRB definition)","NCRB 'Crime in India' via MHA reply, Lok Sabha USQ 1738 (02.07.2019)",S08_LS_USQ1738_2019-07-02_AnnexI_2014-2016.txt,Annexure-I (state/UT-wise cyber crime cases 2014-2016); exact printed title not captured,https://eparlib.nic.in/bitstream/123456789/951400/1/AU1738.pdf,
S08,S08,A & N Islands,30,state_ut,uts,2015,6,6,registered cases (CR),"Total cyber crimes (IT Act + IPC + SLL, NCRB definition)","NCRB 'Crime in India' via MHA reply, Lok Sabha USQ 1738 (02.07.2019)",S08_LS_USQ1738_2019-07-02_AnnexI_2014-2016.txt,Annexure-I (state/UT-wise cyber crime cases 2014-2016); exact printed title not captured,https://eparlib.nic.in/bitstream/123456789/951400/1/AU1738.pdf,
S08,S08,A & N Islands,30,state_ut,uts,2016,3,3,registered cases (CR),"Total cyber crimes (IT Act + IPC + SLL, NCRB definition)","NCRB 'Crime in India' via MHA reply, Lok Sabha USQ 1738 (02.07.2019)",S08_LS_USQ1738_2019-07-02_AnnexI_2014-2016.txt,Annexure-I (state/UT-wise cyber crime cases 2014-2016); exact printed title not captured,https://eparlib.nic.in/bitstream/123456789/951400/1/AU1738.pdf,
S08,S08,Chandigarh,31,state_ut,uts,2014,55,55,registered cases (CR),"Total cyber crimes (IT Act + IPC + SLL, NCRB definition)","NCRB 'Crime in India' via MHA reply, Lok Sabha USQ 1738 (02.07.2019)",S08_LS_USQ1738_2019-07-02_AnnexI_2014-2016.txt,Annexure-I (state/UT-wise cyber crime cases 2014-2016); exact printed title not captured,https://eparlib.nic.in/bitstream/123456789/951400/1/AU1738.pdf,
S08,S08,Chandigarh,31,state_ut,uts,2015,77,77,registered cases (CR),"Total cyber crimes (IT Act + IPC + SLL, NCRB definition)","NCRB 'Crime in India' via MHA reply, Lok Sabha USQ 1738 (02.07.2019)",S08_LS_USQ1738_2019-07-02_AnnexI_2014-2016.txt,Annexure-I (state/UT-wise cyber crime cases 2014-2016); exact printed title not captured,https://eparlib.nic.in/bitstream/123456789/951400/1/AU1738.pdf,
S08,S08,Chandigarh,31,state_ut,uts,2016,26,26,registered cases (CR),"Total cyber crimes (IT Act + IPC + SLL, NCRB definition)","NCRB 'Crime in India' via MHA reply, Lok Sabha USQ 1738 (02.07.2019)",S08_LS_USQ1738_2019-07-02_AnnexI_2014-2016.txt,Annexure-I (state/UT-wise cyber crime cases 2014-2016); exact printed title not captured,https://eparlib.nic.in/bitstream/123456789/951400/1/AU1738.pdf,
S08,S08,D&N Haveli,32,state_ut,uts,2014,3,3,registered cases (CR),"Total cyber crimes (IT Act + IPC + SLL, NCRB definition)","NCRB 'Crime in India' via MHA reply, Lok Sabha USQ 1738 (02.07.2019)",S08_LS_USQ1738_2019-07-02_AnnexI_2014-2016.txt,Annexure-I (state/UT-wise cyber crime cases 2014-2016); exact printed title not captured,https://eparlib.nic.in/bitstream/123456789/951400/1/AU1738.pdf,
S08,S08,D&N Haveli,32,state_ut,uts,2015,0,0,registered cases (CR),"Total cyber crimes (IT Act + IPC + SLL, NCRB definition)","NCRB 'Crime in India' via MHA reply, Lok Sabha USQ 1738 (02.07.2019)",S08_LS_USQ1738_2019-07-02_AnnexI_2014-2016.txt,Annexure-I (state/UT-wise cyber crime cases 2014-2016); exact printed title not captured,https://eparlib.nic.in/bitstream/123456789/951400/1/AU1738.pdf,
S08,S08,D&N Haveli,32,state_ut,uts,2016,1,1,registered cases (CR),"Total cyber crimes (IT Act + IPC + SLL, NCRB definition)","NCRB 'Crime in India' via MHA reply, Lok Sabha USQ 1738 (02.07.2019)",S08_LS_USQ1738_2019-07-02_AnnexI_2014-2016.txt,Annexure-I (state/UT-wise cyber crime cases 2014-2016); exact printed title not captured,https://eparlib.nic.in/bitstream/123456789/951400/1/AU1738.pdf,
S08,S08,Daman & Diu,33,state_ut,uts,2014,1,1,registered cases (CR),"Total cyber crimes (IT Act + IPC + SLL, NCRB definition)","NCRB 'Crime in India' via MHA reply, Lok Sabha USQ 1738 (02.07.2019)",S08_LS_USQ1738_2019-07-02_AnnexI_2014-2016.txt,Annexure-I (state/UT-wise cyber crime cases 2014-2016); exact printed title not captured,https://eparlib.nic.in/bitstream/123456789/951400/1/AU1738.pdf,
S08,S08,Daman & Diu,33,state_ut,uts,2015,1,1,registered cases (CR),"Total cyber crimes (IT Act + IPC + SLL, NCRB definition)","NCRB 'Crime in India' via MHA reply, Lok Sabha USQ 1738 (02.07.2019)",S08_LS_USQ1738_2019-07-02_AnnexI_2014-2016.txt,Annexure-I (state/UT-wise cyber crime cases 2014-2016); exact printed title not captured,https://eparlib.nic.in/bitstream/123456789/951400/1/AU1738.pdf,
S08,S08,Daman & Diu,33,state_ut,uts,2016,0,0,registered cases (CR),"Total cyber crimes (IT Act + IPC + SLL, NCRB definition)","NCRB 'Crime in India' via MHA reply, Lok Sabha USQ 1738 (02.07.2019)",S08_LS_USQ1738_2019-07-02_AnnexI_2014-2016.txt,Annexure-I (state/UT-wise cyber crime cases 2014-2016); exact printed title not captured,https://eparlib.nic.in/bitstream/123456789/951400/1/AU1738.pdf,
S08,S08,Delhi UT,34,state_ut,uts,2014,226,226,registered cases (CR),"Total cyber crimes (IT Act + IPC + SLL, NCRB definition)","NCRB 'Crime in India' via MHA reply, Lok Sabha USQ 1738 (02.07.2019)",S08_LS_USQ1738_2019-07-02_AnnexI_2014-2016.txt,Annexure-I (state/UT-wise cyber crime cases 2014-2016); exact printed title not captured,https://eparlib.nic.in/bitstream/123456789/951400/1/AU1738.pdf,
S08,S08,Delhi UT,34,state_ut,uts,2015,177,177,registered cases (CR),"Total cyber crimes (IT Act + IPC + SLL, NCRB definition)","NCRB 'Crime in India' via MHA reply, Lok Sabha USQ 1738 (02.07.2019)",S08_LS_USQ1738_2019-07-02_AnnexI_2014-2016.txt,Annexure-I (state/UT-wise cyber crime cases 2014-2016); exact printed title not captured,https://eparlib.nic.in/bitstream/123456789/951400/1/AU1738.pdf,
S08,S08,Delhi UT,34,state_ut,uts,2016,98,98,registered cases (CR),"Total cyber crimes (IT Act + IPC + SLL, NCRB definition)","NCRB 'Crime in India' via MHA reply, Lok Sabha USQ 1738 (02.07.2019)",S08_LS_USQ1738_2019-07-02_AnnexI_2014-2016.txt,Annexure-I (state/UT-wise cyber crime cases 2014-2016); exact printed title not captured,https://eparlib.nic.in/bitstream/123456789/951400/1/AU1738.pdf,
S08,S08,Lakshadweep,35,state_ut,uts,2014,1,1,registered cases (CR),"Total cyber crimes (IT Act + IPC + SLL, NCRB definition)","NCRB 'Crime in India' via MHA reply, Lok Sabha USQ 1738 (02.07.2019)",S08_LS_USQ1738_2019-07-02_AnnexI_2014-2016.txt,Annexure-I (state/UT-wise cyber crime cases 2014-2016); exact printed title not captured,https://eparlib.nic.in/bitstream/123456789/951400/1/AU1738.pdf,
S08,S08,Lakshadweep,35,state_ut,uts,2015,0,0,registered cases (CR),"Total cyber crimes (IT Act + IPC + SLL, NCRB definition)","NCRB 'Crime in India' via MHA reply, Lok Sabha USQ 1738 (02.07.2019)",S08_LS_USQ1738_2019-07-02_AnnexI_2014-2016.txt,Annexure-I (state/UT-wise cyber crime cases 2014-2016); exact printed title not captured,https://eparlib.nic.in/bitstream/123456789/951400/1/AU1738.pdf,
S08,S08,Lakshadweep,35,state_ut,uts,2016,0,0,registered cases (CR),"Total cyber crimes (IT Act + IPC + SLL, NCRB definition)","NCRB 'Crime in India' via MHA reply, Lok Sabha USQ 1738 (02.07.2019)",S08_LS_USQ1738_2019-07-02_AnnexI_2014-2016.txt,Annexure-I (state/UT-wise cyber crime cases 2014-2016); exact printed title not captured,https://eparlib.nic.in/bitstream/123456789/951400/1/AU1738.pdf,
S08,S08,Puducherry,36,state_ut,uts,2014,1,1,registered cases (CR),"Total cyber crimes (IT Act + IPC + SLL, NCRB definition)","NCRB 'Crime in India' via MHA reply, Lok Sabha USQ 1738 (02.07.2019)",S08_LS_USQ1738_2019-07-02_AnnexI_2014-2016.txt,Annexure-I (state/UT-wise cyber crime cases 2014-2016); exact printed title not captured,https://eparlib.nic.in/bitstream/123456789/951400/1/AU1738.pdf,
S08,S08,Puducherry,36,state_ut,uts,2015,0,0,registered cases (CR),"Total cyber crimes (IT Act + IPC + SLL, NCRB definition)","NCRB 'Crime in India' via MHA reply, Lok Sabha USQ 1738 (02.07.2019)",S08_LS_USQ1738_2019-07-02_AnnexI_2014-2016.txt,Annexure-I (state/UT-wise cyber crime cases 2014-2016); exact printed title not captured,https://eparlib.nic.in/bitstream/123456789/951400/1/AU1738.pdf,
S08,S08,Puducherry,36,state_ut,uts,2016,2,2,registered cases (CR),"Total cyber crimes (IT Act + IPC + SLL, NCRB definition)","NCRB 'Crime in India' via MHA reply, Lok Sabha USQ 1738 (02.07.2019)",S08_LS_USQ1738_2019-07-02_AnnexI_2014-2016.txt,Annexure-I (state/UT-wise cyber crime cases 2014-2016); exact printed title not captured,https://eparlib.nic.in/bitstream/123456789/951400/1/AU1738.pdf,
S08,S08,TOTAL UT(S),,total_uts,uts,2014,300,300,registered cases (CR),"Total cyber crimes (IT Act + IPC + SLL, NCRB definition)","NCRB 'Crime in India' via MHA reply, Lok Sabha USQ 1738 (02.07.2019)",S08_LS_USQ1738_2019-07-02_AnnexI_2014-2016.txt,Annexure-I (state/UT-wise cyber crime cases 2014-2016); exact printed title not captured,https://eparlib.nic.in/bitstream/123456789/951400/1/AU1738.pdf,
S08,S08,TOTAL UT(S),,total_uts,uts,2015,261,261,registered cases (CR),"Total cyber crimes (IT Act + IPC + SLL, NCRB definition)","NCRB 'Crime in India' via MHA reply, Lok Sabha USQ 1738 (02.07.2019)",S08_LS_USQ1738_2019-07-02_AnnexI_2014-2016.txt,Annexure-I (state/UT-wise cyber crime cases 2014-2016); exact printed title not captured,https://eparlib.nic.in/bitstream/123456789/951400/1/AU1738.pdf,
S08,S08,TOTAL UT(S),,total_uts,uts,2016,130,130,registered cases (CR),"Total cyber crimes (IT Act + IPC + SLL, NCRB definition)","NCRB 'Crime in India' via MHA reply, Lok Sabha USQ 1738 (02.07.2019)",S08_LS_USQ1738_2019-07-02_AnnexI_2014-2016.txt,Annexure-I (state/UT-wise cyber crime cases 2014-2016); exact printed title not captured,https://eparlib.nic.in/bitstream/123456789/951400/1/AU1738.pdf,
S08,S08,TOTAL (ALL INDIA),,total_all_india,all_india,2014,9622,9622,registered cases (CR),"Total cyber crimes (IT Act + IPC + SLL, NCRB definition)","NCRB 'Crime in India' via MHA reply, Lok Sabha USQ 1738 (02.07.2019)",S08_LS_USQ1738_2019-07-02_AnnexI_2014-2016.txt,Annexure-I (state/UT-wise cyber crime cases 2014-2016); exact printed title not captured,https://eparlib.nic.in/bitstream/123456789/951400/1/AU1738.pdf,
S08,S08,TOTAL (ALL INDIA),,total_all_india,all_india,2015,11592,11592,registered cases (CR),"Total cyber crimes (IT Act + IPC + SLL, NCRB definition)","NCRB 'Crime in India' via MHA reply, Lok Sabha USQ 1738 (02.07.2019)",S08_LS_USQ1738_2019-07-02_AnnexI_2014-2016.txt,Annexure-I (state/UT-wise cyber crime cases 2014-2016); exact printed title not captured,https://eparlib.nic.in/bitstream/123456789/951400/1/AU1738.pdf,
S08,S08,TOTAL (ALL INDIA),,total_all_india,all_india,2016,12317,12317,registered cases (CR),"Total cyber crimes (IT Act + IPC + SLL, NCRB definition)","NCRB 'Crime in India' via MHA reply, Lok Sabha USQ 1738 (02.07.2019)",S08_LS_USQ1738_2019-07-02_AnnexI_2014-2016.txt,Annexure-I (state/UT-wise cyber crime cases 2014-2016); exact printed title not captured,https://eparlib.nic.in/bitstream/123456789/951400/1/AU1738.pdf,
S09,S09a,Andhra Pradesh,1,state_ut,states,2020,1899,1899,registered cases (CR),"Total cyber crimes (IT Act + IPC + SLL, NCRB definition)",NCRB 'Crime in India' via PIB-hosted document doc2025318522301 (Mar 2025),S09a_PIB_doc2025318522301_AnnexI_2020-2022.txt,Annexure-I 'State/UT-wise Cases Registered (CR) under Cyber Crimes during 2020-2022',https://static.pib.gov.in/WriteReadData/specificdocs/documents/2025/mar/doc2025318522301.pdf,
S09,S09a,Andhra Pradesh,1,state_ut,states,2021,1875,1875,registered cases (CR),"Total cyber crimes (IT Act + IPC + SLL, NCRB definition)",NCRB 'Crime in India' via PIB-hosted document doc2025318522301 (Mar 2025),S09a_PIB_doc2025318522301_AnnexI_2020-2022.txt,Annexure-I 'State/UT-wise Cases Registered (CR) under Cyber Crimes during 2020-2022',https://static.pib.gov.in/WriteReadData/specificdocs/documents/2025/mar/doc2025318522301.pdf,
S09,S09a,Andhra Pradesh,1,state_ut,states,2022,2341,2341,registered cases (CR),"Total cyber crimes (IT Act + IPC + SLL, NCRB definition)",NCRB 'Crime in India' via PIB-hosted document doc2025318522301 (Mar 2025),S09a_PIB_doc2025318522301_AnnexI_2020-2022.txt,Annexure-I 'State/UT-wise Cases Registered (CR) under Cyber Crimes during 2020-2022',https://static.pib.gov.in/WriteReadData/specificdocs/documents/2025/mar/doc2025318522301.pdf,
S09,S09a,Arunachal Pradesh,2,state_ut,states,2020,30,30,registered cases (CR),"Total cyber crimes (IT Act + IPC + SLL, NCRB definition)",NCRB 'Crime in India' via PIB-hosted document doc2025318522301 (Mar 2025),S09a_PIB_doc2025318522301_AnnexI_2020-2022.txt,Annexure-I 'State/UT-wise Cases Registered (CR) under Cyber Crimes during 2020-2022',https://static.pib.gov.in/WriteReadData/specificdocs/documents/2025/mar/doc2025318522301.pdf,
S09,S09a,Arunachal Pradesh,2,state_ut,states,2021,47,47,registered cases (CR),"Total cyber crimes (IT Act + IPC + SLL, NCRB definition)",NCRB 'Crime in India' via PIB-hosted document doc2025318522301 (Mar 2025),S09a_PIB_doc2025318522301_AnnexI_2020-2022.txt,Annexure-I 'State/UT-wise Cases Registered (CR) under Cyber Crimes during 2020-2022',https://static.pib.gov.in/WriteReadData/specificdocs/documents/2025/mar/doc2025318522301.pdf,
S09,S09a,Arunachal Pradesh,2,state_ut,states,2022,14,14,registered cases (CR),"Total cyber crimes (IT Act + IPC + SLL, NCRB definition)",NCRB 'Crime in India' via PIB-hosted document doc2025318522301 (Mar 2025),S09a_PIB_doc2025318522301_AnnexI_2020-2022.txt,Annexure-I 'State/UT-wise Cases Registered (CR) under Cyber Crimes during 2020-2022',https://static.pib.gov.in/WriteReadData/specificdocs/documents/2025/mar/doc2025318522301.pdf,
S09,S09a,Assam,3,state_ut,states,2020,3530,3530,registered cases (CR),"Total cyber crimes (IT Act + IPC + SLL, NCRB definition)",NCRB 'Crime in India' via PIB-hosted document doc2025318522301 (Mar 2025),S09a_PIB_doc2025318522301_AnnexI_2020-2022.txt,Annexure-I 'State/UT-wise Cases Registered (CR) under Cyber Crimes during 2020-2022',https://static.pib.gov.in/WriteReadData/specificdocs/documents/2025/mar/doc2025318522301.pdf,
S09,S09a,Assam,3,state_ut,states,2021,4846,4846,registered cases (CR),"Total cyber crimes (IT Act + IPC + SLL, NCRB definition)",NCRB 'Crime in India' via PIB-hosted document doc2025318522301 (Mar 2025),S09a_PIB_doc2025318522301_AnnexI_2020-2022.txt,Annexure-I 'State/UT-wise Cases Registered (CR) under Cyber Crimes during 2020-2022',https://static.pib.gov.in/WriteReadData/specificdocs/documents/2025/mar/doc2025318522301.pdf,
S09,S09a,Assam,3,state_ut,states,2022,1733,1733,registered cases (CR),"Total cyber crimes (IT Act + IPC + SLL, NCRB definition)",NCRB 'Crime in India' via PIB-hosted document doc2025318522301 (Mar 2025),S09a_PIB_doc2025318522301_AnnexI_2020-2022.txt,Annexure-I 'State/UT-wise Cases Registered (CR) under Cyber Crimes during 2020-2022',https://static.pib.gov.in/WriteReadData/specificdocs/documents/2025/mar/doc2025318522301.pdf,
S09,S09a,Bihar,4,state_ut,states,2020,1512,1512,registered cases (CR),"Total cyber crimes (IT Act + IPC + SLL, NCRB definition)",NCRB 'Crime in India' via PIB-hosted document doc2025318522301 (Mar 2025),S09a_PIB_doc2025318522301_AnnexI_2020-2022.txt,Annexure-I 'State/UT-wise Cases Registered (CR) under Cyber Crimes during 2020-2022',https://static.pib.gov.in/WriteReadData/specificdocs/documents/2025/mar/doc2025318522301.pdf,
S09,S09a,Bihar,4,state_ut,states,2021,1413,1413,registered cases (CR),"Total cyber crimes (IT Act + IPC + SLL, NCRB definition)",NCRB 'Crime in India' via PIB-hosted document doc2025318522301 (Mar 2025),S09a_PIB_doc2025318522301_AnnexI_2020-2022.txt,Annexure-I 'State/UT-wise Cases Registered (CR) under Cyber Crimes during 2020-2022',https://static.pib.gov.in/WriteReadData/specificdocs/documents/2025/mar/doc2025318522301.pdf,
S09,S09a,Bihar,4,state_ut,states,2022,1621,1621,registered cases (CR),"Total cyber crimes (IT Act + IPC + SLL, NCRB definition)",NCRB 'Crime in India' via PIB-hosted document doc2025318522301 (Mar 2025),S09a_PIB_doc2025318522301_AnnexI_2020-2022.txt,Annexure-I 'State/UT-wise Cases Registered (CR) under Cyber Crimes during 2020-2022',https://static.pib.gov.in/WriteReadData/specificdocs/documents/2025/mar/doc2025318522301.pdf,
S09,S09a,Chhattisgarh,5,state_ut,states,2020,297,297,registered cases (CR),"Total cyber crimes (IT Act + IPC + SLL, NCRB definition)",NCRB 'Crime in India' via PIB-hosted document doc2025318522301 (Mar 2025),S09a_PIB_doc2025318522301_AnnexI_2020-2022.txt,Annexure-I 'State/UT-wise Cases Registered (CR) under Cyber Crimes during 2020-2022',https://static.pib.gov.in/WriteReadData/specificdocs/documents/2025/mar/doc2025318522301.pdf,
S09,S09a,Chhattisgarh,5,state_ut,states,2021,352,352,registered cases (CR),"Total cyber crimes (IT Act + IPC + SLL, NCRB definition)",NCRB 'Crime in India' via PIB-hosted document doc2025318522301 (Mar 2025),S09a_PIB_doc2025318522301_AnnexI_2020-2022.txt,Annexure-I 'State/UT-wise Cases Registered (CR) under Cyber Crimes during 2020-2022',https://static.pib.gov.in/WriteReadData/specificdocs/documents/2025/mar/doc2025318522301.pdf,
S09,S09a,Chhattisgarh,5,state_ut,states,2022,439,439,registered cases (CR),"Total cyber crimes (IT Act + IPC + SLL, NCRB definition)",NCRB 'Crime in India' via PIB-hosted document doc2025318522301 (Mar 2025),S09a_PIB_doc2025318522301_AnnexI_2020-2022.txt,Annexure-I 'State/UT-wise Cases Registered (CR) under Cyber Crimes during 2020-2022',https://static.pib.gov.in/WriteReadData/specificdocs/documents/2025/mar/doc2025318522301.pdf,
S09,S09a,Goa,6,state_ut,states,2020,40,40,registered cases (CR),"Total cyber crimes (IT Act + IPC + SLL, NCRB definition)",NCRB 'Crime in India' via PIB-hosted document doc2025318522301 (Mar 2025),S09a_PIB_doc2025318522301_AnnexI_2020-2022.txt,Annexure-I 'State/UT-wise Cases Registered (CR) under Cyber Crimes during 2020-2022',https://static.pib.gov.in/WriteReadData/specificdocs/documents/2025/mar/doc2025318522301.pdf,
S09,S09a,Goa,6,state_ut,states,2021,36,36,registered cases (CR),"Total cyber crimes (IT Act + IPC + SLL, NCRB definition)",NCRB 'Crime in India' via PIB-hosted document doc2025318522301 (Mar 2025),S09a_PIB_doc2025318522301_AnnexI_2020-2022.txt,Annexure-I 'State/UT-wise Cases Registered (CR) under Cyber Crimes during 2020-2022',https://static.pib.gov.in/WriteReadData/specificdocs/documents/2025/mar/doc2025318522301.pdf,
S09,S09a,Goa,6,state_ut,states,2022,90,90,registered cases (CR),"Total cyber crimes (IT Act + IPC + SLL, NCRB definition)",NCRB 'Crime in India' via PIB-hosted document doc2025318522301 (Mar 2025),S09a_PIB_doc2025318522301_AnnexI_2020-2022.txt,Annexure-I 'State/UT-wise Cases Registered (CR) under Cyber Crimes during 2020-2022',https://static.pib.gov.in/WriteReadData/specificdocs/documents/2025/mar/doc2025318522301.pdf,
S09,S09a,Gujarat,7,state_ut,states,2020,1283,1283,registered cases (CR),"Total cyber crimes (IT Act + IPC + SLL, NCRB definition)",NCRB 'Crime in India' via PIB-hosted document doc2025318522301 (Mar 2025),S09a_PIB_doc2025318522301_AnnexI_2020-2022.txt,Annexure-I 'State/UT-wise Cases Registered (CR) under Cyber Crimes during 2020-2022',https://static.pib.gov.in/WriteReadData/specificdocs/documents/2025/mar/doc2025318522301.pdf,
S09,S09a,Gujarat,7,state_ut,states,2021,1536,1536,registered cases (CR),"Total cyber crimes (IT Act + IPC + SLL, NCRB definition)",NCRB 'Crime in India' via PIB-hosted document doc2025318522301 (Mar 2025),S09a_PIB_doc2025318522301_AnnexI_2020-2022.txt,Annexure-I 'State/UT-wise Cases Registered (CR) under Cyber Crimes during 2020-2022',https://static.pib.gov.in/WriteReadData/specificdocs/documents/2025/mar/doc2025318522301.pdf,
S09,S09a,Gujarat,7,state_ut,states,2022,1417,1417,registered cases (CR),"Total cyber crimes (IT Act + IPC + SLL, NCRB definition)",NCRB 'Crime in India' via PIB-hosted document doc2025318522301 (Mar 2025),S09a_PIB_doc2025318522301_AnnexI_2020-2022.txt,Annexure-I 'State/UT-wise Cases Registered (CR) under Cyber Crimes during 2020-2022',https://static.pib.gov.in/WriteReadData/specificdocs/documents/2025/mar/doc2025318522301.pdf,
S09,S09a,Haryana,8,state_ut,states,2020,656,656,registered cases (CR),"Total cyber crimes (IT Act + IPC + SLL, NCRB definition)",NCRB 'Crime in India' via PIB-hosted document doc2025318522301 (Mar 2025),S09a_PIB_doc2025318522301_AnnexI_2020-2022.txt,Annexure-I 'State/UT-wise Cases Registered (CR) under Cyber Crimes during 2020-2022',https://static.pib.gov.in/WriteReadData/specificdocs/documents/2025/mar/doc2025318522301.pdf,
S09,S09a,Haryana,8,state_ut,states,2021,622,622,registered cases (CR),"Total cyber crimes (IT Act + IPC + SLL, NCRB definition)",NCRB 'Crime in India' via PIB-hosted document doc2025318522301 (Mar 2025),S09a_PIB_doc2025318522301_AnnexI_2020-2022.txt,Annexure-I 'State/UT-wise Cases Registered (CR) under Cyber Crimes during 2020-2022',https://static.pib.gov.in/WriteReadData/specificdocs/documents/2025/mar/doc2025318522301.pdf,
S09,S09a,Haryana,8,state_ut,states,2022,681,681,registered cases (CR),"Total cyber crimes (IT Act + IPC + SLL, NCRB definition)",NCRB 'Crime in India' via PIB-hosted document doc2025318522301 (Mar 2025),S09a_PIB_doc2025318522301_AnnexI_2020-2022.txt,Annexure-I 'State/UT-wise Cases Registered (CR) under Cyber Crimes during 2020-2022',https://static.pib.gov.in/WriteReadData/specificdocs/documents/2025/mar/doc2025318522301.pdf,
S09,S09a,Himachal Pradesh,9,state_ut,states,2020,98,98,registered cases (CR),"Total cyber crimes (IT Act + IPC + SLL, NCRB definition)",NCRB 'Crime in India' via PIB-hosted document doc2025318522301 (Mar 2025),S09a_PIB_doc2025318522301_AnnexI_2020-2022.txt,Annexure-I 'State/UT-wise Cases Registered (CR) under Cyber Crimes during 2020-2022',https://static.pib.gov.in/WriteReadData/specificdocs/documents/2025/mar/doc2025318522301.pdf,
S09,S09a,Himachal Pradesh,9,state_ut,states,2021,70,70,registered cases (CR),"Total cyber crimes (IT Act + IPC + SLL, NCRB definition)",NCRB 'Crime in India' via PIB-hosted document doc2025318522301 (Mar 2025),S09a_PIB_doc2025318522301_AnnexI_2020-2022.txt,Annexure-I 'State/UT-wise Cases Registered (CR) under Cyber Crimes during 2020-2022',https://static.pib.gov.in/WriteReadData/specificdocs/documents/2025/mar/doc2025318522301.pdf,
S09,S09a,Himachal Pradesh,9,state_ut,states,2022,77,77,registered cases (CR),"Total cyber crimes (IT Act + IPC + SLL, NCRB definition)",NCRB 'Crime in India' via PIB-hosted document doc2025318522301 (Mar 2025),S09a_PIB_doc2025318522301_AnnexI_2020-2022.txt,Annexure-I 'State/UT-wise Cases Registered (CR) under Cyber Crimes during 2020-2022',https://static.pib.gov.in/WriteReadData/specificdocs/documents/2025/mar/doc2025318522301.pdf,
S09,S09a,Jharkhand,10,state_ut,states,2020,1204,1204,registered cases (CR),"Total cyber crimes (IT Act + IPC + SLL, NCRB definition)",NCRB 'Crime in India' via PIB-hosted document doc2025318522301 (Mar 2025),S09a_PIB_doc2025318522301_AnnexI_2020-2022.txt,Annexure-I 'State/UT-wise Cases Registered (CR) under Cyber Crimes during 2020-2022',https://static.pib.gov.in/WriteReadData/specificdocs/documents/2025/mar/doc2025318522301.pdf,
S09,S09a,Jharkhand,10,state_ut,states,2021,953,953,registered cases (CR),"Total cyber crimes (IT Act + IPC + SLL, NCRB definition)",NCRB 'Crime in India' via PIB-hosted document doc2025318522301 (Mar 2025),S09a_PIB_doc2025318522301_AnnexI_2020-2022.txt,Annexure-I 'State/UT-wise Cases Registered (CR) under Cyber Crimes during 2020-2022',https://static.pib.gov.in/WriteReadData/specificdocs/documents/2025/mar/doc2025318522301.pdf,
S09,S09a,Jharkhand,10,state_ut,states,2022,967,967,registered cases (CR),"Total cyber crimes (IT Act + IPC + SLL, NCRB definition)",NCRB 'Crime in India' via PIB-hosted document doc2025318522301 (Mar 2025),S09a_PIB_doc2025318522301_AnnexI_2020-2022.txt,Annexure-I 'State/UT-wise Cases Registered (CR) under Cyber Crimes during 2020-2022',https://static.pib.gov.in/WriteReadData/specificdocs/documents/2025/mar/doc2025318522301.pdf,
S09,S09a,Karnataka,11,state_ut,states,2020,10741,10741,registered cases (CR),"Total cyber crimes (IT Act + IPC + SLL, NCRB definition)",NCRB 'Crime in India' via PIB-hosted document doc2025318522301 (Mar 2025),S09a_PIB_doc2025318522301_AnnexI_2020-2022.txt,Annexure-I 'State/UT-wise Cases Registered (CR) under Cyber Crimes during 2020-2022',https://static.pib.gov.in/WriteReadData/specificdocs/documents/2025/mar/doc2025318522301.pdf,
S09,S09a,Karnataka,11,state_ut,states,2021,8136,8136,registered cases (CR),"Total cyber crimes (IT Act + IPC + SLL, NCRB definition)",NCRB 'Crime in India' via PIB-hosted document doc2025318522301 (Mar 2025),S09a_PIB_doc2025318522301_AnnexI_2020-2022.txt,Annexure-I 'State/UT-wise Cases Registered (CR) under Cyber Crimes during 2020-2022',https://static.pib.gov.in/WriteReadData/specificdocs/documents/2025/mar/doc2025318522301.pdf,
S09,S09a,Karnataka,11,state_ut,states,2022,12556,12556,registered cases (CR),"Total cyber crimes (IT Act + IPC + SLL, NCRB definition)",NCRB 'Crime in India' via PIB-hosted document doc2025318522301 (Mar 2025),S09a_PIB_doc2025318522301_AnnexI_2020-2022.txt,Annexure-I 'State/UT-wise Cases Registered (CR) under Cyber Crimes during 2020-2022',https://static.pib.gov.in/WriteReadData/specificdocs/documents/2025/mar/doc2025318522301.pdf,
S09,S09a,Kerala,12,state_ut,states,2020,426,426,registered cases (CR),"Total cyber crimes (IT Act + IPC + SLL, NCRB definition)",NCRB 'Crime in India' via PIB-hosted document doc2025318522301 (Mar 2025),S09a_PIB_doc2025318522301_AnnexI_2020-2022.txt,Annexure-I 'State/UT-wise Cases Registered (CR) under Cyber Crimes during 2020-2022',https://static.pib.gov.in/WriteReadData/specificdocs/documents/2025/mar/doc2025318522301.pdf,
S09,S09a,Kerala,12,state_ut,states,2021,626,626,registered cases (CR),"Total cyber crimes (IT Act + IPC + SLL, NCRB definition)",NCRB 'Crime in India' via PIB-hosted document doc2025318522301 (Mar 2025),S09a_PIB_doc2025318522301_AnnexI_2020-2022.txt,Annexure-I 'State/UT-wise Cases Registered (CR) under Cyber Crimes during 2020-2022',https://static.pib.gov.in/WriteReadData/specificdocs/documents/2025/mar/doc2025318522301.pdf,
S09,S09a,Kerala,12,state_ut,states,2022,773,773,registered cases (CR),"Total cyber crimes (IT Act + IPC + SLL, NCRB definition)",NCRB 'Crime in India' via PIB-hosted document doc2025318522301 (Mar 2025),S09a_PIB_doc2025318522301_AnnexI_2020-2022.txt,Annexure-I 'State/UT-wise Cases Registered (CR) under Cyber Crimes during 2020-2022',https://static.pib.gov.in/WriteReadData/specificdocs/documents/2025/mar/doc2025318522301.pdf,
S09,S09a,Madhya Pradesh,13,state_ut,states,2020,699,699,registered cases (CR),"Total cyber crimes (IT Act + IPC + SLL, NCRB definition)",NCRB 'Crime in India' via PIB-hosted document doc2025318522301 (Mar 2025),S09a_PIB_doc2025318522301_AnnexI_2020-2022.txt,Annexure-I 'State/UT-wise Cases Registered (CR) under Cyber Crimes during 2020-2022',https://static.pib.gov.in/WriteReadData/specificdocs/documents/2025/mar/doc2025318522301.pdf,
S09,S09a,Madhya Pradesh,13,state_ut,states,2021,589,589,registered cases (CR),"Total cyber crimes (IT Act + IPC + SLL, NCRB definition)",NCRB 'Crime in India' via PIB-hosted document doc2025318522301 (Mar 2025),S09a_PIB_doc2025318522301_AnnexI_2020-2022.txt,Annexure-I 'State/UT-wise Cases Registered (CR) under Cyber Crimes during 2020-2022',https://static.pib.gov.in/WriteReadData/specificdocs/documents/2025/mar/doc2025318522301.pdf,
S09,S09a,Madhya Pradesh,13,state_ut,states,2022,826,826,registered cases (CR),"Total cyber crimes (IT Act + IPC + SLL, NCRB definition)",NCRB 'Crime in India' via PIB-hosted document doc2025318522301 (Mar 2025),S09a_PIB_doc2025318522301_AnnexI_2020-2022.txt,Annexure-I 'State/UT-wise Cases Registered (CR) under Cyber Crimes during 2020-2022',https://static.pib.gov.in/WriteReadData/specificdocs/documents/2025/mar/doc2025318522301.pdf,
S09,S09a,Maharashtra,14,state_ut,states,2020,5496,5496,registered cases (CR),"Total cyber crimes (IT Act + IPC + SLL, NCRB definition)",NCRB 'Crime in India' via PIB-hosted document doc2025318522301 (Mar 2025),S09a_PIB_doc2025318522301_AnnexI_2020-2022.txt,Annexure-I 'State/UT-wise Cases Registered (CR) under Cyber Crimes during 2020-2022',https://static.pib.gov.in/WriteReadData/specificdocs/documents/2025/mar/doc2025318522301.pdf,
S09,S09a,Maharashtra,14,state_ut,states,2021,5562,5562,registered cases (CR),"Total cyber crimes (IT Act + IPC + SLL, NCRB definition)",NCRB 'Crime in India' via PIB-hosted document doc2025318522301 (Mar 2025),S09a_PIB_doc2025318522301_AnnexI_2020-2022.txt,Annexure-I 'State/UT-wise Cases Registered (CR) under Cyber Crimes during 2020-2022',https://static.pib.gov.in/WriteReadData/specificdocs/documents/2025/mar/doc2025318522301.pdf,
S09,S09a,Maharashtra,14,state_ut,states,2022,8249,8249,registered cases (CR),"Total cyber crimes (IT Act + IPC + SLL, NCRB definition)",NCRB 'Crime in India' via PIB-hosted document doc2025318522301 (Mar 2025),S09a_PIB_doc2025318522301_AnnexI_2020-2022.txt,Annexure-I 'State/UT-wise Cases Registered (CR) under Cyber Crimes during 2020-2022',https://static.pib.gov.in/WriteReadData/specificdocs/documents/2025/mar/doc2025318522301.pdf,
S09,S09a,Manipur,15,state_ut,states,2020,79,79,registered cases (CR),"Total cyber crimes (IT Act + IPC + SLL, NCRB definition)",NCRB 'Crime in India' via PIB-hosted document doc2025318522301 (Mar 2025),S09a_PIB_doc2025318522301_AnnexI_2020-2022.txt,Annexure-I 'State/UT-wise Cases Registered (CR) under Cyber Crimes during 2020-2022',https://static.pib.gov.in/WriteReadData/specificdocs/documents/2025/mar/doc2025318522301.pdf,
S09,S09a,Manipur,15,state_ut,states,2021,67,67,registered cases (CR),"Total cyber crimes (IT Act + IPC + SLL, NCRB definition)",NCRB 'Crime in India' via PIB-hosted document doc2025318522301 (Mar 2025),S09a_PIB_doc2025318522301_AnnexI_2020-2022.txt,Annexure-I 'State/UT-wise Cases Registered (CR) under Cyber Crimes during 2020-2022',https://static.pib.gov.in/WriteReadData/specificdocs/documents/2025/mar/doc2025318522301.pdf,
S09,S09a,Manipur,15,state_ut,states,2022,18,18,registered cases (CR),"Total cyber crimes (IT Act + IPC + SLL, NCRB definition)",NCRB 'Crime in India' via PIB-hosted document doc2025318522301 (Mar 2025),S09a_PIB_doc2025318522301_AnnexI_2020-2022.txt,Annexure-I 'State/UT-wise Cases Registered (CR) under Cyber Crimes during 2020-2022',https://static.pib.gov.in/WriteReadData/specificdocs/documents/2025/mar/doc2025318522301.pdf,
S09,S09a,Meghalaya,16,state_ut,states,2020,142,142,registered cases (CR),"Total cyber crimes (IT Act + IPC + SLL, NCRB definition)",NCRB 'Crime in India' via PIB-hosted document doc2025318522301 (Mar 2025),S09a_PIB_doc2025318522301_AnnexI_2020-2022.txt,Annexure-I 'State/UT-wise Cases Registered (CR) under Cyber Crimes during 2020-2022',https://static.pib.gov.in/WriteReadData/specificdocs/documents/2025/mar/doc2025318522301.pdf,
S09,S09a,Meghalaya,16,state_ut,states,2021,107,107,registered cases (CR),"Total cyber crimes (IT Act + IPC + SLL, NCRB definition)",NCRB 'Crime in India' via PIB-hosted document doc2025318522301 (Mar 2025),S09a_PIB_doc2025318522301_AnnexI_2020-2022.txt,Annexure-I 'State/UT-wise Cases Registered (CR) under Cyber Crimes during 2020-2022',https://static.pib.gov.in/WriteReadData/specificdocs/documents/2025/mar/doc2025318522301.pdf,
S09,S09a,Meghalaya,16,state_ut,states,2022,75,75,registered cases (CR),"Total cyber crimes (IT Act + IPC + SLL, NCRB definition)",NCRB 'Crime in India' via PIB-hosted document doc2025318522301 (Mar 2025),S09a_PIB_doc2025318522301_AnnexI_2020-2022.txt,Annexure-I 'State/UT-wise Cases Registered (CR) under Cyber Crimes during 2020-2022',https://static.pib.gov.in/WriteReadData/specificdocs/documents/2025/mar/doc2025318522301.pdf,
S09,S09a,Mizoram,17,state_ut,states,2020,13,13,registered cases (CR),"Total cyber crimes (IT Act + IPC + SLL, NCRB definition)",NCRB 'Crime in India' via PIB-hosted document doc2025318522301 (Mar 2025),S09a_PIB_doc2025318522301_AnnexI_2020-2022.txt,Annexure-I 'State/UT-wise Cases Registered (CR) under Cyber Crimes during 2020-2022',https://static.pib.gov.in/WriteReadData/specificdocs/documents/2025/mar/doc2025318522301.pdf,
S09,S09a,Mizoram,17,state_ut,states,2021,30,30,registered cases (CR),"Total cyber crimes (IT Act + IPC + SLL, NCRB definition)",NCRB 'Crime in India' via PIB-hosted document doc2025318522301 (Mar 2025),S09a_PIB_doc2025318522301_AnnexI_2020-2022.txt,Annexure-I 'State/UT-wise Cases Registered (CR) under Cyber Crimes during 2020-2022',https://static.pib.gov.in/WriteReadData/specificdocs/documents/2025/mar/doc2025318522301.pdf,
S09,S09a,Mizoram,17,state_ut,states,2022,1,1,registered cases (CR),"Total cyber crimes (IT Act + IPC + SLL, NCRB definition)",NCRB 'Crime in India' via PIB-hosted document doc2025318522301 (Mar 2025),S09a_PIB_doc2025318522301_AnnexI_2020-2022.txt,Annexure-I 'State/UT-wise Cases Registered (CR) under Cyber Crimes during 2020-2022',https://static.pib.gov.in/WriteReadData/specificdocs/documents/2025/mar/doc2025318522301.pdf,
S09,S09a,Nagaland,18,state_ut,states,2020,8,8,registered cases (CR),"Total cyber crimes (IT Act + IPC + SLL, NCRB definition)",NCRB 'Crime in India' via PIB-hosted document doc2025318522301 (Mar 2025),S09a_PIB_doc2025318522301_AnnexI_2020-2022.txt,Annexure-I 'State/UT-wise Cases Registered (CR) under Cyber Crimes during 2020-2022',https://static.pib.gov.in/WriteReadData/specificdocs/documents/2025/mar/doc2025318522301.pdf,
S09,S09a,Nagaland,18,state_ut,states,2021,8,8,registered cases (CR),"Total cyber crimes (IT Act + IPC + SLL, NCRB definition)",NCRB 'Crime in India' via PIB-hosted document doc2025318522301 (Mar 2025),S09a_PIB_doc2025318522301_AnnexI_2020-2022.txt,Annexure-I 'State/UT-wise Cases Registered (CR) under Cyber Crimes during 2020-2022',https://static.pib.gov.in/WriteReadData/specificdocs/documents/2025/mar/doc2025318522301.pdf,
S09,S09a,Nagaland,18,state_ut,states,2022,4,4,registered cases (CR),"Total cyber crimes (IT Act + IPC + SLL, NCRB definition)",NCRB 'Crime in India' via PIB-hosted document doc2025318522301 (Mar 2025),S09a_PIB_doc2025318522301_AnnexI_2020-2022.txt,Annexure-I 'State/UT-wise Cases Registered (CR) under Cyber Crimes during 2020-2022',https://static.pib.gov.in/WriteReadData/specificdocs/documents/2025/mar/doc2025318522301.pdf,
S09,S09a,Odisha,19,state_ut,states,2020,1931,1931,registered cases (CR),"Total cyber crimes (IT Act + IPC + SLL, NCRB definition)",NCRB 'Crime in India' via PIB-hosted document doc2025318522301 (Mar 2025),S09a_PIB_doc2025318522301_AnnexI_2020-2022.txt,Annexure-I 'State/UT-wise Cases Registered (CR) under Cyber Crimes during 2020-2022',https://static.pib.gov.in/WriteReadData/specificdocs/documents/2025/mar/doc2025318522301.pdf,
S09,S09a,Odisha,19,state_ut,states,2021,2037,2037,registered cases (CR),"Total cyber crimes (IT Act + IPC + SLL, NCRB definition)",NCRB 'Crime in India' via PIB-hosted document doc2025318522301 (Mar 2025),S09a_PIB_doc2025318522301_AnnexI_2020-2022.txt,Annexure-I 'State/UT-wise Cases Registered (CR) under Cyber Crimes during 2020-2022',https://static.pib.gov.in/WriteReadData/specificdocs/documents/2025/mar/doc2025318522301.pdf,
S09,S09a,Odisha,19,state_ut,states,2022,1983,1983,registered cases (CR),"Total cyber crimes (IT Act + IPC + SLL, NCRB definition)",NCRB 'Crime in India' via PIB-hosted document doc2025318522301 (Mar 2025),S09a_PIB_doc2025318522301_AnnexI_2020-2022.txt,Annexure-I 'State/UT-wise Cases Registered (CR) under Cyber Crimes during 2020-2022',https://static.pib.gov.in/WriteReadData/specificdocs/documents/2025/mar/doc2025318522301.pdf,
S09,S09a,Punjab,20,state_ut,states,2020,378,378,registered cases (CR),"Total cyber crimes (IT Act + IPC + SLL, NCRB definition)",NCRB 'Crime in India' via PIB-hosted document doc2025318522301 (Mar 2025),S09a_PIB_doc2025318522301_AnnexI_2020-2022.txt,Annexure-I 'State/UT-wise Cases Registered (CR) under Cyber Crimes during 2020-2022',https://static.pib.gov.in/WriteReadData/specificdocs/documents/2025/mar/doc2025318522301.pdf,
S09,S09a,Punjab,20,state_ut,states,2021,551,551,registered cases (CR),"Total cyber crimes (IT Act + IPC + SLL, NCRB definition)",NCRB 'Crime in India' via PIB-hosted document doc2025318522301 (Mar 2025),S09a_PIB_doc2025318522301_AnnexI_2020-2022.txt,Annexure-I 'State/UT-wise Cases Registered (CR) under Cyber Crimes during 2020-2022',https://static.pib.gov.in/WriteReadData/specificdocs/documents/2025/mar/doc2025318522301.pdf,
S09,S09a,Punjab,20,state_ut,states,2022,697,697,registered cases (CR),"Total cyber crimes (IT Act + IPC + SLL, NCRB definition)",NCRB 'Crime in India' via PIB-hosted document doc2025318522301 (Mar 2025),S09a_PIB_doc2025318522301_AnnexI_2020-2022.txt,Annexure-I 'State/UT-wise Cases Registered (CR) under Cyber Crimes during 2020-2022',https://static.pib.gov.in/WriteReadData/specificdocs/documents/2025/mar/doc2025318522301.pdf,
S09,S09a,Rajasthan,21,state_ut,states,2020,1354,1354,registered cases (CR),"Total cyber crimes (IT Act + IPC + SLL, NCRB definition)",NCRB 'Crime in India' via PIB-hosted document doc2025318522301 (Mar 2025),S09a_PIB_doc2025318522301_AnnexI_2020-2022.txt,Annexure-I 'State/UT-wise Cases Registered (CR) under Cyber Crimes during 2020-2022',https://static.pib.gov.in/WriteReadData/specificdocs/documents/2025/mar/doc2025318522301.pdf,
S09,S09a,Rajasthan,21,state_ut,states,2021,1504,1504,registered cases (CR),"Total cyber crimes (IT Act + IPC + SLL, NCRB definition)",NCRB 'Crime in India' via PIB-hosted document doc2025318522301 (Mar 2025),S09a_PIB_doc2025318522301_AnnexI_2020-2022.txt,Annexure-I 'State/UT-wise Cases Registered (CR) under Cyber Crimes during 2020-2022',https://static.pib.gov.in/WriteReadData/specificdocs/documents/2025/mar/doc2025318522301.pdf,
S09,S09a,Rajasthan,21,state_ut,states,2022,1833,1833,registered cases (CR),"Total cyber crimes (IT Act + IPC + SLL, NCRB definition)",NCRB 'Crime in India' via PIB-hosted document doc2025318522301 (Mar 2025),S09a_PIB_doc2025318522301_AnnexI_2020-2022.txt,Annexure-I 'State/UT-wise Cases Registered (CR) under Cyber Crimes during 2020-2022',https://static.pib.gov.in/WriteReadData/specificdocs/documents/2025/mar/doc2025318522301.pdf,
S09,S09a,Sikkim,22,state_ut,states,2020,0,0,registered cases (CR),"Total cyber crimes (IT Act + IPC + SLL, NCRB definition)",NCRB 'Crime in India' via PIB-hosted document doc2025318522301 (Mar 2025),S09a_PIB_doc2025318522301_AnnexI_2020-2022.txt,Annexure-I 'State/UT-wise Cases Registered (CR) under Cyber Crimes during 2020-2022',https://static.pib.gov.in/WriteReadData/specificdocs/documents/2025/mar/doc2025318522301.pdf,
S09,S09a,Sikkim,22,state_ut,states,2021,0,0,registered cases (CR),"Total cyber crimes (IT Act + IPC + SLL, NCRB definition)",NCRB 'Crime in India' via PIB-hosted document doc2025318522301 (Mar 2025),S09a_PIB_doc2025318522301_AnnexI_2020-2022.txt,Annexure-I 'State/UT-wise Cases Registered (CR) under Cyber Crimes during 2020-2022',https://static.pib.gov.in/WriteReadData/specificdocs/documents/2025/mar/doc2025318522301.pdf,
S09,S09a,Sikkim,22,state_ut,states,2022,26,26,registered cases (CR),"Total cyber crimes (IT Act + IPC + SLL, NCRB definition)",NCRB 'Crime in India' via PIB-hosted document doc2025318522301 (Mar 2025),S09a_PIB_doc2025318522301_AnnexI_2020-2022.txt,Annexure-I 'State/UT-wise Cases Registered (CR) under Cyber Crimes during 2020-2022',https://static.pib.gov.in/WriteReadData/specificdocs/documents/2025/mar/doc2025318522301.pdf,
S09,S09a,Tamil Nadu,23,state_ut,states,2020,782,782,registered cases (CR),"Total cyber crimes (IT Act + IPC + SLL, NCRB definition)",NCRB 'Crime in India' via PIB-hosted document doc2025318522301 (Mar 2025),S09a_PIB_doc2025318522301_AnnexI_2020-2022.txt,Annexure-I 'State/UT-wise Cases Registered (CR) under Cyber Crimes during 2020-2022',https://static.pib.gov.in/WriteReadData/specificdocs/documents/2025/mar/doc2025318522301.pdf,
S09,S09a,Tamil Nadu,23,state_ut,states,2021,1076,1076,registered cases (CR),"Total cyber crimes (IT Act + IPC + SLL, NCRB definition)",NCRB 'Crime in India' via PIB-hosted document doc2025318522301 (Mar 2025),S09a_PIB_doc2025318522301_AnnexI_2020-2022.txt,Annexure-I 'State/UT-wise Cases Registered (CR) under Cyber Crimes during 2020-2022',https://static.pib.gov.in/WriteReadData/specificdocs/documents/2025/mar/doc2025318522301.pdf,
S09,S09a,Tamil Nadu,23,state_ut,states,2022,2082,2082,registered cases (CR),"Total cyber crimes (IT Act + IPC + SLL, NCRB definition)",NCRB 'Crime in India' via PIB-hosted document doc2025318522301 (Mar 2025),S09a_PIB_doc2025318522301_AnnexI_2020-2022.txt,Annexure-I 'State/UT-wise Cases Registered (CR) under Cyber Crimes during 2020-2022',https://static.pib.gov.in/WriteReadData/specificdocs/documents/2025/mar/doc2025318522301.pdf,
S09,S09a,Telangana,24,state_ut,states,2020,5024,5024,registered cases (CR),"Total cyber crimes (IT Act + IPC + SLL, NCRB definition)",NCRB 'Crime in India' via PIB-hosted document doc2025318522301 (Mar 2025),S09a_PIB_doc2025318522301_AnnexI_2020-2022.txt,Annexure-I 'State/UT-wise Cases Registered (CR) under Cyber Crimes during 2020-2022',https://static.pib.gov.in/WriteReadData/specificdocs/documents/2025/mar/doc2025318522301.pdf,
S09,S09a,Telangana,24,state_ut,states,2021,10303,10303,registered cases (CR),"Total cyber crimes (IT Act + IPC + SLL, NCRB definition)",NCRB 'Crime in India' via PIB-hosted document doc2025318522301 (Mar 2025),S09a_PIB_doc2025318522301_AnnexI_2020-2022.txt,Annexure-I 'State/UT-wise Cases Registered (CR) under Cyber Crimes during 2020-2022',https://static.pib.gov.in/WriteReadData/specificdocs/documents/2025/mar/doc2025318522301.pdf,
S09,S09a,Telangana,24,state_ut,states,2022,15297,15297,registered cases (CR),"Total cyber crimes (IT Act + IPC + SLL, NCRB definition)",NCRB 'Crime in India' via PIB-hosted document doc2025318522301 (Mar 2025),S09a_PIB_doc2025318522301_AnnexI_2020-2022.txt,Annexure-I 'State/UT-wise Cases Registered (CR) under Cyber Crimes during 2020-2022',https://static.pib.gov.in/WriteReadData/specificdocs/documents/2025/mar/doc2025318522301.pdf,
S09,S09a,Tripura,25,state_ut,states,2020,34,34,registered cases (CR),"Total cyber crimes (IT Act + IPC + SLL, NCRB definition)",NCRB 'Crime in India' via PIB-hosted document doc2025318522301 (Mar 2025),S09a_PIB_doc2025318522301_AnnexI_2020-2022.txt,Annexure-I 'State/UT-wise Cases Registered (CR) under Cyber Crimes during 2020-2022',https://static.pib.gov.in/WriteReadData/specificdocs/documents/2025/mar/doc2025318522301.pdf,
S09,S09a,Tripura,25,state_ut,states,2021,24,24,registered cases (CR),"Total cyber crimes (IT Act + IPC + SLL, NCRB definition)",NCRB 'Crime in India' via PIB-hosted document doc2025318522301 (Mar 2025),S09a_PIB_doc2025318522301_AnnexI_2020-2022.txt,Annexure-I 'State/UT-wise Cases Registered (CR) under Cyber Crimes during 2020-2022',https://static.pib.gov.in/WriteReadData/specificdocs/documents/2025/mar/doc2025318522301.pdf,
S09,S09a,Tripura,25,state_ut,states,2022,30,30,registered cases (CR),"Total cyber crimes (IT Act + IPC + SLL, NCRB definition)",NCRB 'Crime in India' via PIB-hosted document doc2025318522301 (Mar 2025),S09a_PIB_doc2025318522301_AnnexI_2020-2022.txt,Annexure-I 'State/UT-wise Cases Registered (CR) under Cyber Crimes during 2020-2022',https://static.pib.gov.in/WriteReadData/specificdocs/documents/2025/mar/doc2025318522301.pdf,
S09,S09a,Uttar Pradesh,26,state_ut,states,2020,11097,11097,registered cases (CR),"Total cyber crimes (IT Act + IPC + SLL, NCRB definition)",NCRB 'Crime in India' via PIB-hosted document doc2025318522301 (Mar 2025),S09a_PIB_doc2025318522301_AnnexI_2020-2022.txt,Annexure-I 'State/UT-wise Cases Registered (CR) under Cyber Crimes during 2020-2022',https://static.pib.gov.in/WriteReadData/specificdocs/documents/2025/mar/doc2025318522301.pdf,
S09,S09a,Uttar Pradesh,26,state_ut,states,2021,8829,8829,registered cases (CR),"Total cyber crimes (IT Act + IPC + SLL, NCRB definition)",NCRB 'Crime in India' via PIB-hosted document doc2025318522301 (Mar 2025),S09a_PIB_doc2025318522301_AnnexI_2020-2022.txt,Annexure-I 'State/UT-wise Cases Registered (CR) under Cyber Crimes during 2020-2022',https://static.pib.gov.in/WriteReadData/specificdocs/documents/2025/mar/doc2025318522301.pdf,
S09,S09a,Uttar Pradesh,26,state_ut,states,2022,10117,10117,registered cases (CR),"Total cyber crimes (IT Act + IPC + SLL, NCRB definition)",NCRB 'Crime in India' via PIB-hosted document doc2025318522301 (Mar 2025),S09a_PIB_doc2025318522301_AnnexI_2020-2022.txt,Annexure-I 'State/UT-wise Cases Registered (CR) under Cyber Crimes during 2020-2022',https://static.pib.gov.in/WriteReadData/specificdocs/documents/2025/mar/doc2025318522301.pdf,
S09,S09a,Uttarakhand,27,state_ut,states,2020,243,243,registered cases (CR),"Total cyber crimes (IT Act + IPC + SLL, NCRB definition)",NCRB 'Crime in India' via PIB-hosted document doc2025318522301 (Mar 2025),S09a_PIB_doc2025318522301_AnnexI_2020-2022.txt,Annexure-I 'State/UT-wise Cases Registered (CR) under Cyber Crimes during 2020-2022',https://static.pib.gov.in/WriteReadData/specificdocs/documents/2025/mar/doc2025318522301.pdf,
S09,S09a,Uttarakhand,27,state_ut,states,2021,718,718,registered cases (CR),"Total cyber crimes (IT Act + IPC + SLL, NCRB definition)",NCRB 'Crime in India' via PIB-hosted document doc2025318522301 (Mar 2025),S09a_PIB_doc2025318522301_AnnexI_2020-2022.txt,Annexure-I 'State/UT-wise Cases Registered (CR) under Cyber Crimes during 2020-2022',https://static.pib.gov.in/WriteReadData/specificdocs/documents/2025/mar/doc2025318522301.pdf,
S09,S09a,Uttarakhand,27,state_ut,states,2022,559,559,registered cases (CR),"Total cyber crimes (IT Act + IPC + SLL, NCRB definition)",NCRB 'Crime in India' via PIB-hosted document doc2025318522301 (Mar 2025),S09a_PIB_doc2025318522301_AnnexI_2020-2022.txt,Annexure-I 'State/UT-wise Cases Registered (CR) under Cyber Crimes during 2020-2022',https://static.pib.gov.in/WriteReadData/specificdocs/documents/2025/mar/doc2025318522301.pdf,
S09,S09a,West Bengal,28,state_ut,states,2020,712,712,registered cases (CR),"Total cyber crimes (IT Act + IPC + SLL, NCRB definition)",NCRB 'Crime in India' via PIB-hosted document doc2025318522301 (Mar 2025),S09a_PIB_doc2025318522301_AnnexI_2020-2022.txt,Annexure-I 'State/UT-wise Cases Registered (CR) under Cyber Crimes during 2020-2022',https://static.pib.gov.in/WriteReadData/specificdocs/documents/2025/mar/doc2025318522301.pdf,
S09,S09a,West Bengal,28,state_ut,states,2021,513,513,registered cases (CR),"Total cyber crimes (IT Act + IPC + SLL, NCRB definition)",NCRB 'Crime in India' via PIB-hosted document doc2025318522301 (Mar 2025),S09a_PIB_doc2025318522301_AnnexI_2020-2022.txt,Annexure-I 'State/UT-wise Cases Registered (CR) under Cyber Crimes during 2020-2022',https://static.pib.gov.in/WriteReadData/specificdocs/documents/2025/mar/doc2025318522301.pdf,
S09,S09a,West Bengal,28,state_ut,states,2022,401,401,registered cases (CR),"Total cyber crimes (IT Act + IPC + SLL, NCRB definition)",NCRB 'Crime in India' via PIB-hosted document doc2025318522301 (Mar 2025),S09a_PIB_doc2025318522301_AnnexI_2020-2022.txt,Annexure-I 'State/UT-wise Cases Registered (CR) under Cyber Crimes during 2020-2022',https://static.pib.gov.in/WriteReadData/specificdocs/documents/2025/mar/doc2025318522301.pdf,
S09,S09a,TOTAL STATE(S),,total_states,states,2020,49708,49708,registered cases (CR),"Total cyber crimes (IT Act + IPC + SLL, NCRB definition)",NCRB 'Crime in India' via PIB-hosted document doc2025318522301 (Mar 2025),S09a_PIB_doc2025318522301_AnnexI_2020-2022.txt,Annexure-I 'State/UT-wise Cases Registered (CR) under Cyber Crimes during 2020-2022',https://static.pib.gov.in/WriteReadData/specificdocs/documents/2025/mar/doc2025318522301.pdf,
S09,S09a,TOTAL STATE(S),,total_states,states,2021,52430,52430,registered cases (CR),"Total cyber crimes (IT Act + IPC + SLL, NCRB definition)",NCRB 'Crime in India' via PIB-hosted document doc2025318522301 (Mar 2025),S09a_PIB_doc2025318522301_AnnexI_2020-2022.txt,Annexure-I 'State/UT-wise Cases Registered (CR) under Cyber Crimes during 2020-2022',https://static.pib.gov.in/WriteReadData/specificdocs/documents/2025/mar/doc2025318522301.pdf,
S09,S09a,TOTAL STATE(S),,total_states,states,2022,64907,64907,registered cases (CR),"Total cyber crimes (IT Act + IPC + SLL, NCRB definition)",NCRB 'Crime in India' via PIB-hosted document doc2025318522301 (Mar 2025),S09a_PIB_doc2025318522301_AnnexI_2020-2022.txt,Annexure-I 'State/UT-wise Cases Registered (CR) under Cyber Crimes during 2020-2022',https://static.pib.gov.in/WriteReadData/specificdocs/documents/2025/mar/doc2025318522301.pdf,
S09,S09a,A&N Islands,29,state_ut,uts,2020,5,5,registered cases (CR),"Total cyber crimes (IT Act + IPC + SLL, NCRB definition)",NCRB 'Crime in India' via PIB-hosted document doc2025318522301 (Mar 2025),S09a_PIB_doc2025318522301_AnnexI_2020-2022.txt,Annexure-I 'State/UT-wise Cases Registered (CR) under Cyber Crimes during 2020-2022',https://static.pib.gov.in/WriteReadData/specificdocs/documents/2025/mar/doc2025318522301.pdf,
S09,S09a,A&N Islands,29,state_ut,uts,2021,8,8,registered cases (CR),"Total cyber crimes (IT Act + IPC + SLL, NCRB definition)",NCRB 'Crime in India' via PIB-hosted document doc2025318522301 (Mar 2025),S09a_PIB_doc2025318522301_AnnexI_2020-2022.txt,Annexure-I 'State/UT-wise Cases Registered (CR) under Cyber Crimes during 2020-2022',https://static.pib.gov.in/WriteReadData/specificdocs/documents/2025/mar/doc2025318522301.pdf,
S09,S09a,A&N Islands,29,state_ut,uts,2022,28,28,registered cases (CR),"Total cyber crimes (IT Act + IPC + SLL, NCRB definition)",NCRB 'Crime in India' via PIB-hosted document doc2025318522301 (Mar 2025),S09a_PIB_doc2025318522301_AnnexI_2020-2022.txt,Annexure-I 'State/UT-wise Cases Registered (CR) under Cyber Crimes during 2020-2022',https://static.pib.gov.in/WriteReadData/specificdocs/documents/2025/mar/doc2025318522301.pdf,
S09,S09a,Chandigarh,30,state_ut,uts,2020,17,17,registered cases (CR),"Total cyber crimes (IT Act + IPC + SLL, NCRB definition)",NCRB 'Crime in India' via PIB-hosted document doc2025318522301 (Mar 2025),S09a_PIB_doc2025318522301_AnnexI_2020-2022.txt,Annexure-I 'State/UT-wise Cases Registered (CR) under Cyber Crimes during 2020-2022',https://static.pib.gov.in/WriteReadData/specificdocs/documents/2025/mar/doc2025318522301.pdf,
S09,S09a,Chandigarh,30,state_ut,uts,2021,15,15,registered cases (CR),"Total cyber crimes (IT Act + IPC + SLL, NCRB definition)",NCRB 'Crime in India' via PIB-hosted document doc2025318522301 (Mar 2025),S09a_PIB_doc2025318522301_AnnexI_2020-2022.txt,Annexure-I 'State/UT-wise Cases Registered (CR) under Cyber Crimes during 2020-2022',https://static.pib.gov.in/WriteReadData/specificdocs/documents/2025/mar/doc2025318522301.pdf,
S09,S09a,Chandigarh,30,state_ut,uts,2022,27,27,registered cases (CR),"Total cyber crimes (IT Act + IPC + SLL, NCRB definition)",NCRB 'Crime in India' via PIB-hosted document doc2025318522301 (Mar 2025),S09a_PIB_doc2025318522301_AnnexI_2020-2022.txt,Annexure-I 'State/UT-wise Cases Registered (CR) under Cyber Crimes during 2020-2022',https://static.pib.gov.in/WriteReadData/specificdocs/documents/2025/mar/doc2025318522301.pdf,
S09,S09a,D&N Haveli and Daman & Diu,31,state_ut,uts,2020,3,3,registered cases (CR),"Total cyber crimes (IT Act + IPC + SLL, NCRB definition)",NCRB 'Crime in India' via PIB-hosted document doc2025318522301 (Mar 2025),S09a_PIB_doc2025318522301_AnnexI_2020-2022.txt,Annexure-I 'State/UT-wise Cases Registered (CR) under Cyber Crimes during 2020-2022',https://static.pib.gov.in/WriteReadData/specificdocs/documents/2025/mar/doc2025318522301.pdf,
S09,S09a,D&N Haveli and Daman & Diu,31,state_ut,uts,2021,5,5,registered cases (CR),"Total cyber crimes (IT Act + IPC + SLL, NCRB definition)",NCRB 'Crime in India' via PIB-hosted document doc2025318522301 (Mar 2025),S09a_PIB_doc2025318522301_AnnexI_2020-2022.txt,Annexure-I 'State/UT-wise Cases Registered (CR) under Cyber Crimes during 2020-2022',https://static.pib.gov.in/WriteReadData/specificdocs/documents/2025/mar/doc2025318522301.pdf,
S09,S09a,D&N Haveli and Daman & Diu,31,state_ut,uts,2022,5,5,registered cases (CR),"Total cyber crimes (IT Act + IPC + SLL, NCRB definition)",NCRB 'Crime in India' via PIB-hosted document doc2025318522301 (Mar 2025),S09a_PIB_doc2025318522301_AnnexI_2020-2022.txt,Annexure-I 'State/UT-wise Cases Registered (CR) under Cyber Crimes during 2020-2022',https://static.pib.gov.in/WriteReadData/specificdocs/documents/2025/mar/doc2025318522301.pdf,
S09,S09a,Delhi,32,state_ut,uts,2020,168,168,registered cases (CR),"Total cyber crimes (IT Act + IPC + SLL, NCRB definition)",NCRB 'Crime in India' via PIB-hosted document doc2025318522301 (Mar 2025),S09a_PIB_doc2025318522301_AnnexI_2020-2022.txt,Annexure-I 'State/UT-wise Cases Registered (CR) under Cyber Crimes during 2020-2022',https://static.pib.gov.in/WriteReadData/specificdocs/documents/2025/mar/doc2025318522301.pdf,
S09,S09a,Delhi,32,state_ut,uts,2021,356,356,registered cases (CR),"Total cyber crimes (IT Act + IPC + SLL, NCRB definition)",NCRB 'Crime in India' via PIB-hosted document doc2025318522301 (Mar 2025),S09a_PIB_doc2025318522301_AnnexI_2020-2022.txt,Annexure-I 'State/UT-wise Cases Registered (CR) under Cyber Crimes during 2020-2022',https://static.pib.gov.in/WriteReadData/specificdocs/documents/2025/mar/doc2025318522301.pdf,
S09,S09a,Delhi,32,state_ut,uts,2022,685,685,registered cases (CR),"Total cyber crimes (IT Act + IPC + SLL, NCRB definition)",NCRB 'Crime in India' via PIB-hosted document doc2025318522301 (Mar 2025),S09a_PIB_doc2025318522301_AnnexI_2020-2022.txt,Annexure-I 'State/UT-wise Cases Registered (CR) under Cyber Crimes during 2020-2022',https://static.pib.gov.in/WriteReadData/specificdocs/documents/2025/mar/doc2025318522301.pdf,
S09,S09a,Jammu & Kashmir,33,state_ut,uts,2020,120,120,registered cases (CR),"Total cyber crimes (IT Act + IPC + SLL, NCRB definition)",NCRB 'Crime in India' via PIB-hosted document doc2025318522301 (Mar 2025),S09a_PIB_doc2025318522301_AnnexI_2020-2022.txt,Annexure-I 'State/UT-wise Cases Registered (CR) under Cyber Crimes during 2020-2022',https://static.pib.gov.in/WriteReadData/specificdocs/documents/2025/mar/doc2025318522301.pdf,
S09,S09a,Jammu & Kashmir,33,state_ut,uts,2021,154,154,registered cases (CR),"Total cyber crimes (IT Act + IPC + SLL, NCRB definition)",NCRB 'Crime in India' via PIB-hosted document doc2025318522301 (Mar 2025),S09a_PIB_doc2025318522301_AnnexI_2020-2022.txt,Annexure-I 'State/UT-wise Cases Registered (CR) under Cyber Crimes during 2020-2022',https://static.pib.gov.in/WriteReadData/specificdocs/documents/2025/mar/doc2025318522301.pdf,
S09,S09a,Jammu & Kashmir,33,state_ut,uts,2022,173,173,registered cases (CR),"Total cyber crimes (IT Act + IPC + SLL, NCRB definition)",NCRB 'Crime in India' via PIB-hosted document doc2025318522301 (Mar 2025),S09a_PIB_doc2025318522301_AnnexI_2020-2022.txt,Annexure-I 'State/UT-wise Cases Registered (CR) under Cyber Crimes during 2020-2022',https://static.pib.gov.in/WriteReadData/specificdocs/documents/2025/mar/doc2025318522301.pdf,
S09,S09a,Ladakh,34,state_ut,uts,2020,1,1,registered cases (CR),"Total cyber crimes (IT Act + IPC + SLL, NCRB definition)",NCRB 'Crime in India' via PIB-hosted document doc2025318522301 (Mar 2025),S09a_PIB_doc2025318522301_AnnexI_2020-2022.txt,Annexure-I 'State/UT-wise Cases Registered (CR) under Cyber Crimes during 2020-2022',https://static.pib.gov.in/WriteReadData/specificdocs/documents/2025/mar/doc2025318522301.pdf,
S09,S09a,Ladakh,34,state_ut,uts,2021,5,5,registered cases (CR),"Total cyber crimes (IT Act + IPC + SLL, NCRB definition)",NCRB 'Crime in India' via PIB-hosted document doc2025318522301 (Mar 2025),S09a_PIB_doc2025318522301_AnnexI_2020-2022.txt,Annexure-I 'State/UT-wise Cases Registered (CR) under Cyber Crimes during 2020-2022',https://static.pib.gov.in/WriteReadData/specificdocs/documents/2025/mar/doc2025318522301.pdf,
S09,S09a,Ladakh,34,state_ut,uts,2022,3,3,registered cases (CR),"Total cyber crimes (IT Act + IPC + SLL, NCRB definition)",NCRB 'Crime in India' via PIB-hosted document doc2025318522301 (Mar 2025),S09a_PIB_doc2025318522301_AnnexI_2020-2022.txt,Annexure-I 'State/UT-wise Cases Registered (CR) under Cyber Crimes during 2020-2022',https://static.pib.gov.in/WriteReadData/specificdocs/documents/2025/mar/doc2025318522301.pdf,
S09,S09a,Lakshadweep,35,state_ut,uts,2020,3,3,registered cases (CR),"Total cyber crimes (IT Act + IPC + SLL, NCRB definition)",NCRB 'Crime in India' via PIB-hosted document doc2025318522301 (Mar 2025),S09a_PIB_doc2025318522301_AnnexI_2020-2022.txt,Annexure-I 'State/UT-wise Cases Registered (CR) under Cyber Crimes during 2020-2022',https://static.pib.gov.in/WriteReadData/specificdocs/documents/2025/mar/doc2025318522301.pdf,
S09,S09a,Lakshadweep,35,state_ut,uts,2021,1,1,registered cases (CR),"Total cyber crimes (IT Act + IPC + SLL, NCRB definition)",NCRB 'Crime in India' via PIB-hosted document doc2025318522301 (Mar 2025),S09a_PIB_doc2025318522301_AnnexI_2020-2022.txt,Annexure-I 'State/UT-wise Cases Registered (CR) under Cyber Crimes during 2020-2022',https://static.pib.gov.in/WriteReadData/specificdocs/documents/2025/mar/doc2025318522301.pdf,
S09,S09a,Lakshadweep,35,state_ut,uts,2022,1,1,registered cases (CR),"Total cyber crimes (IT Act + IPC + SLL, NCRB definition)",NCRB 'Crime in India' via PIB-hosted document doc2025318522301 (Mar 2025),S09a_PIB_doc2025318522301_AnnexI_2020-2022.txt,Annexure-I 'State/UT-wise Cases Registered (CR) under Cyber Crimes during 2020-2022',https://static.pib.gov.in/WriteReadData/specificdocs/documents/2025/mar/doc2025318522301.pdf,
S09,S09a,Puducherry,36,state_ut,uts,2020,10,10,registered cases (CR),"Total cyber crimes (IT Act + IPC + SLL, NCRB definition)",NCRB 'Crime in India' via PIB-hosted document doc2025318522301 (Mar 2025),S09a_PIB_doc2025318522301_AnnexI_2020-2022.txt,Annexure-I 'State/UT-wise Cases Registered (CR) under Cyber Crimes during 2020-2022',https://static.pib.gov.in/WriteReadData/specificdocs/documents/2025/mar/doc2025318522301.pdf,
S09,S09a,Puducherry,36,state_ut,uts,2021,0,0,registered cases (CR),"Total cyber crimes (IT Act + IPC + SLL, NCRB definition)",NCRB 'Crime in India' via PIB-hosted document doc2025318522301 (Mar 2025),S09a_PIB_doc2025318522301_AnnexI_2020-2022.txt,Annexure-I 'State/UT-wise Cases Registered (CR) under Cyber Crimes during 2020-2022',https://static.pib.gov.in/WriteReadData/specificdocs/documents/2025/mar/doc2025318522301.pdf,
S09,S09a,Puducherry,36,state_ut,uts,2022,64,64,registered cases (CR),"Total cyber crimes (IT Act + IPC + SLL, NCRB definition)",NCRB 'Crime in India' via PIB-hosted document doc2025318522301 (Mar 2025),S09a_PIB_doc2025318522301_AnnexI_2020-2022.txt,Annexure-I 'State/UT-wise Cases Registered (CR) under Cyber Crimes during 2020-2022',https://static.pib.gov.in/WriteReadData/specificdocs/documents/2025/mar/doc2025318522301.pdf,
S09,S09a,TOTAL UT(S),,total_uts,uts,2020,327,327,registered cases (CR),"Total cyber crimes (IT Act + IPC + SLL, NCRB definition)",NCRB 'Crime in India' via PIB-hosted document doc2025318522301 (Mar 2025),S09a_PIB_doc2025318522301_AnnexI_2020-2022.txt,Annexure-I 'State/UT-wise Cases Registered (CR) under Cyber Crimes during 2020-2022',https://static.pib.gov.in/WriteReadData/specificdocs/documents/2025/mar/doc2025318522301.pdf,
S09,S09a,TOTAL UT(S),,total_uts,uts,2021,544,544,registered cases (CR),"Total cyber crimes (IT Act + IPC + SLL, NCRB definition)",NCRB 'Crime in India' via PIB-hosted document doc2025318522301 (Mar 2025),S09a_PIB_doc2025318522301_AnnexI_2020-2022.txt,Annexure-I 'State/UT-wise Cases Registered (CR) under Cyber Crimes during 2020-2022',https://static.pib.gov.in/WriteReadData/specificdocs/documents/2025/mar/doc2025318522301.pdf,
S09,S09a,TOTAL UT(S),,total_uts,uts,2022,986,986,registered cases (CR),"Total cyber crimes (IT Act + IPC + SLL, NCRB definition)",NCRB 'Crime in India' via PIB-hosted document doc2025318522301 (Mar 2025),S09a_PIB_doc2025318522301_AnnexI_2020-2022.txt,Annexure-I 'State/UT-wise Cases Registered (CR) under Cyber Crimes during 2020-2022',https://static.pib.gov.in/WriteReadData/specificdocs/documents/2025/mar/doc2025318522301.pdf,
S09,S09a,TOTAL (ALL INDIA),,total_all_india,all_india,2020,50035,50035,registered cases (CR),"Total cyber crimes (IT Act + IPC + SLL, NCRB definition)",NCRB 'Crime in India' via PIB-hosted document doc2025318522301 (Mar 2025),S09a_PIB_doc2025318522301_AnnexI_2020-2022.txt,Annexure-I 'State/UT-wise Cases Registered (CR) under Cyber Crimes during 2020-2022',https://static.pib.gov.in/WriteReadData/specificdocs/documents/2025/mar/doc2025318522301.pdf,
S09,S09a,TOTAL (ALL INDIA),,total_all_india,all_india,2021,52974,52974,registered cases (CR),"Total cyber crimes (IT Act + IPC + SLL, NCRB definition)",NCRB 'Crime in India' via PIB-hosted document doc2025318522301 (Mar 2025),S09a_PIB_doc2025318522301_AnnexI_2020-2022.txt,Annexure-I 'State/UT-wise Cases Registered (CR) under Cyber Crimes during 2020-2022',https://static.pib.gov.in/WriteReadData/specificdocs/documents/2025/mar/doc2025318522301.pdf,
S09,S09a,TOTAL (ALL INDIA),,total_all_india,all_india,2022,65893,65893,registered cases (CR),"Total cyber crimes (IT Act + IPC + SLL, NCRB definition)",NCRB 'Crime in India' via PIB-hosted document doc2025318522301 (Mar 2025),S09a_PIB_doc2025318522301_AnnexI_2020-2022.txt,Annexure-I 'State/UT-wise Cases Registered (CR) under Cyber Crimes during 2020-2022',https://static.pib.gov.in/WriteReadData/specificdocs/documents/2025/mar/doc2025318522301.pdf,
S09,S09b,Andhra Pradesh,1,state_ut,states,2020,764,764,registered cases (CR),Cyber crimes - Fraud (sub-category; NOT total cyber crime),NCRB 'Crime in India' via PIB-hosted document doc2025318522301 (Mar 2025),S09b_PIB_doc2025318522301_AnnexII_fraud_2020-2022.txt,Annexure-II 'State/UT-wise Cases Registered (CR) under Fraud for Cyber Crimes during Year 2020-2022',https://static.pib.gov.in/WriteReadData/specificdocs/documents/2025/mar/doc2025318522301.pdf,
S09,S09b,Andhra Pradesh,1,state_ut,states,2021,952,952,registered cases (CR),Cyber crimes - Fraud (sub-category; NOT total cyber crime),NCRB 'Crime in India' via PIB-hosted document doc2025318522301 (Mar 2025),S09b_PIB_doc2025318522301_AnnexII_fraud_2020-2022.txt,Annexure-II 'State/UT-wise Cases Registered (CR) under Fraud for Cyber Crimes during Year 2020-2022',https://static.pib.gov.in/WriteReadData/specificdocs/documents/2025/mar/doc2025318522301.pdf,
S09,S09b,Andhra Pradesh,1,state_ut,states,2022,984,984,registered cases (CR),Cyber crimes - Fraud (sub-category; NOT total cyber crime),NCRB 'Crime in India' via PIB-hosted document doc2025318522301 (Mar 2025),S09b_PIB_doc2025318522301_AnnexII_fraud_2020-2022.txt,Annexure-II 'State/UT-wise Cases Registered (CR) under Fraud for Cyber Crimes during Year 2020-2022',https://static.pib.gov.in/WriteReadData/specificdocs/documents/2025/mar/doc2025318522301.pdf,
S09,S09b,Arunachal Pradesh,2,state_ut,states,2020,3,3,registered cases (CR),Cyber crimes - Fraud (sub-category; NOT total cyber crime),NCRB 'Crime in India' via PIB-hosted document doc2025318522301 (Mar 2025),S09b_PIB_doc2025318522301_AnnexII_fraud_2020-2022.txt,Annexure-II 'State/UT-wise Cases Registered (CR) under Fraud for Cyber Crimes during Year 2020-2022',https://static.pib.gov.in/WriteReadData/specificdocs/documents/2025/mar/doc2025318522301.pdf,
S09,S09b,Arunachal Pradesh,2,state_ut,states,2021,2,2,registered cases (CR),Cyber crimes - Fraud (sub-category; NOT total cyber crime),NCRB 'Crime in India' via PIB-hosted document doc2025318522301 (Mar 2025),S09b_PIB_doc2025318522301_AnnexII_fraud_2020-2022.txt,Annexure-II 'State/UT-wise Cases Registered (CR) under Fraud for Cyber Crimes during Year 2020-2022',https://static.pib.gov.in/WriteReadData/specificdocs/documents/2025/mar/doc2025318522301.pdf,
S09,S09b,Arunachal Pradesh,2,state_ut,states,2022,0,0,registered cases (CR),Cyber crimes - Fraud (sub-category; NOT total cyber crime),NCRB 'Crime in India' via PIB-hosted document doc2025318522301 (Mar 2025),S09b_PIB_doc2025318522301_AnnexII_fraud_2020-2022.txt,Annexure-II 'State/UT-wise Cases Registered (CR) under Fraud for Cyber Crimes during Year 2020-2022',https://static.pib.gov.in/WriteReadData/specificdocs/documents/2025/mar/doc2025318522301.pdf,
S09,S09b,Assam,3,state_ut,states,2020,58,58,registered cases (CR),Cyber crimes - Fraud (sub-category; NOT total cyber crime),NCRB 'Crime in India' via PIB-hosted document doc2025318522301 (Mar 2025),S09b_PIB_doc2025318522301_AnnexII_fraud_2020-2022.txt,Annexure-II 'State/UT-wise Cases Registered (CR) under Fraud for Cyber Crimes during Year 2020-2022',https://static.pib.gov.in/WriteReadData/specificdocs/documents/2025/mar/doc2025318522301.pdf,
S09,S09b,Assam,3,state_ut,states,2021,82,82,registered cases (CR),Cyber crimes - Fraud (sub-category; NOT total cyber crime),NCRB 'Crime in India' via PIB-hosted document doc2025318522301 (Mar 2025),S09b_PIB_doc2025318522301_AnnexII_fraud_2020-2022.txt,Annexure-II 'State/UT-wise Cases Registered (CR) under Fraud for Cyber Crimes during Year 2020-2022',https://static.pib.gov.in/WriteReadData/specificdocs/documents/2025/mar/doc2025318522301.pdf,
S09,S09b,Assam,3,state_ut,states,2022,16,16,registered cases (CR),Cyber crimes - Fraud (sub-category; NOT total cyber crime),NCRB 'Crime in India' via PIB-hosted document doc2025318522301 (Mar 2025),S09b_PIB_doc2025318522301_AnnexII_fraud_2020-2022.txt,Annexure-II 'State/UT-wise Cases Registered (CR) under Fraud for Cyber Crimes during Year 2020-2022',https://static.pib.gov.in/WriteReadData/specificdocs/documents/2025/mar/doc2025318522301.pdf,
S09,S09b,Bihar,4,state_ut,states,2020,1294,1294,registered cases (CR),Cyber crimes - Fraud (sub-category; NOT total cyber crime),NCRB 'Crime in India' via PIB-hosted document doc2025318522301 (Mar 2025),S09b_PIB_doc2025318522301_AnnexII_fraud_2020-2022.txt,Annexure-II 'State/UT-wise Cases Registered (CR) under Fraud for Cyber Crimes during Year 2020-2022',https://static.pib.gov.in/WriteReadData/specificdocs/documents/2025/mar/doc2025318522301.pdf,
S09,S09b,Bihar,4,state_ut,states,2021,1373,1373,registered cases (CR),Cyber crimes - Fraud (sub-category; NOT total cyber crime),NCRB 'Crime in India' via PIB-hosted document doc2025318522301 (Mar 2025),S09b_PIB_doc2025318522301_AnnexII_fraud_2020-2022.txt,Annexure-II 'State/UT-wise Cases Registered (CR) under Fraud for Cyber Crimes during Year 2020-2022',https://static.pib.gov.in/WriteReadData/specificdocs/documents/2025/mar/doc2025318522301.pdf,
S09,S09b,Bihar,4,state_ut,states,2022,1441,1441,registered cases (CR),Cyber crimes - Fraud (sub-category; NOT total cyber crime),NCRB 'Crime in India' via PIB-hosted document doc2025318522301 (Mar 2025),S09b_PIB_doc2025318522301_AnnexII_fraud_2020-2022.txt,Annexure-II 'State/UT-wise Cases Registered (CR) under Fraud for Cyber Crimes during Year 2020-2022',https://static.pib.gov.in/WriteReadData/specificdocs/documents/2025/mar/doc2025318522301.pdf,
S09,S09b,Chhattisgarh,5,state_ut,states,2020,71,71,registered cases (CR),Cyber crimes - Fraud (sub-category; NOT total cyber crime),NCRB 'Crime in India' via PIB-hosted document doc2025318522301 (Mar 2025),S09b_PIB_doc2025318522301_AnnexII_fraud_2020-2022.txt,Annexure-II 'State/UT-wise Cases Registered (CR) under Fraud for Cyber Crimes during Year 2020-2022',https://static.pib.gov.in/WriteReadData/specificdocs/documents/2025/mar/doc2025318522301.pdf,
S09,S09b,Chhattisgarh,5,state_ut,states,2021,67,67,registered cases (CR),Cyber crimes - Fraud (sub-category; NOT total cyber crime),NCRB 'Crime in India' via PIB-hosted document doc2025318522301 (Mar 2025),S09b_PIB_doc2025318522301_AnnexII_fraud_2020-2022.txt,Annexure-II 'State/UT-wise Cases Registered (CR) under Fraud for Cyber Crimes during Year 2020-2022',https://static.pib.gov.in/WriteReadData/specificdocs/documents/2025/mar/doc2025318522301.pdf,
S09,S09b,Chhattisgarh,5,state_ut,states,2022,42,42,registered cases (CR),Cyber crimes - Fraud (sub-category; NOT total cyber crime),NCRB 'Crime in India' via PIB-hosted document doc2025318522301 (Mar 2025),S09b_PIB_doc2025318522301_AnnexII_fraud_2020-2022.txt,Annexure-II 'State/UT-wise Cases Registered (CR) under Fraud for Cyber Crimes during Year 2020-2022',https://static.pib.gov.in/WriteReadData/specificdocs/documents/2025/mar/doc2025318522301.pdf,
S09,S09b,Goa,6,state_ut,states,2020,1,1,registered cases (CR),Cyber crimes - Fraud (sub-category; NOT total cyber crime),NCRB 'Crime in India' via PIB-hosted document doc2025318522301 (Mar 2025),S09b_PIB_doc2025318522301_AnnexII_fraud_2020-2022.txt,Annexure-II 'State/UT-wise Cases Registered (CR) under Fraud for Cyber Crimes during Year 2020-2022',https://static.pib.gov.in/WriteReadData/specificdocs/documents/2025/mar/doc2025318522301.pdf,
S09,S09b,Goa,6,state_ut,states,2021,1,1,registered cases (CR),Cyber crimes - Fraud (sub-category; NOT total cyber crime),NCRB 'Crime in India' via PIB-hosted document doc2025318522301 (Mar 2025),S09b_PIB_doc2025318522301_AnnexII_fraud_2020-2022.txt,Annexure-II 'State/UT-wise Cases Registered (CR) under Fraud for Cyber Crimes during Year 2020-2022',https://static.pib.gov.in/WriteReadData/specificdocs/documents/2025/mar/doc2025318522301.pdf,
S09,S09b,Goa,6,state_ut,states,2022,11,11,registered cases (CR),Cyber crimes - Fraud (sub-category; NOT total cyber crime),NCRB 'Crime in India' via PIB-hosted document doc2025318522301 (Mar 2025),S09b_PIB_doc2025318522301_AnnexII_fraud_2020-2022.txt,Annexure-II 'State/UT-wise Cases Registered (CR) under Fraud for Cyber Crimes during Year 2020-2022',https://static.pib.gov.in/WriteReadData/specificdocs/documents/2025/mar/doc2025318522301.pdf,
S09,S09b,Gujarat,7,state_ut,states,2020,205,205,registered cases (CR),Cyber crimes - Fraud (sub-category; NOT total cyber crime),NCRB 'Crime in India' via PIB-hosted document doc2025318522301 (Mar 2025),S09b_PIB_doc2025318522301_AnnexII_fraud_2020-2022.txt,Annexure-II 'State/UT-wise Cases Registered (CR) under Fraud for Cyber Crimes during Year 2020-2022',https://static.pib.gov.in/WriteReadData/specificdocs/documents/2025/mar/doc2025318522301.pdf,
S09,S09b,Gujarat,7,state_ut,states,2021,208,208,registered cases (CR),Cyber crimes - Fraud (sub-category; NOT total cyber crime),NCRB 'Crime in India' via PIB-hosted document doc2025318522301 (Mar 2025),S09b_PIB_doc2025318522301_AnnexII_fraud_2020-2022.txt,Annexure-II 'State/UT-wise Cases Registered (CR) under Fraud for Cyber Crimes during Year 2020-2022',https://static.pib.gov.in/WriteReadData/specificdocs/documents/2025/mar/doc2025318522301.pdf,
S09,S09b,Gujarat,7,state_ut,states,2022,108,108,registered cases (CR),Cyber crimes - Fraud (sub-category; NOT total cyber crime),NCRB 'Crime in India' via PIB-hosted document doc2025318522301 (Mar 2025),S09b_PIB_doc2025318522301_AnnexII_fraud_2020-2022.txt,Annexure-II 'State/UT-wise Cases Registered (CR) under Fraud for Cyber Crimes during Year 2020-2022',https://static.pib.gov.in/WriteReadData/specificdocs/documents/2025/mar/doc2025318522301.pdf,
S09,S09b,Haryana,8,state_ut,states,2020,36,36,registered cases (CR),Cyber crimes - Fraud (sub-category; NOT total cyber crime),NCRB 'Crime in India' via PIB-hosted document doc2025318522301 (Mar 2025),S09b_PIB_doc2025318522301_AnnexII_fraud_2020-2022.txt,Annexure-II 'State/UT-wise Cases Registered (CR) under Fraud for Cyber Crimes during Year 2020-2022',https://static.pib.gov.in/WriteReadData/specificdocs/documents/2025/mar/doc2025318522301.pdf,
S09,S09b,Haryana,8,state_ut,states,2021,52,52,registered cases (CR),Cyber crimes - Fraud (sub-category; NOT total cyber crime),NCRB 'Crime in India' via PIB-hosted document doc2025318522301 (Mar 2025),S09b_PIB_doc2025318522301_AnnexII_fraud_2020-2022.txt,Annexure-II 'State/UT-wise Cases Registered (CR) under Fraud for Cyber Crimes during Year 2020-2022',https://static.pib.gov.in/WriteReadData/specificdocs/documents/2025/mar/doc2025318522301.pdf,
S09,S09b,Haryana,8,state_ut,states,2022,44,44,registered cases (CR),Cyber crimes - Fraud (sub-category; NOT total cyber crime),NCRB 'Crime in India' via PIB-hosted document doc2025318522301 (Mar 2025),S09b_PIB_doc2025318522301_AnnexII_fraud_2020-2022.txt,Annexure-II 'State/UT-wise Cases Registered (CR) under Fraud for Cyber Crimes during Year 2020-2022',https://static.pib.gov.in/WriteReadData/specificdocs/documents/2025/mar/doc2025318522301.pdf,
S09,S09b,Himachal Pradesh,9,state_ut,states,2020,1,1,registered cases (CR),Cyber crimes - Fraud (sub-category; NOT total cyber crime),NCRB 'Crime in India' via PIB-hosted document doc2025318522301 (Mar 2025),S09b_PIB_doc2025318522301_AnnexII_fraud_2020-2022.txt,Annexure-II 'State/UT-wise Cases Registered (CR) under Fraud for Cyber Crimes during Year 2020-2022',https://static.pib.gov.in/WriteReadData/specificdocs/documents/2025/mar/doc2025318522301.pdf,
S09,S09b,Himachal Pradesh,9,state_ut,states,2021,6,6,registered cases (CR),Cyber crimes - Fraud (sub-category; NOT total cyber crime),NCRB 'Crime in India' via PIB-hosted document doc2025318522301 (Mar 2025),S09b_PIB_doc2025318522301_AnnexII_fraud_2020-2022.txt,Annexure-II 'State/UT-wise Cases Registered (CR) under Fraud for Cyber Crimes during Year 2020-2022',https://static.pib.gov.in/WriteReadData/specificdocs/documents/2025/mar/doc2025318522301.pdf,
S09,S09b,Himachal Pradesh,9,state_ut,states,2022,9,9,registered cases (CR),Cyber crimes - Fraud (sub-category; NOT total cyber crime),NCRB 'Crime in India' via PIB-hosted document doc2025318522301 (Mar 2025),S09b_PIB_doc2025318522301_AnnexII_fraud_2020-2022.txt,Annexure-II 'State/UT-wise Cases Registered (CR) under Fraud for Cyber Crimes during Year 2020-2022',https://static.pib.gov.in/WriteReadData/specificdocs/documents/2025/mar/doc2025318522301.pdf,
S09,S09b,Jharkhand,10,state_ut,states,2020,83,83,registered cases (CR),Cyber crimes - Fraud (sub-category; NOT total cyber crime),NCRB 'Crime in India' via PIB-hosted document doc2025318522301 (Mar 2025),S09b_PIB_doc2025318522301_AnnexII_fraud_2020-2022.txt,Annexure-II 'State/UT-wise Cases Registered (CR) under Fraud for Cyber Crimes during Year 2020-2022',https://static.pib.gov.in/WriteReadData/specificdocs/documents/2025/mar/doc2025318522301.pdf,
S09,S09b,Jharkhand,10,state_ut,states,2021,79,79,registered cases (CR),Cyber crimes - Fraud (sub-category; NOT total cyber crime),NCRB 'Crime in India' via PIB-hosted document doc2025318522301 (Mar 2025),S09b_PIB_doc2025318522301_AnnexII_fraud_2020-2022.txt,Annexure-II 'State/UT-wise Cases Registered (CR) under Fraud for Cyber Crimes during Year 2020-2022',https://static.pib.gov.in/WriteReadData/specificdocs/documents/2025/mar/doc2025318522301.pdf,
S09,S09b,Jharkhand,10,state_ut,states,2022,98,98,registered cases (CR),Cyber crimes - Fraud (sub-category; NOT total cyber crime),NCRB 'Crime in India' via PIB-hosted document doc2025318522301 (Mar 2025),S09b_PIB_doc2025318522301_AnnexII_fraud_2020-2022.txt,Annexure-II 'State/UT-wise Cases Registered (CR) under Fraud for Cyber Crimes during Year 2020-2022',https://static.pib.gov.in/WriteReadData/specificdocs/documents/2025/mar/doc2025318522301.pdf,
S09,S09b,Karnataka,11,state_ut,states,2020,0,0,registered cases (CR),Cyber crimes - Fraud (sub-category; NOT total cyber crime),NCRB 'Crime in India' via PIB-hosted document doc2025318522301 (Mar 2025),S09b_PIB_doc2025318522301_AnnexII_fraud_2020-2022.txt,Annexure-II 'State/UT-wise Cases Registered (CR) under Fraud for Cyber Crimes during Year 2020-2022',https://static.pib.gov.in/WriteReadData/specificdocs/documents/2025/mar/doc2025318522301.pdf,
S09,S09b,Karnataka,11,state_ut,states,2021,6,6,registered cases (CR),Cyber crimes - Fraud (sub-category; NOT total cyber crime),NCRB 'Crime in India' via PIB-hosted document doc2025318522301 (Mar 2025),S09b_PIB_doc2025318522301_AnnexII_fraud_2020-2022.txt,Annexure-II 'State/UT-wise Cases Registered (CR) under Fraud for Cyber Crimes during Year 2020-2022',https://static.pib.gov.in/WriteReadData/specificdocs/documents/2025/mar/doc2025318522301.pdf,
S09,S09b,Karnataka,11,state_ut,states,2022,0,0,registered cases (CR),Cyber crimes - Fraud (sub-category; NOT total cyber crime),NCRB 'Crime in India' via PIB-hosted document doc2025318522301 (Mar 2025),S09b_PIB_doc2025318522301_AnnexII_fraud_2020-2022.txt,Annexure-II 'State/UT-wise Cases Registered (CR) under Fraud for Cyber Crimes during Year 2020-2022',https://static.pib.gov.in/WriteReadData/specificdocs/documents/2025/mar/doc2025318522301.pdf,
S09,S09b,Kerala,12,state_ut,states,2020,6,6,registered cases (CR),Cyber crimes - Fraud (sub-category; NOT total cyber crime),NCRB 'Crime in India' via PIB-hosted document doc2025318522301 (Mar 2025),S09b_PIB_doc2025318522301_AnnexII_fraud_2020-2022.txt,Annexure-II 'State/UT-wise Cases Registered (CR) under Fraud for Cyber Crimes during Year 2020-2022',https://static.pib.gov.in/WriteReadData/specificdocs/documents/2025/mar/doc2025318522301.pdf,
S09,S09b,Kerala,12,state_ut,states,2021,16,16,registered cases (CR),Cyber crimes - Fraud (sub-category; NOT total cyber crime),NCRB 'Crime in India' via PIB-hosted document doc2025318522301 (Mar 2025),S09b_PIB_doc2025318522301_AnnexII_fraud_2020-2022.txt,Annexure-II 'State/UT-wise Cases Registered (CR) under Fraud for Cyber Crimes during Year 2020-2022',https://static.pib.gov.in/WriteReadData/specificdocs/documents/2025/mar/doc2025318522301.pdf,
S09,S09b,Kerala,12,state_ut,states,2022,26,26,registered cases (CR),Cyber crimes - Fraud (sub-category; NOT total cyber crime),NCRB 'Crime in India' via PIB-hosted document doc2025318522301 (Mar 2025),S09b_PIB_doc2025318522301_AnnexII_fraud_2020-2022.txt,Annexure-II 'State/UT-wise Cases Registered (CR) under Fraud for Cyber Crimes during Year 2020-2022',https://static.pib.gov.in/WriteReadData/specificdocs/documents/2025/mar/doc2025318522301.pdf,
S09,S09b,Madhya Pradesh,13,state_ut,states,2020,69,69,registered cases (CR),Cyber crimes - Fraud (sub-category; NOT total cyber crime),NCRB 'Crime in India' via PIB-hosted document doc2025318522301 (Mar 2025),S09b_PIB_doc2025318522301_AnnexII_fraud_2020-2022.txt,Annexure-II 'State/UT-wise Cases Registered (CR) under Fraud for Cyber Crimes during Year 2020-2022',https://static.pib.gov.in/WriteReadData/specificdocs/documents/2025/mar/doc2025318522301.pdf,
S09,S09b,Madhya Pradesh,13,state_ut,states,2021,89,89,registered cases (CR),Cyber crimes - Fraud (sub-category; NOT total cyber crime),NCRB 'Crime in India' via PIB-hosted document doc2025318522301 (Mar 2025),S09b_PIB_doc2025318522301_AnnexII_fraud_2020-2022.txt,Annexure-II 'State/UT-wise Cases Registered (CR) under Fraud for Cyber Crimes during Year 2020-2022',https://static.pib.gov.in/WriteReadData/specificdocs/documents/2025/mar/doc2025318522301.pdf,
S09,S09b,Madhya Pradesh,13,state_ut,states,2022,180,180,registered cases (CR),Cyber crimes - Fraud (sub-category; NOT total cyber crime),NCRB 'Crime in India' via PIB-hosted document doc2025318522301 (Mar 2025),S09b_PIB_doc2025318522301_AnnexII_fraud_2020-2022.txt,Annexure-II 'State/UT-wise Cases Registered (CR) under Fraud for Cyber Crimes during Year 2020-2022',https://static.pib.gov.in/WriteReadData/specificdocs/documents/2025/mar/doc2025318522301.pdf,
S09,S09b,Maharashtra,14,state_ut,states,2020,2032,2032,registered cases (CR),Cyber crimes - Fraud (sub-category; NOT total cyber crime),NCRB 'Crime in India' via PIB-hosted document doc2025318522301 (Mar 2025),S09b_PIB_doc2025318522301_AnnexII_fraud_2020-2022.txt,Annexure-II 'State/UT-wise Cases Registered (CR) under Fraud for Cyber Crimes during Year 2020-2022',https://static.pib.gov.in/WriteReadData/specificdocs/documents/2025/mar/doc2025318522301.pdf,
S09,S09b,Maharashtra,14,state_ut,states,2021,1678,1678,registered cases (CR),Cyber crimes - Fraud (sub-category; NOT total cyber crime),NCRB 'Crime in India' via PIB-hosted document doc2025318522301 (Mar 2025),S09b_PIB_doc2025318522301_AnnexII_fraud_2020-2022.txt,Annexure-II 'State/UT-wise Cases Registered (CR) under Fraud for Cyber Crimes during Year 2020-2022',https://static.pib.gov.in/WriteReadData/specificdocs/documents/2025/mar/doc2025318522301.pdf,
S09,S09b,Maharashtra,14,state_ut,states,2022,2202,2202,registered cases (CR),Cyber crimes - Fraud (sub-category; NOT total cyber crime),NCRB 'Crime in India' via PIB-hosted document doc2025318522301 (Mar 2025),S09b_PIB_doc2025318522301_AnnexII_fraud_2020-2022.txt,Annexure-II 'State/UT-wise Cases Registered (CR) under Fraud for Cyber Crimes during Year 2020-2022',https://static.pib.gov.in/WriteReadData/specificdocs/documents/2025/mar/doc2025318522301.pdf,
S09,S09b,Manipur,15,state_ut,states,2020,0,0,registered cases (CR),Cyber crimes - Fraud (sub-category; NOT total cyber crime),NCRB 'Crime in India' via PIB-hosted document doc2025318522301 (Mar 2025),S09b_PIB_doc2025318522301_AnnexII_fraud_2020-2022.txt,Annexure-II 'State/UT-wise Cases Registered (CR) under Fraud for Cyber Crimes during Year 2020-2022',https://static.pib.gov.in/WriteReadData/specificdocs/documents/2025/mar/doc2025318522301.pdf,
S09,S09b,Manipur,15,state_ut,states,2021,0,0,registered cases (CR),Cyber crimes - Fraud (sub-category; NOT total cyber crime),NCRB 'Crime in India' via PIB-hosted document doc2025318522301 (Mar 2025),S09b_PIB_doc2025318522301_AnnexII_fraud_2020-2022.txt,Annexure-II 'State/UT-wise Cases Registered (CR) under Fraud for Cyber Crimes during Year 2020-2022',https://static.pib.gov.in/WriteReadData/specificdocs/documents/2025/mar/doc2025318522301.pdf,
S09,S09b,Manipur,15,state_ut,states,2022,0,0,registered cases (CR),Cyber crimes - Fraud (sub-category; NOT total cyber crime),NCRB 'Crime in India' via PIB-hosted document doc2025318522301 (Mar 2025),S09b_PIB_doc2025318522301_AnnexII_fraud_2020-2022.txt,Annexure-II 'State/UT-wise Cases Registered (CR) under Fraud for Cyber Crimes during Year 2020-2022',https://static.pib.gov.in/WriteReadData/specificdocs/documents/2025/mar/doc2025318522301.pdf,
S09,S09b,Meghalaya,16,state_ut,states,2020,10,10,registered cases (CR),Cyber crimes - Fraud (sub-category; NOT total cyber crime),NCRB 'Crime in India' via PIB-hosted document doc2025318522301 (Mar 2025),S09b_PIB_doc2025318522301_AnnexII_fraud_2020-2022.txt,Annexure-II 'State/UT-wise Cases Registered (CR) under Fraud for Cyber Crimes during Year 2020-2022',https://static.pib.gov.in/WriteReadData/specificdocs/documents/2025/mar/doc2025318522301.pdf,
S09,S09b,Meghalaya,16,state_ut,states,2021,0,0,registered cases (CR),Cyber crimes - Fraud (sub-category; NOT total cyber crime),NCRB 'Crime in India' via PIB-hosted document doc2025318522301 (Mar 2025),S09b_PIB_doc2025318522301_AnnexII_fraud_2020-2022.txt,Annexure-II 'State/UT-wise Cases Registered (CR) under Fraud for Cyber Crimes during Year 2020-2022',https://static.pib.gov.in/WriteReadData/specificdocs/documents/2025/mar/doc2025318522301.pdf,
S09,S09b,Meghalaya,16,state_ut,states,2022,0,0,registered cases (CR),Cyber crimes - Fraud (sub-category; NOT total cyber crime),NCRB 'Crime in India' via PIB-hosted document doc2025318522301 (Mar 2025),S09b_PIB_doc2025318522301_AnnexII_fraud_2020-2022.txt,Annexure-II 'State/UT-wise Cases Registered (CR) under Fraud for Cyber Crimes during Year 2020-2022',https://static.pib.gov.in/WriteReadData/specificdocs/documents/2025/mar/doc2025318522301.pdf,
S09,S09b,Mizoram,17,state_ut,states,2020,0,0,registered cases (CR),Cyber crimes - Fraud (sub-category; NOT total cyber crime),NCRB 'Crime in India' via PIB-hosted document doc2025318522301 (Mar 2025),S09b_PIB_doc2025318522301_AnnexII_fraud_2020-2022.txt,Annexure-II 'State/UT-wise Cases Registered (CR) under Fraud for Cyber Crimes during Year 2020-2022',https://static.pib.gov.in/WriteReadData/specificdocs/documents/2025/mar/doc2025318522301.pdf,
S09,S09b,Mizoram,17,state_ut,states,2021,0,0,registered cases (CR),Cyber crimes - Fraud (sub-category; NOT total cyber crime),NCRB 'Crime in India' via PIB-hosted document doc2025318522301 (Mar 2025),S09b_PIB_doc2025318522301_AnnexII_fraud_2020-2022.txt,Annexure-II 'State/UT-wise Cases Registered (CR) under Fraud for Cyber Crimes during Year 2020-2022',https://static.pib.gov.in/WriteReadData/specificdocs/documents/2025/mar/doc2025318522301.pdf,
S09,S09b,Mizoram,17,state_ut,states,2022,0,0,registered cases (CR),Cyber crimes - Fraud (sub-category; NOT total cyber crime),NCRB 'Crime in India' via PIB-hosted document doc2025318522301 (Mar 2025),S09b_PIB_doc2025318522301_AnnexII_fraud_2020-2022.txt,Annexure-II 'State/UT-wise Cases Registered (CR) under Fraud for Cyber Crimes during Year 2020-2022',https://static.pib.gov.in/WriteReadData/specificdocs/documents/2025/mar/doc2025318522301.pdf,
S09,S09b,Nagaland,18,state_ut,states,2020,0,0,registered cases (CR),Cyber crimes - Fraud (sub-category; NOT total cyber crime),NCRB 'Crime in India' via PIB-hosted document doc2025318522301 (Mar 2025),S09b_PIB_doc2025318522301_AnnexII_fraud_2020-2022.txt,Annexure-II 'State/UT-wise Cases Registered (CR) under Fraud for Cyber Crimes during Year 2020-2022',https://static.pib.gov.in/WriteReadData/specificdocs/documents/2025/mar/doc2025318522301.pdf,
S09,S09b,Nagaland,18,state_ut,states,2021,0,0,registered cases (CR),Cyber crimes - Fraud (sub-category; NOT total cyber crime),NCRB 'Crime in India' via PIB-hosted document doc2025318522301 (Mar 2025),S09b_PIB_doc2025318522301_AnnexII_fraud_2020-2022.txt,Annexure-II 'State/UT-wise Cases Registered (CR) under Fraud for Cyber Crimes during Year 2020-2022',https://static.pib.gov.in/WriteReadData/specificdocs/documents/2025/mar/doc2025318522301.pdf,
S09,S09b,Nagaland,18,state_ut,states,2022,0,0,registered cases (CR),Cyber crimes - Fraud (sub-category; NOT total cyber crime),NCRB 'Crime in India' via PIB-hosted document doc2025318522301 (Mar 2025),S09b_PIB_doc2025318522301_AnnexII_fraud_2020-2022.txt,Annexure-II 'State/UT-wise Cases Registered (CR) under Fraud for Cyber Crimes during Year 2020-2022',https://static.pib.gov.in/WriteReadData/specificdocs/documents/2025/mar/doc2025318522301.pdf,
S09,S09b,Odisha,19,state_ut,states,2020,1079,1079,registered cases (CR),Cyber crimes - Fraud (sub-category; NOT total cyber crime),NCRB 'Crime in India' via PIB-hosted document doc2025318522301 (Mar 2025),S09b_PIB_doc2025318522301_AnnexII_fraud_2020-2022.txt,Annexure-II 'State/UT-wise Cases Registered (CR) under Fraud for Cyber Crimes during Year 2020-2022',https://static.pib.gov.in/WriteReadData/specificdocs/documents/2025/mar/doc2025318522301.pdf,
S09,S09b,Odisha,19,state_ut,states,2021,1205,1205,registered cases (CR),Cyber crimes - Fraud (sub-category; NOT total cyber crime),NCRB 'Crime in India' via PIB-hosted document doc2025318522301 (Mar 2025),S09b_PIB_doc2025318522301_AnnexII_fraud_2020-2022.txt,Annexure-II 'State/UT-wise Cases Registered (CR) under Fraud for Cyber Crimes during Year 2020-2022',https://static.pib.gov.in/WriteReadData/specificdocs/documents/2025/mar/doc2025318522301.pdf,
S09,S09b,Odisha,19,state_ut,states,2022,957,957,registered cases (CR),Cyber crimes - Fraud (sub-category; NOT total cyber crime),NCRB 'Crime in India' via PIB-hosted document doc2025318522301 (Mar 2025),S09b_PIB_doc2025318522301_AnnexII_fraud_2020-2022.txt,Annexure-II 'State/UT-wise Cases Registered (CR) under Fraud for Cyber Crimes during Year 2020-2022',https://static.pib.gov.in/WriteReadData/specificdocs/documents/2025/mar/doc2025318522301.pdf,
S09,S09b,Punjab,20,state_ut,states,2020,16,16,registered cases (CR),Cyber crimes - Fraud (sub-category; NOT total cyber crime),NCRB 'Crime in India' via PIB-hosted document doc2025318522301 (Mar 2025),S09b_PIB_doc2025318522301_AnnexII_fraud_2020-2022.txt,Annexure-II 'State/UT-wise Cases Registered (CR) under Fraud for Cyber Crimes during Year 2020-2022',https://static.pib.gov.in/WriteReadData/specificdocs/documents/2025/mar/doc2025318522301.pdf,
S09,S09b,Punjab,20,state_ut,states,2021,29,29,registered cases (CR),Cyber crimes - Fraud (sub-category; NOT total cyber crime),NCRB 'Crime in India' via PIB-hosted document doc2025318522301 (Mar 2025),S09b_PIB_doc2025318522301_AnnexII_fraud_2020-2022.txt,Annexure-II 'State/UT-wise Cases Registered (CR) under Fraud for Cyber Crimes during Year 2020-2022',https://static.pib.gov.in/WriteReadData/specificdocs/documents/2025/mar/doc2025318522301.pdf,
S09,S09b,Punjab,20,state_ut,states,2022,61,61,registered cases (CR),Cyber crimes - Fraud (sub-category; NOT total cyber crime),NCRB 'Crime in India' via PIB-hosted document doc2025318522301 (Mar 2025),S09b_PIB_doc2025318522301_AnnexII_fraud_2020-2022.txt,Annexure-II 'State/UT-wise Cases Registered (CR) under Fraud for Cyber Crimes during Year 2020-2022',https://static.pib.gov.in/WriteReadData/specificdocs/documents/2025/mar/doc2025318522301.pdf,
S09,S09b,Rajasthan,21,state_ut,states,2020,332,332,registered cases (CR),Cyber crimes - Fraud (sub-category; NOT total cyber crime),NCRB 'Crime in India' via PIB-hosted document doc2025318522301 (Mar 2025),S09b_PIB_doc2025318522301_AnnexII_fraud_2020-2022.txt,Annexure-II 'State/UT-wise Cases Registered (CR) under Fraud for Cyber Crimes during Year 2020-2022',https://static.pib.gov.in/WriteReadData/specificdocs/documents/2025/mar/doc2025318522301.pdf,
S09,S09b,Rajasthan,21,state_ut,states,2021,371,371,registered cases (CR),Cyber crimes - Fraud (sub-category; NOT total cyber crime),NCRB 'Crime in India' via PIB-hosted document doc2025318522301 (Mar 2025),S09b_PIB_doc2025318522301_AnnexII_fraud_2020-2022.txt,Annexure-II 'State/UT-wise Cases Registered (CR) under Fraud for Cyber Crimes during Year 2020-2022',https://static.pib.gov.in/WriteReadData/specificdocs/documents/2025/mar/doc2025318522301.pdf,
S09,S09b,Rajasthan,21,state_ut,states,2022,292,292,registered cases (CR),Cyber crimes - Fraud (sub-category; NOT total cyber crime),NCRB 'Crime in India' via PIB-hosted document doc2025318522301 (Mar 2025),S09b_PIB_doc2025318522301_AnnexII_fraud_2020-2022.txt,Annexure-II 'State/UT-wise Cases Registered (CR) under Fraud for Cyber Crimes during Year 2020-2022',https://static.pib.gov.in/WriteReadData/specificdocs/documents/2025/mar/doc2025318522301.pdf,
S09,S09b,Sikkim,22,state_ut,states,2020,0,0,registered cases (CR),Cyber crimes - Fraud (sub-category; NOT total cyber crime),NCRB 'Crime in India' via PIB-hosted document doc2025318522301 (Mar 2025),S09b_PIB_doc2025318522301_AnnexII_fraud_2020-2022.txt,Annexure-II 'State/UT-wise Cases Registered (CR) under Fraud for Cyber Crimes during Year 2020-2022',https://static.pib.gov.in/WriteReadData/specificdocs/documents/2025/mar/doc2025318522301.pdf,
S09,S09b,Sikkim,22,state_ut,states,2021,0,0,registered cases (CR),Cyber crimes - Fraud (sub-category; NOT total cyber crime),NCRB 'Crime in India' via PIB-hosted document doc2025318522301 (Mar 2025),S09b_PIB_doc2025318522301_AnnexII_fraud_2020-2022.txt,Annexure-II 'State/UT-wise Cases Registered (CR) under Fraud for Cyber Crimes during Year 2020-2022',https://static.pib.gov.in/WriteReadData/specificdocs/documents/2025/mar/doc2025318522301.pdf,
S09,S09b,Sikkim,22,state_ut,states,2022,0,0,registered cases (CR),Cyber crimes - Fraud (sub-category; NOT total cyber crime),NCRB 'Crime in India' via PIB-hosted document doc2025318522301 (Mar 2025),S09b_PIB_doc2025318522301_AnnexII_fraud_2020-2022.txt,Annexure-II 'State/UT-wise Cases Registered (CR) under Fraud for Cyber Crimes during Year 2020-2022',https://static.pib.gov.in/WriteReadData/specificdocs/documents/2025/mar/doc2025318522301.pdf,
S09,S09b,Tamil Nadu,23,state_ut,states,2020,5,5,registered cases (CR),Cyber crimes - Fraud (sub-category; NOT total cyber crime),NCRB 'Crime in India' via PIB-hosted document doc2025318522301 (Mar 2025),S09b_PIB_doc2025318522301_AnnexII_fraud_2020-2022.txt,Annexure-II 'State/UT-wise Cases Registered (CR) under Fraud for Cyber Crimes during Year 2020-2022',https://static.pib.gov.in/WriteReadData/specificdocs/documents/2025/mar/doc2025318522301.pdf,
S09,S09b,Tamil Nadu,23,state_ut,states,2021,107,107,registered cases (CR),Cyber crimes - Fraud (sub-category; NOT total cyber crime),NCRB 'Crime in India' via PIB-hosted document doc2025318522301 (Mar 2025),S09b_PIB_doc2025318522301_AnnexII_fraud_2020-2022.txt,Annexure-II 'State/UT-wise Cases Registered (CR) under Fraud for Cyber Crimes during Year 2020-2022',https://static.pib.gov.in/WriteReadData/specificdocs/documents/2025/mar/doc2025318522301.pdf,
S09,S09b,Tamil Nadu,23,state_ut,states,2022,251,251,registered cases (CR),Cyber crimes - Fraud (sub-category; NOT total cyber crime),NCRB 'Crime in India' via PIB-hosted document doc2025318522301 (Mar 2025),S09b_PIB_doc2025318522301_AnnexII_fraud_2020-2022.txt,Annexure-II 'State/UT-wise Cases Registered (CR) under Fraud for Cyber Crimes during Year 2020-2022',https://static.pib.gov.in/WriteReadData/specificdocs/documents/2025/mar/doc2025318522301.pdf,
S09,S09b,Telangana,24,state_ut,states,2020,3316,3316,registered cases (CR),Cyber crimes - Fraud (sub-category; NOT total cyber crime),NCRB 'Crime in India' via PIB-hosted document doc2025318522301 (Mar 2025),S09b_PIB_doc2025318522301_AnnexII_fraud_2020-2022.txt,Annexure-II 'State/UT-wise Cases Registered (CR) under Fraud for Cyber Crimes during Year 2020-2022',https://static.pib.gov.in/WriteReadData/specificdocs/documents/2025/mar/doc2025318522301.pdf,
S09,S09b,Telangana,24,state_ut,states,2021,7003,7003,registered cases (CR),Cyber crimes - Fraud (sub-category; NOT total cyber crime),NCRB 'Crime in India' via PIB-hosted document doc2025318522301 (Mar 2025),S09b_PIB_doc2025318522301_AnnexII_fraud_2020-2022.txt,Annexure-II 'State/UT-wise Cases Registered (CR) under Fraud for Cyber Crimes during Year 2020-2022',https://static.pib.gov.in/WriteReadData/specificdocs/documents/2025/mar/doc2025318522301.pdf,
S09,S09b,Telangana,24,state_ut,states,2022,9581,9581,registered cases (CR),Cyber crimes - Fraud (sub-category; NOT total cyber crime),NCRB 'Crime in India' via PIB-hosted document doc2025318522301 (Mar 2025),S09b_PIB_doc2025318522301_AnnexII_fraud_2020-2022.txt,Annexure-II 'State/UT-wise Cases Registered (CR) under Fraud for Cyber Crimes during Year 2020-2022',https://static.pib.gov.in/WriteReadData/specificdocs/documents/2025/mar/doc2025318522301.pdf,
S09,S09b,Tripura,25,state_ut,states,2020,0,0,registered cases (CR),Cyber crimes - Fraud (sub-category; NOT total cyber crime),NCRB 'Crime in India' via PIB-hosted document doc2025318522301 (Mar 2025),S09b_PIB_doc2025318522301_AnnexII_fraud_2020-2022.txt,Annexure-II 'State/UT-wise Cases Registered (CR) under Fraud for Cyber Crimes during Year 2020-2022',https://static.pib.gov.in/WriteReadData/specificdocs/documents/2025/mar/doc2025318522301.pdf,
S09,S09b,Tripura,25,state_ut,states,2021,0,0,registered cases (CR),Cyber crimes - Fraud (sub-category; NOT total cyber crime),NCRB 'Crime in India' via PIB-hosted document doc2025318522301 (Mar 2025),S09b_PIB_doc2025318522301_AnnexII_fraud_2020-2022.txt,Annexure-II 'State/UT-wise Cases Registered (CR) under Fraud for Cyber Crimes during Year 2020-2022',https://static.pib.gov.in/WriteReadData/specificdocs/documents/2025/mar/doc2025318522301.pdf,
S09,S09b,Tripura,25,state_ut,states,2022,0,0,registered cases (CR),Cyber crimes - Fraud (sub-category; NOT total cyber crime),NCRB 'Crime in India' via PIB-hosted document doc2025318522301 (Mar 2025),S09b_PIB_doc2025318522301_AnnexII_fraud_2020-2022.txt,Annexure-II 'State/UT-wise Cases Registered (CR) under Fraud for Cyber Crimes during Year 2020-2022',https://static.pib.gov.in/WriteReadData/specificdocs/documents/2025/mar/doc2025318522301.pdf,
S09,S09b,Uttar Pradesh,26,state_ut,states,2020,837,837,registered cases (CR),Cyber crimes - Fraud (sub-category; NOT total cyber crime),NCRB 'Crime in India' via PIB-hosted document doc2025318522301 (Mar 2025),S09b_PIB_doc2025318522301_AnnexII_fraud_2020-2022.txt,Annexure-II 'State/UT-wise Cases Registered (CR) under Fraud for Cyber Crimes during Year 2020-2022',https://static.pib.gov.in/WriteReadData/specificdocs/documents/2025/mar/doc2025318522301.pdf,
S09,S09b,Uttar Pradesh,26,state_ut,states,2021,614,614,registered cases (CR),Cyber crimes - Fraud (sub-category; NOT total cyber crime),NCRB 'Crime in India' via PIB-hosted document doc2025318522301 (Mar 2025),S09b_PIB_doc2025318522301_AnnexII_fraud_2020-2022.txt,Annexure-II 'State/UT-wise Cases Registered (CR) under Fraud for Cyber Crimes during Year 2020-2022',https://static.pib.gov.in/WriteReadData/specificdocs/documents/2025/mar/doc2025318522301.pdf,
S09,S09b,Uttar Pradesh,26,state_ut,states,2022,766,766,registered cases (CR),Cyber crimes - Fraud (sub-category; NOT total cyber crime),NCRB 'Crime in India' via PIB-hosted document doc2025318522301 (Mar 2025),S09b_PIB_doc2025318522301_AnnexII_fraud_2020-2022.txt,Annexure-II 'State/UT-wise Cases Registered (CR) under Fraud for Cyber Crimes during Year 2020-2022',https://static.pib.gov.in/WriteReadData/specificdocs/documents/2025/mar/doc2025318522301.pdf,
S09,S09b,Uttarakhand,27,state_ut,states,2020,1,1,registered cases (CR),Cyber crimes - Fraud (sub-category; NOT total cyber crime),NCRB 'Crime in India' via PIB-hosted document doc2025318522301 (Mar 2025),S09b_PIB_doc2025318522301_AnnexII_fraud_2020-2022.txt,Annexure-II 'State/UT-wise Cases Registered (CR) under Fraud for Cyber Crimes during Year 2020-2022',https://static.pib.gov.in/WriteReadData/specificdocs/documents/2025/mar/doc2025318522301.pdf,
S09,S09b,Uttarakhand,27,state_ut,states,2021,0,0,registered cases (CR),Cyber crimes - Fraud (sub-category; NOT total cyber crime),NCRB 'Crime in India' via PIB-hosted document doc2025318522301 (Mar 2025),S09b_PIB_doc2025318522301_AnnexII_fraud_2020-2022.txt,Annexure-II 'State/UT-wise Cases Registered (CR) under Fraud for Cyber Crimes during Year 2020-2022',https://static.pib.gov.in/WriteReadData/specificdocs/documents/2025/mar/doc2025318522301.pdf,
S09,S09b,Uttarakhand,27,state_ut,states,2022,31,31,registered cases (CR),Cyber crimes - Fraud (sub-category; NOT total cyber crime),NCRB 'Crime in India' via PIB-hosted document doc2025318522301 (Mar 2025),S09b_PIB_doc2025318522301_AnnexII_fraud_2020-2022.txt,Annexure-II 'State/UT-wise Cases Registered (CR) under Fraud for Cyber Crimes during Year 2020-2022',https://static.pib.gov.in/WriteReadData/specificdocs/documents/2025/mar/doc2025318522301.pdf,
S09,S09b,West Bengal,28,state_ut,states,2020,145,145,registered cases (CR),Cyber crimes - Fraud (sub-category; NOT total cyber crime),NCRB 'Crime in India' via PIB-hosted document doc2025318522301 (Mar 2025),S09b_PIB_doc2025318522301_AnnexII_fraud_2020-2022.txt,Annexure-II 'State/UT-wise Cases Registered (CR) under Fraud for Cyber Crimes during Year 2020-2022',https://static.pib.gov.in/WriteReadData/specificdocs/documents/2025/mar/doc2025318522301.pdf,
S09,S09b,West Bengal,28,state_ut,states,2021,40,40,registered cases (CR),Cyber crimes - Fraud (sub-category; NOT total cyber crime),NCRB 'Crime in India' via PIB-hosted document doc2025318522301 (Mar 2025),S09b_PIB_doc2025318522301_AnnexII_fraud_2020-2022.txt,Annexure-II 'State/UT-wise Cases Registered (CR) under Fraud for Cyber Crimes during Year 2020-2022',https://static.pib.gov.in/WriteReadData/specificdocs/documents/2025/mar/doc2025318522301.pdf,
S09,S09b,West Bengal,28,state_ut,states,2022,30,30,registered cases (CR),Cyber crimes - Fraud (sub-category; NOT total cyber crime),NCRB 'Crime in India' via PIB-hosted document doc2025318522301 (Mar 2025),S09b_PIB_doc2025318522301_AnnexII_fraud_2020-2022.txt,Annexure-II 'State/UT-wise Cases Registered (CR) under Fraud for Cyber Crimes during Year 2020-2022',https://static.pib.gov.in/WriteReadData/specificdocs/documents/2025/mar/doc2025318522301.pdf,
S09,S09b,TOTAL STATE(S),,total_states,states,2020,10364,10364,registered cases (CR),Cyber crimes - Fraud (sub-category; NOT total cyber crime),NCRB 'Crime in India' via PIB-hosted document doc2025318522301 (Mar 2025),S09b_PIB_doc2025318522301_AnnexII_fraud_2020-2022.txt,Annexure-II 'State/UT-wise Cases Registered (CR) under Fraud for Cyber Crimes during Year 2020-2022',https://static.pib.gov.in/WriteReadData/specificdocs/documents/2025/mar/doc2025318522301.pdf,
S09,S09b,TOTAL STATE(S),,total_states,states,2021,13980,13980,registered cases (CR),Cyber crimes - Fraud (sub-category; NOT total cyber crime),NCRB 'Crime in India' via PIB-hosted document doc2025318522301 (Mar 2025),S09b_PIB_doc2025318522301_AnnexII_fraud_2020-2022.txt,Annexure-II 'State/UT-wise Cases Registered (CR) under Fraud for Cyber Crimes during Year 2020-2022',https://static.pib.gov.in/WriteReadData/specificdocs/documents/2025/mar/doc2025318522301.pdf,
S09,S09b,TOTAL STATE(S),,total_states,states,2022,17130,17130,registered cases (CR),Cyber crimes - Fraud (sub-category; NOT total cyber crime),NCRB 'Crime in India' via PIB-hosted document doc2025318522301 (Mar 2025),S09b_PIB_doc2025318522301_AnnexII_fraud_2020-2022.txt,Annexure-II 'State/UT-wise Cases Registered (CR) under Fraud for Cyber Crimes during Year 2020-2022',https://static.pib.gov.in/WriteReadData/specificdocs/documents/2025/mar/doc2025318522301.pdf,
S09,S09b,A&N Islands,29,state_ut,uts,2020,0,0,registered cases (CR),Cyber crimes - Fraud (sub-category; NOT total cyber crime),NCRB 'Crime in India' via PIB-hosted document doc2025318522301 (Mar 2025),S09b_PIB_doc2025318522301_AnnexII_fraud_2020-2022.txt,Annexure-II 'State/UT-wise Cases Registered (CR) under Fraud for Cyber Crimes during Year 2020-2022',https://static.pib.gov.in/WriteReadData/specificdocs/documents/2025/mar/doc2025318522301.pdf,
S09,S09b,A&N Islands,29,state_ut,uts,2021,0,0,registered cases (CR),Cyber crimes - Fraud (sub-category; NOT total cyber crime),NCRB 'Crime in India' via PIB-hosted document doc2025318522301 (Mar 2025),S09b_PIB_doc2025318522301_AnnexII_fraud_2020-2022.txt,Annexure-II 'State/UT-wise Cases Registered (CR) under Fraud for Cyber Crimes during Year 2020-2022',https://static.pib.gov.in/WriteReadData/specificdocs/documents/2025/mar/doc2025318522301.pdf,
S09,S09b,A&N Islands,29,state_ut,uts,2022,0,0,registered cases (CR),Cyber crimes - Fraud (sub-category; NOT total cyber crime),NCRB 'Crime in India' via PIB-hosted document doc2025318522301 (Mar 2025),S09b_PIB_doc2025318522301_AnnexII_fraud_2020-2022.txt,Annexure-II 'State/UT-wise Cases Registered (CR) under Fraud for Cyber Crimes during Year 2020-2022',https://static.pib.gov.in/WriteReadData/specificdocs/documents/2025/mar/doc2025318522301.pdf,
S09,S09b,Chandigarh,30,state_ut,uts,2020,0,0,registered cases (CR),Cyber crimes - Fraud (sub-category; NOT total cyber crime),NCRB 'Crime in India' via PIB-hosted document doc2025318522301 (Mar 2025),S09b_PIB_doc2025318522301_AnnexII_fraud_2020-2022.txt,Annexure-II 'State/UT-wise Cases Registered (CR) under Fraud for Cyber Crimes during Year 2020-2022',https://static.pib.gov.in/WriteReadData/specificdocs/documents/2025/mar/doc2025318522301.pdf,
S09,S09b,Chandigarh,30,state_ut,uts,2021,0,0,registered cases (CR),Cyber crimes - Fraud (sub-category; NOT total cyber crime),NCRB 'Crime in India' via PIB-hosted document doc2025318522301 (Mar 2025),S09b_PIB_doc2025318522301_AnnexII_fraud_2020-2022.txt,Annexure-II 'State/UT-wise Cases Registered (CR) under Fraud for Cyber Crimes during Year 2020-2022',https://static.pib.gov.in/WriteReadData/specificdocs/documents/2025/mar/doc2025318522301.pdf,
S09,S09b,Chandigarh,30,state_ut,uts,2022,2,2,registered cases (CR),Cyber crimes - Fraud (sub-category; NOT total cyber crime),NCRB 'Crime in India' via PIB-hosted document doc2025318522301 (Mar 2025),S09b_PIB_doc2025318522301_AnnexII_fraud_2020-2022.txt,Annexure-II 'State/UT-wise Cases Registered (CR) under Fraud for Cyber Crimes during Year 2020-2022',https://static.pib.gov.in/WriteReadData/specificdocs/documents/2025/mar/doc2025318522301.pdf,
S09,S09b,D&N Haveli and Daman & Diu,31,state_ut,uts,2020,0,0,registered cases (CR),Cyber crimes - Fraud (sub-category; NOT total cyber crime),NCRB 'Crime in India' via PIB-hosted document doc2025318522301 (Mar 2025),S09b_PIB_doc2025318522301_AnnexII_fraud_2020-2022.txt,Annexure-II 'State/UT-wise Cases Registered (CR) under Fraud for Cyber Crimes during Year 2020-2022',https://static.pib.gov.in/WriteReadData/specificdocs/documents/2025/mar/doc2025318522301.pdf,
S09,S09b,D&N Haveli and Daman & Diu,31,state_ut,uts,2021,0,0,registered cases (CR),Cyber crimes - Fraud (sub-category; NOT total cyber crime),NCRB 'Crime in India' via PIB-hosted document doc2025318522301 (Mar 2025),S09b_PIB_doc2025318522301_AnnexII_fraud_2020-2022.txt,Annexure-II 'State/UT-wise Cases Registered (CR) under Fraud for Cyber Crimes during Year 2020-2022',https://static.pib.gov.in/WriteReadData/specificdocs/documents/2025/mar/doc2025318522301.pdf,
S09,S09b,D&N Haveli and Daman & Diu,31,state_ut,uts,2022,0,0,registered cases (CR),Cyber crimes - Fraud (sub-category; NOT total cyber crime),NCRB 'Crime in India' via PIB-hosted document doc2025318522301 (Mar 2025),S09b_PIB_doc2025318522301_AnnexII_fraud_2020-2022.txt,Annexure-II 'State/UT-wise Cases Registered (CR) under Fraud for Cyber Crimes during Year 2020-2022',https://static.pib.gov.in/WriteReadData/specificdocs/documents/2025/mar/doc2025318522301.pdf,
S09,S09b,Delhi,32,state_ut,uts,2020,31,31,registered cases (CR),Cyber crimes - Fraud (sub-category; NOT total cyber crime),NCRB 'Crime in India' via PIB-hosted document doc2025318522301 (Mar 2025),S09b_PIB_doc2025318522301_AnnexII_fraud_2020-2022.txt,Annexure-II 'State/UT-wise Cases Registered (CR) under Fraud for Cyber Crimes during Year 2020-2022',https://static.pib.gov.in/WriteReadData/specificdocs/documents/2025/mar/doc2025318522301.pdf,
S09,S09b,Delhi,32,state_ut,uts,2021,19,19,registered cases (CR),Cyber crimes - Fraud (sub-category; NOT total cyber crime),NCRB 'Crime in India' via PIB-hosted document doc2025318522301 (Mar 2025),S09b_PIB_doc2025318522301_AnnexII_fraud_2020-2022.txt,Annexure-II 'State/UT-wise Cases Registered (CR) under Fraud for Cyber Crimes during Year 2020-2022',https://static.pib.gov.in/WriteReadData/specificdocs/documents/2025/mar/doc2025318522301.pdf,
S09,S09b,Delhi,32,state_ut,uts,2022,331,331,registered cases (CR),Cyber crimes - Fraud (sub-category; NOT total cyber crime),NCRB 'Crime in India' via PIB-hosted document doc2025318522301 (Mar 2025),S09b_PIB_doc2025318522301_AnnexII_fraud_2020-2022.txt,Annexure-II 'State/UT-wise Cases Registered (CR) under Fraud for Cyber Crimes during Year 2020-2022',https://static.pib.gov.in/WriteReadData/specificdocs/documents/2025/mar/doc2025318522301.pdf,
S09,S09b,Jammu & Kashmir,33,state_ut,uts,2020,0,0,registered cases (CR),Cyber crimes - Fraud (sub-category; NOT total cyber crime),NCRB 'Crime in India' via PIB-hosted document doc2025318522301 (Mar 2025),S09b_PIB_doc2025318522301_AnnexII_fraud_2020-2022.txt,Annexure-II 'State/UT-wise Cases Registered (CR) under Fraud for Cyber Crimes during Year 2020-2022',https://static.pib.gov.in/WriteReadData/specificdocs/documents/2025/mar/doc2025318522301.pdf,
S09,S09b,Jammu & Kashmir,33,state_ut,uts,2021,8,8,registered cases (CR),Cyber crimes - Fraud (sub-category; NOT total cyber crime),NCRB 'Crime in India' via PIB-hosted document doc2025318522301 (Mar 2025),S09b_PIB_doc2025318522301_AnnexII_fraud_2020-2022.txt,Annexure-II 'State/UT-wise Cases Registered (CR) under Fraud for Cyber Crimes during Year 2020-2022',https://static.pib.gov.in/WriteReadData/specificdocs/documents/2025/mar/doc2025318522301.pdf,
S09,S09b,Jammu & Kashmir,33,state_ut,uts,2022,7,7,registered cases (CR),Cyber crimes - Fraud (sub-category; NOT total cyber crime),NCRB 'Crime in India' via PIB-hosted document doc2025318522301 (Mar 2025),S09b_PIB_doc2025318522301_AnnexII_fraud_2020-2022.txt,Annexure-II 'State/UT-wise Cases Registered (CR) under Fraud for Cyber Crimes during Year 2020-2022',https://static.pib.gov.in/WriteReadData/specificdocs/documents/2025/mar/doc2025318522301.pdf,
S09,S09b,Ladakh,34,state_ut,uts,2020,0,0,registered cases (CR),Cyber crimes - Fraud (sub-category; NOT total cyber crime),NCRB 'Crime in India' via PIB-hosted document doc2025318522301 (Mar 2025),S09b_PIB_doc2025318522301_AnnexII_fraud_2020-2022.txt,Annexure-II 'State/UT-wise Cases Registered (CR) under Fraud for Cyber Crimes during Year 2020-2022',https://static.pib.gov.in/WriteReadData/specificdocs/documents/2025/mar/doc2025318522301.pdf,
S09,S09b,Ladakh,34,state_ut,uts,2021,0,0,registered cases (CR),Cyber crimes - Fraud (sub-category; NOT total cyber crime),NCRB 'Crime in India' via PIB-hosted document doc2025318522301 (Mar 2025),S09b_PIB_doc2025318522301_AnnexII_fraud_2020-2022.txt,Annexure-II 'State/UT-wise Cases Registered (CR) under Fraud for Cyber Crimes during Year 2020-2022',https://static.pib.gov.in/WriteReadData/specificdocs/documents/2025/mar/doc2025318522301.pdf,
S09,S09b,Ladakh,34,state_ut,uts,2022,0,0,registered cases (CR),Cyber crimes - Fraud (sub-category; NOT total cyber crime),NCRB 'Crime in India' via PIB-hosted document doc2025318522301 (Mar 2025),S09b_PIB_doc2025318522301_AnnexII_fraud_2020-2022.txt,Annexure-II 'State/UT-wise Cases Registered (CR) under Fraud for Cyber Crimes during Year 2020-2022',https://static.pib.gov.in/WriteReadData/specificdocs/documents/2025/mar/doc2025318522301.pdf,
S09,S09b,Lakshadweep,35,state_ut,uts,2020,0,0,registered cases (CR),Cyber crimes - Fraud (sub-category; NOT total cyber crime),NCRB 'Crime in India' via PIB-hosted document doc2025318522301 (Mar 2025),S09b_PIB_doc2025318522301_AnnexII_fraud_2020-2022.txt,Annexure-II 'State/UT-wise Cases Registered (CR) under Fraud for Cyber Crimes during Year 2020-2022',https://static.pib.gov.in/WriteReadData/specificdocs/documents/2025/mar/doc2025318522301.pdf,
S09,S09b,Lakshadweep,35,state_ut,uts,2021,0,0,registered cases (CR),Cyber crimes - Fraud (sub-category; NOT total cyber crime),NCRB 'Crime in India' via PIB-hosted document doc2025318522301 (Mar 2025),S09b_PIB_doc2025318522301_AnnexII_fraud_2020-2022.txt,Annexure-II 'State/UT-wise Cases Registered (CR) under Fraud for Cyber Crimes during Year 2020-2022',https://static.pib.gov.in/WriteReadData/specificdocs/documents/2025/mar/doc2025318522301.pdf,
S09,S09b,Lakshadweep,35,state_ut,uts,2022,0,0,registered cases (CR),Cyber crimes - Fraud (sub-category; NOT total cyber crime),NCRB 'Crime in India' via PIB-hosted document doc2025318522301 (Mar 2025),S09b_PIB_doc2025318522301_AnnexII_fraud_2020-2022.txt,Annexure-II 'State/UT-wise Cases Registered (CR) under Fraud for Cyber Crimes during Year 2020-2022',https://static.pib.gov.in/WriteReadData/specificdocs/documents/2025/mar/doc2025318522301.pdf,
S09,S09b,Puducherry,36,state_ut,uts,2020,0,0,registered cases (CR),Cyber crimes - Fraud (sub-category; NOT total cyber crime),NCRB 'Crime in India' via PIB-hosted document doc2025318522301 (Mar 2025),S09b_PIB_doc2025318522301_AnnexII_fraud_2020-2022.txt,Annexure-II 'State/UT-wise Cases Registered (CR) under Fraud for Cyber Crimes during Year 2020-2022',https://static.pib.gov.in/WriteReadData/specificdocs/documents/2025/mar/doc2025318522301.pdf,
S09,S09b,Puducherry,36,state_ut,uts,2021,0,0,registered cases (CR),Cyber crimes - Fraud (sub-category; NOT total cyber crime),NCRB 'Crime in India' via PIB-hosted document doc2025318522301 (Mar 2025),S09b_PIB_doc2025318522301_AnnexII_fraud_2020-2022.txt,Annexure-II 'State/UT-wise Cases Registered (CR) under Fraud for Cyber Crimes during Year 2020-2022',https://static.pib.gov.in/WriteReadData/specificdocs/documents/2025/mar/doc2025318522301.pdf,
S09,S09b,Puducherry,36,state_ut,uts,2022,0,0,registered cases (CR),Cyber crimes - Fraud (sub-category; NOT total cyber crime),NCRB 'Crime in India' via PIB-hosted document doc2025318522301 (Mar 2025),S09b_PIB_doc2025318522301_AnnexII_fraud_2020-2022.txt,Annexure-II 'State/UT-wise Cases Registered (CR) under Fraud for Cyber Crimes during Year 2020-2022',https://static.pib.gov.in/WriteReadData/specificdocs/documents/2025/mar/doc2025318522301.pdf,
S09,S09b,TOTAL UT(S),,total_uts,uts,2020,31,31,registered cases (CR),Cyber crimes - Fraud (sub-category; NOT total cyber crime),NCRB 'Crime in India' via PIB-hosted document doc2025318522301 (Mar 2025),S09b_PIB_doc2025318522301_AnnexII_fraud_2020-2022.txt,Annexure-II 'State/UT-wise Cases Registered (CR) under Fraud for Cyber Crimes during Year 2020-2022',https://static.pib.gov.in/WriteReadData/specificdocs/documents/2025/mar/doc2025318522301.pdf,
S09,S09b,TOTAL UT(S),,total_uts,uts,2021,27,27,registered cases (CR),Cyber crimes - Fraud (sub-category; NOT total cyber crime),NCRB 'Crime in India' via PIB-hosted document doc2025318522301 (Mar 2025),S09b_PIB_doc2025318522301_AnnexII_fraud_2020-2022.txt,Annexure-II 'State/UT-wise Cases Registered (CR) under Fraud for Cyber Crimes during Year 2020-2022',https://static.pib.gov.in/WriteReadData/specificdocs/documents/2025/mar/doc2025318522301.pdf,
S09,S09b,TOTAL UT(S),,total_uts,uts,2022,340,340,registered cases (CR),Cyber crimes - Fraud (sub-category; NOT total cyber crime),NCRB 'Crime in India' via PIB-hosted document doc2025318522301 (Mar 2025),S09b_PIB_doc2025318522301_AnnexII_fraud_2020-2022.txt,Annexure-II 'State/UT-wise Cases Registered (CR) under Fraud for Cyber Crimes during Year 2020-2022',https://static.pib.gov.in/WriteReadData/specificdocs/documents/2025/mar/doc2025318522301.pdf,
S09,S09b,TOTAL (ALL INDIA),,total_all_india,all_india,2020,10395,10395,registered cases (CR),Cyber crimes - Fraud (sub-category; NOT total cyber crime),NCRB 'Crime in India' via PIB-hosted document doc2025318522301 (Mar 2025),S09b_PIB_doc2025318522301_AnnexII_fraud_2020-2022.txt,Annexure-II 'State/UT-wise Cases Registered (CR) under Fraud for Cyber Crimes during Year 2020-2022',https://static.pib.gov.in/WriteReadData/specificdocs/documents/2025/mar/doc2025318522301.pdf,
S09,S09b,TOTAL (ALL INDIA),,total_all_india,all_india,2021,14007,14007,registered cases (CR),Cyber crimes - Fraud (sub-category; NOT total cyber crime),NCRB 'Crime in India' via PIB-hosted document doc2025318522301 (Mar 2025),S09b_PIB_doc2025318522301_AnnexII_fraud_2020-2022.txt,Annexure-II 'State/UT-wise Cases Registered (CR) under Fraud for Cyber Crimes during Year 2020-2022',https://static.pib.gov.in/WriteReadData/specificdocs/documents/2025/mar/doc2025318522301.pdf,
S09,S09b,TOTAL (ALL INDIA),,total_all_india,all_india,2022,17470,17470,registered cases (CR),Cyber crimes - Fraud (sub-category; NOT total cyber crime),NCRB 'Crime in India' via PIB-hosted document doc2025318522301 (Mar 2025),S09b_PIB_doc2025318522301_AnnexII_fraud_2020-2022.txt,Annexure-II 'State/UT-wise Cases Registered (CR) under Fraud for Cyber Crimes during Year 2020-2022',https://static.pib.gov.in/WriteReadData/specificdocs/documents/2025/mar/doc2025318522301.pdf,
