source_id,source_table_key,state_ut_original,sl_no_original,row_type,block,year,reported_cases_raw,raw_value_text,measure_type,category,source_name,source_file,table_page,source_url,notes
S01,S01,Andhra Pradesh,1,state_ut,states,2014,282,282,registered cases (CR),"Total cyber crimes (IT Act + IPC + SLL, NCRB definition)","NCRB 'Crime in India' via MHA reply, Lok Sabha USQ 438 (02.12.2025)",S01_LS_USQ438_2025-12-02_AnnexII_2014-2023.txt,Annexure-II 'State/UT-wise Cases Registered under Cyber Crimes during 2014-2023'; annexure page header 'L.S. US.Q. NO. 438 FOR 02.12.2025'; no printed page no.,https://www.mha.gov.in/MHA1/Par2017/pdfs/par2025-pdfs/LS02122025/438.pdf,
S01,S01,Andhra Pradesh,1,state_ut,states,2015,536,536,registered cases (CR),"Total cyber crimes (IT Act + IPC + SLL, NCRB definition)","NCRB 'Crime in India' via MHA reply, Lok Sabha USQ 438 (02.12.2025)",S01_LS_USQ438_2025-12-02_AnnexII_2014-2023.txt,Annexure-II 'State/UT-wise Cases Registered under Cyber Crimes during 2014-2023'; annexure page header 'L.S. US.Q. NO. 438 FOR 02.12.2025'; no printed page no.,https://www.mha.gov.in/MHA1/Par2017/pdfs/par2025-pdfs/LS02122025/438.pdf,
S01,S01,Andhra Pradesh,1,state_ut,states,2016,616,616,registered cases (CR),"Total cyber crimes (IT Act + IPC + SLL, NCRB definition)","NCRB 'Crime in India' via MHA reply, Lok Sabha USQ 438 (02.12.2025)",S01_LS_USQ438_2025-12-02_AnnexII_2014-2023.txt,Annexure-II 'State/UT-wise Cases Registered under Cyber Crimes during 2014-2023'; annexure page header 'L.S. US.Q. NO. 438 FOR 02.12.2025'; no printed page no.,https://www.mha.gov.in/MHA1/Par2017/pdfs/par2025-pdfs/LS02122025/438.pdf,
S01,S01,Andhra Pradesh,1,state_ut,states,2017,931,931,registered cases (CR),"Total cyber crimes (IT Act + IPC + SLL, NCRB definition)","NCRB 'Crime in India' via MHA reply, Lok Sabha USQ 438 (02.12.2025)",S01_LS_USQ438_2025-12-02_AnnexII_2014-2023.txt,Annexure-II 'State/UT-wise Cases Registered under Cyber Crimes during 2014-2023'; annexure page header 'L.S. US.Q. NO. 438 FOR 02.12.2025'; no printed page no.,https://www.mha.gov.in/MHA1/Par2017/pdfs/par2025-pdfs/LS02122025/438.pdf,
S01,S01,Andhra Pradesh,1,state_ut,states,2018,1207,1207,registered cases (CR),"Total cyber crimes (IT Act + IPC + SLL, NCRB definition)","NCRB 'Crime in India' via MHA reply, Lok Sabha USQ 438 (02.12.2025)",S01_LS_USQ438_2025-12-02_AnnexII_2014-2023.txt,Annexure-II 'State/UT-wise Cases Registered under Cyber Crimes during 2014-2023'; annexure page header 'L.S. US.Q. NO. 438 FOR 02.12.2025'; no printed page no.,https://www.mha.gov.in/MHA1/Par2017/pdfs/par2025-pdfs/LS02122025/438.pdf,
S01,S01,Andhra Pradesh,1,state_ut,states,2019,1886,1886,registered cases (CR),"Total cyber crimes (IT Act + IPC + SLL, NCRB definition)","NCRB 'Crime in India' via MHA reply, Lok Sabha USQ 438 (02.12.2025)",S01_LS_USQ438_2025-12-02_AnnexII_2014-2023.txt,Annexure-II 'State/UT-wise Cases Registered under Cyber Crimes during 2014-2023'; annexure page header 'L.S. US.Q. NO. 438 FOR 02.12.2025'; no printed page no.,https://www.mha.gov.in/MHA1/Par2017/pdfs/par2025-pdfs/LS02122025/438.pdf,
S01,S01,Andhra Pradesh,1,state_ut,states,2020,1899,1899,registered cases (CR),"Total cyber crimes (IT Act + IPC + SLL, NCRB definition)","NCRB 'Crime in India' via MHA reply, Lok Sabha USQ 438 (02.12.2025)",S01_LS_USQ438_2025-12-02_AnnexII_2014-2023.txt,Annexure-II 'State/UT-wise Cases Registered under Cyber Crimes during 2014-2023'; annexure page header 'L.S. US.Q. NO. 438 FOR 02.12.2025'; no printed page no.,https://www.mha.gov.in/MHA1/Par2017/pdfs/par2025-pdfs/LS02122025/438.pdf,
S01,S01,Andhra Pradesh,1,state_ut,states,2021,1875,1875,registered cases (CR),"Total cyber crimes (IT Act + IPC + SLL, NCRB definition)","NCRB 'Crime in India' via MHA reply, Lok Sabha USQ 438 (02.12.2025)",S01_LS_USQ438_2025-12-02_AnnexII_2014-2023.txt,Annexure-II 'State/UT-wise Cases Registered under Cyber Crimes during 2014-2023'; annexure page header 'L.S. US.Q. NO. 438 FOR 02.12.2025'; no printed page no.,https://www.mha.gov.in/MHA1/Par2017/pdfs/par2025-pdfs/LS02122025/438.pdf,
S01,S01,Andhra Pradesh,1,state_ut,states,2022,2341,2341,registered cases (CR),"Total cyber crimes (IT Act + IPC + SLL, NCRB definition)","NCRB 'Crime in India' via MHA reply, Lok Sabha USQ 438 (02.12.2025)",S01_LS_USQ438_2025-12-02_AnnexII_2014-2023.txt,Annexure-II 'State/UT-wise Cases Registered under Cyber Crimes during 2014-2023'; annexure page header 'L.S. US.Q. NO. 438 FOR 02.12.2025'; no printed page no.,https://www.mha.gov.in/MHA1/Par2017/pdfs/par2025-pdfs/LS02122025/438.pdf,
S01,S01,Andhra Pradesh,1,state_ut,states,2023,2341,2341,registered cases (CR),"Total cyber crimes (IT Act + IPC + SLL, NCRB definition)","NCRB 'Crime in India' via MHA reply, Lok Sabha USQ 438 (02.12.2025)",S01_LS_USQ438_2025-12-02_AnnexII_2014-2023.txt,Annexure-II 'State/UT-wise Cases Registered under Cyber Crimes during 2014-2023'; annexure page header 'L.S. US.Q. NO. 438 FOR 02.12.2025'; no printed page no.,https://www.mha.gov.in/MHA1/Par2017/pdfs/par2025-pdfs/LS02122025/438.pdf,"Value 2341 identical to 2022 in S01, S02 and S03 - verify against Crime in India 2023 Table 9A.1."
S01,S01,Arunachal Pradesh,2,state_ut,states,2014,18,18,registered cases (CR),"Total cyber crimes (IT Act + IPC + SLL, NCRB definition)","NCRB 'Crime in India' via MHA reply, Lok Sabha USQ 438 (02.12.2025)",S01_LS_USQ438_2025-12-02_AnnexII_2014-2023.txt,Annexure-II 'State/UT-wise Cases Registered under Cyber Crimes during 2014-2023'; annexure page header 'L.S. US.Q. NO. 438 FOR 02.12.2025'; no printed page no.,https://www.mha.gov.in/MHA1/Par2017/pdfs/par2025-pdfs/LS02122025/438.pdf,
S01,S01,Arunachal Pradesh,2,state_ut,states,2015,6,6,registered cases (CR),"Total cyber crimes (IT Act + IPC + SLL, NCRB definition)","NCRB 'Crime in India' via MHA reply, Lok Sabha USQ 438 (02.12.2025)",S01_LS_USQ438_2025-12-02_AnnexII_2014-2023.txt,Annexure-II 'State/UT-wise Cases Registered under Cyber Crimes during 2014-2023'; annexure page header 'L.S. US.Q. NO. 438 FOR 02.12.2025'; no printed page no.,https://www.mha.gov.in/MHA1/Par2017/pdfs/par2025-pdfs/LS02122025/438.pdf,
S01,S01,Arunachal Pradesh,2,state_ut,states,2016,4,4,registered cases (CR),"Total cyber crimes (IT Act + IPC + SLL, NCRB definition)","NCRB 'Crime in India' via MHA reply, Lok Sabha USQ 438 (02.12.2025)",S01_LS_USQ438_2025-12-02_AnnexII_2014-2023.txt,Annexure-II 'State/UT-wise Cases Registered under Cyber Crimes during 2014-2023'; annexure page header 'L.S. US.Q. NO. 438 FOR 02.12.2025'; no printed page no.,https://www.mha.gov.in/MHA1/Par2017/pdfs/par2025-pdfs/LS02122025/438.pdf,
S01,S01,Arunachal Pradesh,2,state_ut,states,2017,1,1,registered cases (CR),"Total cyber crimes (IT Act + IPC + SLL, NCRB definition)","NCRB 'Crime in India' via MHA reply, Lok Sabha USQ 438 (02.12.2025)",S01_LS_USQ438_2025-12-02_AnnexII_2014-2023.txt,Annexure-II 'State/UT-wise Cases Registered under Cyber Crimes during 2014-2023'; annexure page header 'L.S. US.Q. NO. 438 FOR 02.12.2025'; no printed page no.,https://www.mha.gov.in/MHA1/Par2017/pdfs/par2025-pdfs/LS02122025/438.pdf,
S01,S01,Arunachal Pradesh,2,state_ut,states,2018,7,7,registered cases (CR),"Total cyber crimes (IT Act + IPC + SLL, NCRB definition)","NCRB 'Crime in India' via MHA reply, Lok Sabha USQ 438 (02.12.2025)",S01_LS_USQ438_2025-12-02_AnnexII_2014-2023.txt,Annexure-II 'State/UT-wise Cases Registered under Cyber Crimes during 2014-2023'; annexure page header 'L.S. US.Q. NO. 438 FOR 02.12.2025'; no printed page no.,https://www.mha.gov.in/MHA1/Par2017/pdfs/par2025-pdfs/LS02122025/438.pdf,
S01,S01,Arunachal Pradesh,2,state_ut,states,2019,8,8,registered cases (CR),"Total cyber crimes (IT Act + IPC + SLL, NCRB definition)","NCRB 'Crime in India' via MHA reply, Lok Sabha USQ 438 (02.12.2025)",S01_LS_USQ438_2025-12-02_AnnexII_2014-2023.txt,Annexure-II 'State/UT-wise Cases Registered under Cyber Crimes during 2014-2023'; annexure page header 'L.S. US.Q. NO. 438 FOR 02.12.2025'; no printed page no.,https://www.mha.gov.in/MHA1/Par2017/pdfs/par2025-pdfs/LS02122025/438.pdf,
S01,S01,Arunachal Pradesh,2,state_ut,states,2020,30,30,registered cases (CR),"Total cyber crimes (IT Act + IPC + SLL, NCRB definition)","NCRB 'Crime in India' via MHA reply, Lok Sabha USQ 438 (02.12.2025)",S01_LS_USQ438_2025-12-02_AnnexII_2014-2023.txt,Annexure-II 'State/UT-wise Cases Registered under Cyber Crimes during 2014-2023'; annexure page header 'L.S. US.Q. NO. 438 FOR 02.12.2025'; no printed page no.,https://www.mha.gov.in/MHA1/Par2017/pdfs/par2025-pdfs/LS02122025/438.pdf,
S01,S01,Arunachal Pradesh,2,state_ut,states,2021,47,47,registered cases (CR),"Total cyber crimes (IT Act + IPC + SLL, NCRB definition)","NCRB 'Crime in India' via MHA reply, Lok Sabha USQ 438 (02.12.2025)",S01_LS_USQ438_2025-12-02_AnnexII_2014-2023.txt,Annexure-II 'State/UT-wise Cases Registered under Cyber Crimes during 2014-2023'; annexure page header 'L.S. US.Q. NO. 438 FOR 02.12.2025'; no printed page no.,https://www.mha.gov.in/MHA1/Par2017/pdfs/par2025-pdfs/LS02122025/438.pdf,
S01,S01,Arunachal Pradesh,2,state_ut,states,2022,14,14,registered cases (CR),"Total cyber crimes (IT Act + IPC + SLL, NCRB definition)","NCRB 'Crime in India' via MHA reply, Lok Sabha USQ 438 (02.12.2025)",S01_LS_USQ438_2025-12-02_AnnexII_2014-2023.txt,Annexure-II 'State/UT-wise Cases Registered under Cyber Crimes during 2014-2023'; annexure page header 'L.S. US.Q. NO. 438 FOR 02.12.2025'; no printed page no.,https://www.mha.gov.in/MHA1/Par2017/pdfs/par2025-pdfs/LS02122025/438.pdf,
S01,S01,Arunachal Pradesh,2,state_ut,states,2023,24,24,registered cases (CR),"Total cyber crimes (IT Act + IPC + SLL, NCRB definition)","NCRB 'Crime in India' via MHA reply, Lok Sabha USQ 438 (02.12.2025)",S01_LS_USQ438_2025-12-02_AnnexII_2014-2023.txt,Annexure-II 'State/UT-wise Cases Registered under Cyber Crimes during 2014-2023'; annexure page header 'L.S. US.Q. NO. 438 FOR 02.12.2025'; no printed page no.,https://www.mha.gov.in/MHA1/Par2017/pdfs/par2025-pdfs/LS02122025/438.pdf,
S01,S01,Assam,3,state_ut,states,2014,379,379,registered cases (CR),"Total cyber crimes (IT Act + IPC + SLL, NCRB definition)","NCRB 'Crime in India' via MHA reply, Lok Sabha USQ 438 (02.12.2025)",S01_LS_USQ438_2025-12-02_AnnexII_2014-2023.txt,Annexure-II 'State/UT-wise Cases Registered under Cyber Crimes during 2014-2023'; annexure page header 'L.S. US.Q. NO. 438 FOR 02.12.2025'; no printed page no.,https://www.mha.gov.in/MHA1/Par2017/pdfs/par2025-pdfs/LS02122025/438.pdf,
S01,S01,Assam,3,state_ut,states,2015,483,483,registered cases (CR),"Total cyber crimes (IT Act + IPC + SLL, NCRB definition)","NCRB 'Crime in India' via MHA reply, Lok Sabha USQ 438 (02.12.2025)",S01_LS_USQ438_2025-12-02_AnnexII_2014-2023.txt,Annexure-II 'State/UT-wise Cases Registered under Cyber Crimes during 2014-2023'; annexure page header 'L.S. US.Q. NO. 438 FOR 02.12.2025'; no printed page no.,https://www.mha.gov.in/MHA1/Par2017/pdfs/par2025-pdfs/LS02122025/438.pdf,
S01,S01,Assam,3,state_ut,states,2016,696,696,registered cases (CR),"Total cyber crimes (IT Act + IPC + SLL, NCRB definition)","NCRB 'Crime in India' via MHA reply, Lok Sabha USQ 438 (02.12.2025)",S01_LS_USQ438_2025-12-02_AnnexII_2014-2023.txt,Annexure-II 'State/UT-wise Cases Registered under Cyber Crimes during 2014-2023'; annexure page header 'L.S. US.Q. NO. 438 FOR 02.12.2025'; no printed page no.,https://www.mha.gov.in/MHA1/Par2017/pdfs/par2025-pdfs/LS02122025/438.pdf,
S01,S01,Assam,3,state_ut,states,2017,1120,1120,registered cases (CR),"Total cyber crimes (IT Act + IPC + SLL, NCRB definition)","NCRB 'Crime in India' via MHA reply, Lok Sabha USQ 438 (02.12.2025)",S01_LS_USQ438_2025-12-02_AnnexII_2014-2023.txt,Annexure-II 'State/UT-wise Cases Registered under Cyber Crimes during 2014-2023'; annexure page header 'L.S. US.Q. NO. 438 FOR 02.12.2025'; no printed page no.,https://www.mha.gov.in/MHA1/Par2017/pdfs/par2025-pdfs/LS02122025/438.pdf,
S01,S01,Assam,3,state_ut,states,2018,2022,2022,registered cases (CR),"Total cyber crimes (IT Act + IPC + SLL, NCRB definition)","NCRB 'Crime in India' via MHA reply, Lok Sabha USQ 438 (02.12.2025)",S01_LS_USQ438_2025-12-02_AnnexII_2014-2023.txt,Annexure-II 'State/UT-wise Cases Registered under Cyber Crimes during 2014-2023'; annexure page header 'L.S. US.Q. NO. 438 FOR 02.12.2025'; no printed page no.,https://www.mha.gov.in/MHA1/Par2017/pdfs/par2025-pdfs/LS02122025/438.pdf,
S01,S01,Assam,3,state_ut,states,2019,2231,2231,registered cases (CR),"Total cyber crimes (IT Act + IPC + SLL, NCRB definition)","NCRB 'Crime in India' via MHA reply, Lok Sabha USQ 438 (02.12.2025)",S01_LS_USQ438_2025-12-02_AnnexII_2014-2023.txt,Annexure-II 'State/UT-wise Cases Registered under Cyber Crimes during 2014-2023'; annexure page header 'L.S. US.Q. NO. 438 FOR 02.12.2025'; no printed page no.,https://www.mha.gov.in/MHA1/Par2017/pdfs/par2025-pdfs/LS02122025/438.pdf,
S01,S01,Assam,3,state_ut,states,2020,3530,3530,registered cases (CR),"Total cyber crimes (IT Act + IPC + SLL, NCRB definition)","NCRB 'Crime in India' via MHA reply, Lok Sabha USQ 438 (02.12.2025)",S01_LS_USQ438_2025-12-02_AnnexII_2014-2023.txt,Annexure-II 'State/UT-wise Cases Registered under Cyber Crimes during 2014-2023'; annexure page header 'L.S. US.Q. NO. 438 FOR 02.12.2025'; no printed page no.,https://www.mha.gov.in/MHA1/Par2017/pdfs/par2025-pdfs/LS02122025/438.pdf,
S01,S01,Assam,3,state_ut,states,2021,4846,4846,registered cases (CR),"Total cyber crimes (IT Act + IPC + SLL, NCRB definition)","NCRB 'Crime in India' via MHA reply, Lok Sabha USQ 438 (02.12.2025)",S01_LS_USQ438_2025-12-02_AnnexII_2014-2023.txt,Annexure-II 'State/UT-wise Cases Registered under Cyber Crimes during 2014-2023'; annexure page header 'L.S. US.Q. NO. 438 FOR 02.12.2025'; no printed page no.,https://www.mha.gov.in/MHA1/Par2017/pdfs/par2025-pdfs/LS02122025/438.pdf,
S01,S01,Assam,3,state_ut,states,2022,1733,1733,registered cases (CR),"Total cyber crimes (IT Act + IPC + SLL, NCRB definition)","NCRB 'Crime in India' via MHA reply, Lok Sabha USQ 438 (02.12.2025)",S01_LS_USQ438_2025-12-02_AnnexII_2014-2023.txt,Annexure-II 'State/UT-wise Cases Registered under Cyber Crimes during 2014-2023'; annexure page header 'L.S. US.Q. NO. 438 FOR 02.12.2025'; no printed page no.,https://www.mha.gov.in/MHA1/Par2017/pdfs/par2025-pdfs/LS02122025/438.pdf,
S01,S01,Assam,3,state_ut,states,2023,909,909,registered cases (CR),"Total cyber crimes (IT Act + IPC + SLL, NCRB definition)","NCRB 'Crime in India' via MHA reply, Lok Sabha USQ 438 (02.12.2025)",S01_LS_USQ438_2025-12-02_AnnexII_2014-2023.txt,Annexure-II 'State/UT-wise Cases Registered under Cyber Crimes during 2014-2023'; annexure page header 'L.S. US.Q. NO. 438 FOR 02.12.2025'; no printed page no.,https://www.mha.gov.in/MHA1/Par2017/pdfs/par2025-pdfs/LS02122025/438.pdf,
S01,S01,Bihar,4,state_ut,states,2014,114,114,registered cases (CR),"Total cyber crimes (IT Act + IPC + SLL, NCRB definition)","NCRB 'Crime in India' via MHA reply, Lok Sabha USQ 438 (02.12.2025)",S01_LS_USQ438_2025-12-02_AnnexII_2014-2023.txt,Annexure-II 'State/UT-wise Cases Registered under Cyber Crimes during 2014-2023'; annexure page header 'L.S. US.Q. NO. 438 FOR 02.12.2025'; no printed page no.,https://www.mha.gov.in/MHA1/Par2017/pdfs/par2025-pdfs/LS02122025/438.pdf,
S01,S01,Bihar,4,state_ut,states,2015,242,242,registered cases (CR),"Total cyber crimes (IT Act + IPC + SLL, NCRB definition)","NCRB 'Crime in India' via MHA reply, Lok Sabha USQ 438 (02.12.2025)",S01_LS_USQ438_2025-12-02_AnnexII_2014-2023.txt,Annexure-II 'State/UT-wise Cases Registered under Cyber Crimes during 2014-2023'; annexure page header 'L.S. US.Q. NO. 438 FOR 02.12.2025'; no printed page no.,https://www.mha.gov.in/MHA1/Par2017/pdfs/par2025-pdfs/LS02122025/438.pdf,
S01,S01,Bihar,4,state_ut,states,2016,309,309,registered cases (CR),"Total cyber crimes (IT Act + IPC + SLL, NCRB definition)","NCRB 'Crime in India' via MHA reply, Lok Sabha USQ 438 (02.12.2025)",S01_LS_USQ438_2025-12-02_AnnexII_2014-2023.txt,Annexure-II 'State/UT-wise Cases Registered under Cyber Crimes during 2014-2023'; annexure page header 'L.S. US.Q. NO. 438 FOR 02.12.2025'; no printed page no.,https://www.mha.gov.in/MHA1/Par2017/pdfs/par2025-pdfs/LS02122025/438.pdf,
S01,S01,Bihar,4,state_ut,states,2017,433,433,registered cases (CR),"Total cyber crimes (IT Act + IPC + SLL, NCRB definition)","NCRB 'Crime in India' via MHA reply, Lok Sabha USQ 438 (02.12.2025)",S01_LS_USQ438_2025-12-02_AnnexII_2014-2023.txt,Annexure-II 'State/UT-wise Cases Registered under Cyber Crimes during 2014-2023'; annexure page header 'L.S. US.Q. NO. 438 FOR 02.12.2025'; no printed page no.,https://www.mha.gov.in/MHA1/Par2017/pdfs/par2025-pdfs/LS02122025/438.pdf,
S01,S01,Bihar,4,state_ut,states,2018,374,374,registered cases (CR),"Total cyber crimes (IT Act + IPC + SLL, NCRB definition)","NCRB 'Crime in India' via MHA reply, Lok Sabha USQ 438 (02.12.2025)",S01_LS_USQ438_2025-12-02_AnnexII_2014-2023.txt,Annexure-II 'State/UT-wise Cases Registered under Cyber Crimes during 2014-2023'; annexure page header 'L.S. US.Q. NO. 438 FOR 02.12.2025'; no printed page no.,https://www.mha.gov.in/MHA1/Par2017/pdfs/par2025-pdfs/LS02122025/438.pdf,
S01,S01,Bihar,4,state_ut,states,2019,1050,1050,registered cases (CR),"Total cyber crimes (IT Act + IPC + SLL, NCRB definition)","NCRB 'Crime in India' via MHA reply, Lok Sabha USQ 438 (02.12.2025)",S01_LS_USQ438_2025-12-02_AnnexII_2014-2023.txt,Annexure-II 'State/UT-wise Cases Registered under Cyber Crimes during 2014-2023'; annexure page header 'L.S. US.Q. NO. 438 FOR 02.12.2025'; no printed page no.,https://www.mha.gov.in/MHA1/Par2017/pdfs/par2025-pdfs/LS02122025/438.pdf,
S01,S01,Bihar,4,state_ut,states,2020,1512,1512,registered cases (CR),"Total cyber crimes (IT Act + IPC + SLL, NCRB definition)","NCRB 'Crime in India' via MHA reply, Lok Sabha USQ 438 (02.12.2025)",S01_LS_USQ438_2025-12-02_AnnexII_2014-2023.txt,Annexure-II 'State/UT-wise Cases Registered under Cyber Crimes during 2014-2023'; annexure page header 'L.S. US.Q. NO. 438 FOR 02.12.2025'; no printed page no.,https://www.mha.gov.in/MHA1/Par2017/pdfs/par2025-pdfs/LS02122025/438.pdf,
S01,S01,Bihar,4,state_ut,states,2021,1413,1413,registered cases (CR),"Total cyber crimes (IT Act + IPC + SLL, NCRB definition)","NCRB 'Crime in India' via MHA reply, Lok Sabha USQ 438 (02.12.2025)",S01_LS_USQ438_2025-12-02_AnnexII_2014-2023.txt,Annexure-II 'State/UT-wise Cases Registered under Cyber Crimes during 2014-2023'; annexure page header 'L.S. US.Q. NO. 438 FOR 02.12.2025'; no printed page no.,https://www.mha.gov.in/MHA1/Par2017/pdfs/par2025-pdfs/LS02122025/438.pdf,
S01,S01,Bihar,4,state_ut,states,2022,1621,1621,registered cases (CR),"Total cyber crimes (IT Act + IPC + SLL, NCRB definition)","NCRB 'Crime in India' via MHA reply, Lok Sabha USQ 438 (02.12.2025)",S01_LS_USQ438_2025-12-02_AnnexII_2014-2023.txt,Annexure-II 'State/UT-wise Cases Registered under Cyber Crimes during 2014-2023'; annexure page header 'L.S. US.Q. NO. 438 FOR 02.12.2025'; no printed page no.,https://www.mha.gov.in/MHA1/Par2017/pdfs/par2025-pdfs/LS02122025/438.pdf,
S01,S01,Bihar,4,state_ut,states,2023,4450,4450,registered cases (CR),"Total cyber crimes (IT Act + IPC + SLL, NCRB definition)","NCRB 'Crime in India' via MHA reply, Lok Sabha USQ 438 (02.12.2025)",S01_LS_USQ438_2025-12-02_AnnexII_2014-2023.txt,Annexure-II 'State/UT-wise Cases Registered under Cyber Crimes during 2014-2023'; annexure page header 'L.S. US.Q. NO. 438 FOR 02.12.2025'; no printed page no.,https://www.mha.gov.in/MHA1/Par2017/pdfs/par2025-pdfs/LS02122025/438.pdf,
S01,S01,Chhattisgarh,5,state_ut,states,2014,123,123,registered cases (CR),"Total cyber crimes (IT Act + IPC + SLL, NCRB definition)","NCRB 'Crime in India' via MHA reply, Lok Sabha USQ 438 (02.12.2025)",S01_LS_USQ438_2025-12-02_AnnexII_2014-2023.txt,Annexure-II 'State/UT-wise Cases Registered under Cyber Crimes during 2014-2023'; annexure page header 'L.S. US.Q. NO. 438 FOR 02.12.2025'; no printed page no.,https://www.mha.gov.in/MHA1/Par2017/pdfs/par2025-pdfs/LS02122025/438.pdf,
S01,S01,Chhattisgarh,5,state_ut,states,2015,103,103,registered cases (CR),"Total cyber crimes (IT Act + IPC + SLL, NCRB definition)","NCRB 'Crime in India' via MHA reply, Lok Sabha USQ 438 (02.12.2025)",S01_LS_USQ438_2025-12-02_AnnexII_2014-2023.txt,Annexure-II 'State/UT-wise Cases Registered under Cyber Crimes during 2014-2023'; annexure page header 'L.S. US.Q. NO. 438 FOR 02.12.2025'; no printed page no.,https://www.mha.gov.in/MHA1/Par2017/pdfs/par2025-pdfs/LS02122025/438.pdf,
S01,S01,Chhattisgarh,5,state_ut,states,2016,90,90,registered cases (CR),"Total cyber crimes (IT Act + IPC + SLL, NCRB definition)","NCRB 'Crime in India' via MHA reply, Lok Sabha USQ 438 (02.12.2025)",S01_LS_USQ438_2025-12-02_AnnexII_2014-2023.txt,Annexure-II 'State/UT-wise Cases Registered under Cyber Crimes during 2014-2023'; annexure page header 'L.S. US.Q. NO. 438 FOR 02.12.2025'; no printed page no.,https://www.mha.gov.in/MHA1/Par2017/pdfs/par2025-pdfs/LS02122025/438.pdf,
S01,S01,Chhattisgarh,5,state_ut,states,2017,171,171,registered cases (CR),"Total cyber crimes (IT Act + IPC + SLL, NCRB definition)","NCRB 'Crime in India' via MHA reply, Lok Sabha USQ 438 (02.12.2025)",S01_LS_USQ438_2025-12-02_AnnexII_2014-2023.txt,Annexure-II 'State/UT-wise Cases Registered under Cyber Crimes during 2014-2023'; annexure page header 'L.S. US.Q. NO. 438 FOR 02.12.2025'; no printed page no.,https://www.mha.gov.in/MHA1/Par2017/pdfs/par2025-pdfs/LS02122025/438.pdf,
S01,S01,Chhattisgarh,5,state_ut,states,2018,139,139,registered cases (CR),"Total cyber crimes (IT Act + IPC + SLL, NCRB definition)","NCRB 'Crime in India' via MHA reply, Lok Sabha USQ 438 (02.12.2025)",S01_LS_USQ438_2025-12-02_AnnexII_2014-2023.txt,Annexure-II 'State/UT-wise Cases Registered under Cyber Crimes during 2014-2023'; annexure page header 'L.S. US.Q. NO. 438 FOR 02.12.2025'; no printed page no.,https://www.mha.gov.in/MHA1/Par2017/pdfs/par2025-pdfs/LS02122025/438.pdf,
S01,S01,Chhattisgarh,5,state_ut,states,2019,175,175,registered cases (CR),"Total cyber crimes (IT Act + IPC + SLL, NCRB definition)","NCRB 'Crime in India' via MHA reply, Lok Sabha USQ 438 (02.12.2025)",S01_LS_USQ438_2025-12-02_AnnexII_2014-2023.txt,Annexure-II 'State/UT-wise Cases Registered under Cyber Crimes during 2014-2023'; annexure page header 'L.S. US.Q. NO. 438 FOR 02.12.2025'; no printed page no.,https://www.mha.gov.in/MHA1/Par2017/pdfs/par2025-pdfs/LS02122025/438.pdf,
S01,S01,Chhattisgarh,5,state_ut,states,2020,297,297,registered cases (CR),"Total cyber crimes (IT Act + IPC + SLL, NCRB definition)","NCRB 'Crime in India' via MHA reply, Lok Sabha USQ 438 (02.12.2025)",S01_LS_USQ438_2025-12-02_AnnexII_2014-2023.txt,Annexure-II 'State/UT-wise Cases Registered under Cyber Crimes during 2014-2023'; annexure page header 'L.S. US.Q. NO. 438 FOR 02.12.2025'; no printed page no.,https://www.mha.gov.in/MHA1/Par2017/pdfs/par2025-pdfs/LS02122025/438.pdf,
S01,S01,Chhattisgarh,5,state_ut,states,2021,352,352,registered cases (CR),"Total cyber crimes (IT Act + IPC + SLL, NCRB definition)","NCRB 'Crime in India' via MHA reply, Lok Sabha USQ 438 (02.12.2025)",S01_LS_USQ438_2025-12-02_AnnexII_2014-2023.txt,Annexure-II 'State/UT-wise Cases Registered under Cyber Crimes during 2014-2023'; annexure page header 'L.S. US.Q. NO. 438 FOR 02.12.2025'; no printed page no.,https://www.mha.gov.in/MHA1/Par2017/pdfs/par2025-pdfs/LS02122025/438.pdf,
S01,S01,Chhattisgarh,5,state_ut,states,2022,439,439,registered cases (CR),"Total cyber crimes (IT Act + IPC + SLL, NCRB definition)","NCRB 'Crime in India' via MHA reply, Lok Sabha USQ 438 (02.12.2025)",S01_LS_USQ438_2025-12-02_AnnexII_2014-2023.txt,Annexure-II 'State/UT-wise Cases Registered under Cyber Crimes during 2014-2023'; annexure page header 'L.S. US.Q. NO. 438 FOR 02.12.2025'; no printed page no.,https://www.mha.gov.in/MHA1/Par2017/pdfs/par2025-pdfs/LS02122025/438.pdf,
S01,S01,Chhattisgarh,5,state_ut,states,2023,473,473,registered cases (CR),"Total cyber crimes (IT Act + IPC + SLL, NCRB definition)","NCRB 'Crime in India' via MHA reply, Lok Sabha USQ 438 (02.12.2025)",S01_LS_USQ438_2025-12-02_AnnexII_2014-2023.txt,Annexure-II 'State/UT-wise Cases Registered under Cyber Crimes during 2014-2023'; annexure page header 'L.S. US.Q. NO. 438 FOR 02.12.2025'; no printed page no.,https://www.mha.gov.in/MHA1/Par2017/pdfs/par2025-pdfs/LS02122025/438.pdf,
S01,S01,Goa,6,state_ut,states,2014,62,62,registered cases (CR),"Total cyber crimes (IT Act + IPC + SLL, NCRB definition)","NCRB 'Crime in India' via MHA reply, Lok Sabha USQ 438 (02.12.2025)",S01_LS_USQ438_2025-12-02_AnnexII_2014-2023.txt,Annexure-II 'State/UT-wise Cases Registered under Cyber Crimes during 2014-2023'; annexure page header 'L.S. US.Q. NO. 438 FOR 02.12.2025'; no printed page no.,https://www.mha.gov.in/MHA1/Par2017/pdfs/par2025-pdfs/LS02122025/438.pdf,
S01,S01,Goa,6,state_ut,states,2015,17,17,registered cases (CR),"Total cyber crimes (IT Act + IPC + SLL, NCRB definition)","NCRB 'Crime in India' via MHA reply, Lok Sabha USQ 438 (02.12.2025)",S01_LS_USQ438_2025-12-02_AnnexII_2014-2023.txt,Annexure-II 'State/UT-wise Cases Registered under Cyber Crimes during 2014-2023'; annexure page header 'L.S. US.Q. NO. 438 FOR 02.12.2025'; no printed page no.,https://www.mha.gov.in/MHA1/Par2017/pdfs/par2025-pdfs/LS02122025/438.pdf,
S01,S01,Goa,6,state_ut,states,2016,31,31,registered cases (CR),"Total cyber crimes (IT Act + IPC + SLL, NCRB definition)","NCRB 'Crime in India' via MHA reply, Lok Sabha USQ 438 (02.12.2025)",S01_LS_USQ438_2025-12-02_AnnexII_2014-2023.txt,Annexure-II 'State/UT-wise Cases Registered under Cyber Crimes during 2014-2023'; annexure page header 'L.S. US.Q. NO. 438 FOR 02.12.2025'; no printed page no.,https://www.mha.gov.in/MHA1/Par2017/pdfs/par2025-pdfs/LS02122025/438.pdf,
S01,S01,Goa,6,state_ut,states,2017,13,13,registered cases (CR),"Total cyber crimes (IT Act + IPC + SLL, NCRB definition)","NCRB 'Crime in India' via MHA reply, Lok Sabha USQ 438 (02.12.2025)",S01_LS_USQ438_2025-12-02_AnnexII_2014-2023.txt,Annexure-II 'State/UT-wise Cases Registered under Cyber Crimes during 2014-2023'; annexure page header 'L.S. US.Q. NO. 438 FOR 02.12.2025'; no printed page no.,https://www.mha.gov.in/MHA1/Par2017/pdfs/par2025-pdfs/LS02122025/438.pdf,
S01,S01,Goa,6,state_ut,states,2018,29,29,registered cases (CR),"Total cyber crimes (IT Act + IPC + SLL, NCRB definition)","NCRB 'Crime in India' via MHA reply, Lok Sabha USQ 438 (02.12.2025)",S01_LS_USQ438_2025-12-02_AnnexII_2014-2023.txt,Annexure-II 'State/UT-wise Cases Registered under Cyber Crimes during 2014-2023'; annexure page header 'L.S. US.Q. NO. 438 FOR 02.12.2025'; no printed page no.,https://www.mha.gov.in/MHA1/Par2017/pdfs/par2025-pdfs/LS02122025/438.pdf,
S01,S01,Goa,6,state_ut,states,2019,15,15,registered cases (CR),"Total cyber crimes (IT Act + IPC + SLL, NCRB definition)","NCRB 'Crime in India' via MHA reply, Lok Sabha USQ 438 (02.12.2025)",S01_LS_USQ438_2025-12-02_AnnexII_2014-2023.txt,Annexure-II 'State/UT-wise Cases Registered under Cyber Crimes during 2014-2023'; annexure page header 'L.S. US.Q. NO. 438 FOR 02.12.2025'; no printed page no.,https://www.mha.gov.in/MHA1/Par2017/pdfs/par2025-pdfs/LS02122025/438.pdf,
S01,S01,Goa,6,state_ut,states,2020,40,40,registered cases (CR),"Total cyber crimes (IT Act + IPC + SLL, NCRB definition)","NCRB 'Crime in India' via MHA reply, Lok Sabha USQ 438 (02.12.2025)",S01_LS_USQ438_2025-12-02_AnnexII_2014-2023.txt,Annexure-II 'State/UT-wise Cases Registered under Cyber Crimes during 2014-2023'; annexure page header 'L.S. US.Q. NO. 438 FOR 02.12.2025'; no printed page no.,https://www.mha.gov.in/MHA1/Par2017/pdfs/par2025-pdfs/LS02122025/438.pdf,
S01,S01,Goa,6,state_ut,states,2021,36,36,registered cases (CR),"Total cyber crimes (IT Act + IPC + SLL, NCRB definition)","NCRB 'Crime in India' via MHA reply, Lok Sabha USQ 438 (02.12.2025)",S01_LS_USQ438_2025-12-02_AnnexII_2014-2023.txt,Annexure-II 'State/UT-wise Cases Registered under Cyber Crimes during 2014-2023'; annexure page header 'L.S. US.Q. NO. 438 FOR 02.12.2025'; no printed page no.,https://www.mha.gov.in/MHA1/Par2017/pdfs/par2025-pdfs/LS02122025/438.pdf,
S01,S01,Goa,6,state_ut,states,2022,90,90,registered cases (CR),"Total cyber crimes (IT Act + IPC + SLL, NCRB definition)","NCRB 'Crime in India' via MHA reply, Lok Sabha USQ 438 (02.12.2025)",S01_LS_USQ438_2025-12-02_AnnexII_2014-2023.txt,Annexure-II 'State/UT-wise Cases Registered under Cyber Crimes during 2014-2023'; annexure page header 'L.S. US.Q. NO. 438 FOR 02.12.2025'; no printed page no.,https://www.mha.gov.in/MHA1/Par2017/pdfs/par2025-pdfs/LS02122025/438.pdf,
S01,S01,Goa,6,state_ut,states,2023,86,86,registered cases (CR),"Total cyber crimes (IT Act + IPC + SLL, NCRB definition)","NCRB 'Crime in India' via MHA reply, Lok Sabha USQ 438 (02.12.2025)",S01_LS_USQ438_2025-12-02_AnnexII_2014-2023.txt,Annexure-II 'State/UT-wise Cases Registered under Cyber Crimes during 2014-2023'; annexure page header 'L.S. US.Q. NO. 438 FOR 02.12.2025'; no printed page no.,https://www.mha.gov.in/MHA1/Par2017/pdfs/par2025-pdfs/LS02122025/438.pdf,
S01,S01,Gujarat,7,state_ut,states,2014,227,227,registered cases (CR),"Total cyber crimes (IT Act + IPC + SLL, NCRB definition)","NCRB 'Crime in India' via MHA reply, Lok Sabha USQ 438 (02.12.2025)",S01_LS_USQ438_2025-12-02_AnnexII_2014-2023.txt,Annexure-II 'State/UT-wise Cases Registered under Cyber Crimes during 2014-2023'; annexure page header 'L.S. US.Q. NO. 438 FOR 02.12.2025'; no printed page no.,https://www.mha.gov.in/MHA1/Par2017/pdfs/par2025-pdfs/LS02122025/438.pdf,
S01,S01,Gujarat,7,state_ut,states,2015,242,242,registered cases (CR),"Total cyber crimes (IT Act + IPC + SLL, NCRB definition)","NCRB 'Crime in India' via MHA reply, Lok Sabha USQ 438 (02.12.2025)",S01_LS_USQ438_2025-12-02_AnnexII_2014-2023.txt,Annexure-II 'State/UT-wise Cases Registered under Cyber Crimes during 2014-2023'; annexure page header 'L.S. US.Q. NO. 438 FOR 02.12.2025'; no printed page no.,https://www.mha.gov.in/MHA1/Par2017/pdfs/par2025-pdfs/LS02122025/438.pdf,
S01,S01,Gujarat,7,state_ut,states,2016,362,362,registered cases (CR),"Total cyber crimes (IT Act + IPC + SLL, NCRB definition)","NCRB 'Crime in India' via MHA reply, Lok Sabha USQ 438 (02.12.2025)",S01_LS_USQ438_2025-12-02_AnnexII_2014-2023.txt,Annexure-II 'State/UT-wise Cases Registered under Cyber Crimes during 2014-2023'; annexure page header 'L.S. US.Q. NO. 438 FOR 02.12.2025'; no printed page no.,https://www.mha.gov.in/MHA1/Par2017/pdfs/par2025-pdfs/LS02122025/438.pdf,
S01,S01,Gujarat,7,state_ut,states,2017,458,458,registered cases (CR),"Total cyber crimes (IT Act + IPC + SLL, NCRB definition)","NCRB 'Crime in India' via MHA reply, Lok Sabha USQ 438 (02.12.2025)",S01_LS_USQ438_2025-12-02_AnnexII_2014-2023.txt,Annexure-II 'State/UT-wise Cases Registered under Cyber Crimes during 2014-2023'; annexure page header 'L.S. US.Q. NO. 438 FOR 02.12.2025'; no printed page no.,https://www.mha.gov.in/MHA1/Par2017/pdfs/par2025-pdfs/LS02122025/438.pdf,
S01,S01,Gujarat,7,state_ut,states,2018,702,702,registered cases (CR),"Total cyber crimes (IT Act + IPC + SLL, NCRB definition)","NCRB 'Crime in India' via MHA reply, Lok Sabha USQ 438 (02.12.2025)",S01_LS_USQ438_2025-12-02_AnnexII_2014-2023.txt,Annexure-II 'State/UT-wise Cases Registered under Cyber Crimes during 2014-2023'; annexure page header 'L.S. US.Q. NO. 438 FOR 02.12.2025'; no printed page no.,https://www.mha.gov.in/MHA1/Par2017/pdfs/par2025-pdfs/LS02122025/438.pdf,
S01,S01,Gujarat,7,state_ut,states,2019,784,784,registered cases (CR),"Total cyber crimes (IT Act + IPC + SLL, NCRB definition)","NCRB 'Crime in India' via MHA reply, Lok Sabha USQ 438 (02.12.2025)",S01_LS_USQ438_2025-12-02_AnnexII_2014-2023.txt,Annexure-II 'State/UT-wise Cases Registered under Cyber Crimes during 2014-2023'; annexure page header 'L.S. US.Q. NO. 438 FOR 02.12.2025'; no printed page no.,https://www.mha.gov.in/MHA1/Par2017/pdfs/par2025-pdfs/LS02122025/438.pdf,
S01,S01,Gujarat,7,state_ut,states,2020,1283,1283,registered cases (CR),"Total cyber crimes (IT Act + IPC + SLL, NCRB definition)","NCRB 'Crime in India' via MHA reply, Lok Sabha USQ 438 (02.12.2025)",S01_LS_USQ438_2025-12-02_AnnexII_2014-2023.txt,Annexure-II 'State/UT-wise Cases Registered under Cyber Crimes during 2014-2023'; annexure page header 'L.S. US.Q. NO. 438 FOR 02.12.2025'; no printed page no.,https://www.mha.gov.in/MHA1/Par2017/pdfs/par2025-pdfs/LS02122025/438.pdf,
S01,S01,Gujarat,7,state_ut,states,2021,1536,1536,registered cases (CR),"Total cyber crimes (IT Act + IPC + SLL, NCRB definition)","NCRB 'Crime in India' via MHA reply, Lok Sabha USQ 438 (02.12.2025)",S01_LS_USQ438_2025-12-02_AnnexII_2014-2023.txt,Annexure-II 'State/UT-wise Cases Registered under Cyber Crimes during 2014-2023'; annexure page header 'L.S. US.Q. NO. 438 FOR 02.12.2025'; no printed page no.,https://www.mha.gov.in/MHA1/Par2017/pdfs/par2025-pdfs/LS02122025/438.pdf,
S01,S01,Gujarat,7,state_ut,states,2022,1417,1417,registered cases (CR),"Total cyber crimes (IT Act + IPC + SLL, NCRB definition)","NCRB 'Crime in India' via MHA reply, Lok Sabha USQ 438 (02.12.2025)",S01_LS_USQ438_2025-12-02_AnnexII_2014-2023.txt,Annexure-II 'State/UT-wise Cases Registered under Cyber Crimes during 2014-2023'; annexure page header 'L.S. US.Q. NO. 438 FOR 02.12.2025'; no printed page no.,https://www.mha.gov.in/MHA1/Par2017/pdfs/par2025-pdfs/LS02122025/438.pdf,
S01,S01,Gujarat,7,state_ut,states,2023,1995,1995,registered cases (CR),"Total cyber crimes (IT Act + IPC + SLL, NCRB definition)","NCRB 'Crime in India' via MHA reply, Lok Sabha USQ 438 (02.12.2025)",S01_LS_USQ438_2025-12-02_AnnexII_2014-2023.txt,Annexure-II 'State/UT-wise Cases Registered under Cyber Crimes during 2014-2023'; annexure page header 'L.S. US.Q. NO. 438 FOR 02.12.2025'; no printed page no.,https://www.mha.gov.in/MHA1/Par2017/pdfs/par2025-pdfs/LS02122025/438.pdf,
S01,S01,Haryana,8,state_ut,states,2014,151,151,registered cases (CR),"Total cyber crimes (IT Act + IPC + SLL, NCRB definition)","NCRB 'Crime in India' via MHA reply, Lok Sabha USQ 438 (02.12.2025)",S01_LS_USQ438_2025-12-02_AnnexII_2014-2023.txt,Annexure-II 'State/UT-wise Cases Registered under Cyber Crimes during 2014-2023'; annexure page header 'L.S. US.Q. NO. 438 FOR 02.12.2025'; no printed page no.,https://www.mha.gov.in/MHA1/Par2017/pdfs/par2025-pdfs/LS02122025/438.pdf,
S01,S01,Haryana,8,state_ut,states,2015,224,224,registered cases (CR),"Total cyber crimes (IT Act + IPC + SLL, NCRB definition)","NCRB 'Crime in India' via MHA reply, Lok Sabha USQ 438 (02.12.2025)",S01_LS_USQ438_2025-12-02_AnnexII_2014-2023.txt,Annexure-II 'State/UT-wise Cases Registered under Cyber Crimes during 2014-2023'; annexure page header 'L.S. US.Q. NO. 438 FOR 02.12.2025'; no printed page no.,https://www.mha.gov.in/MHA1/Par2017/pdfs/par2025-pdfs/LS02122025/438.pdf,
S01,S01,Haryana,8,state_ut,states,2016,401,401,registered cases (CR),"Total cyber crimes (IT Act + IPC + SLL, NCRB definition)","NCRB 'Crime in India' via MHA reply, Lok Sabha USQ 438 (02.12.2025)",S01_LS_USQ438_2025-12-02_AnnexII_2014-2023.txt,Annexure-II 'State/UT-wise Cases Registered under Cyber Crimes during 2014-2023'; annexure page header 'L.S. US.Q. NO. 438 FOR 02.12.2025'; no printed page no.,https://www.mha.gov.in/MHA1/Par2017/pdfs/par2025-pdfs/LS02122025/438.pdf,
S01,S01,Haryana,8,state_ut,states,2017,504,504,registered cases (CR),"Total cyber crimes (IT Act + IPC + SLL, NCRB definition)","NCRB 'Crime in India' via MHA reply, Lok Sabha USQ 438 (02.12.2025)",S01_LS_USQ438_2025-12-02_AnnexII_2014-2023.txt,Annexure-II 'State/UT-wise Cases Registered under Cyber Crimes during 2014-2023'; annexure page header 'L.S. US.Q. NO. 438 FOR 02.12.2025'; no printed page no.,https://www.mha.gov.in/MHA1/Par2017/pdfs/par2025-pdfs/LS02122025/438.pdf,
S01,S01,Haryana,8,state_ut,states,2018,418,418,registered cases (CR),"Total cyber crimes (IT Act + IPC + SLL, NCRB definition)","NCRB 'Crime in India' via MHA reply, Lok Sabha USQ 438 (02.12.2025)",S01_LS_USQ438_2025-12-02_AnnexII_2014-2023.txt,Annexure-II 'State/UT-wise Cases Registered under Cyber Crimes during 2014-2023'; annexure page header 'L.S. US.Q. NO. 438 FOR 02.12.2025'; no printed page no.,https://www.mha.gov.in/MHA1/Par2017/pdfs/par2025-pdfs/LS02122025/438.pdf,
S01,S01,Haryana,8,state_ut,states,2019,564,564,registered cases (CR),"Total cyber crimes (IT Act + IPC + SLL, NCRB definition)","NCRB 'Crime in India' via MHA reply, Lok Sabha USQ 438 (02.12.2025)",S01_LS_USQ438_2025-12-02_AnnexII_2014-2023.txt,Annexure-II 'State/UT-wise Cases Registered under Cyber Crimes during 2014-2023'; annexure page header 'L.S. US.Q. NO. 438 FOR 02.12.2025'; no printed page no.,https://www.mha.gov.in/MHA1/Par2017/pdfs/par2025-pdfs/LS02122025/438.pdf,
S01,S01,Haryana,8,state_ut,states,2020,656,656,registered cases (CR),"Total cyber crimes (IT Act + IPC + SLL, NCRB definition)","NCRB 'Crime in India' via MHA reply, Lok Sabha USQ 438 (02.12.2025)",S01_LS_USQ438_2025-12-02_AnnexII_2014-2023.txt,Annexure-II 'State/UT-wise Cases Registered under Cyber Crimes during 2014-2023'; annexure page header 'L.S. US.Q. NO. 438 FOR 02.12.2025'; no printed page no.,https://www.mha.gov.in/MHA1/Par2017/pdfs/par2025-pdfs/LS02122025/438.pdf,
S01,S01,Haryana,8,state_ut,states,2021,622,622,registered cases (CR),"Total cyber crimes (IT Act + IPC + SLL, NCRB definition)","NCRB 'Crime in India' via MHA reply, Lok Sabha USQ 438 (02.12.2025)",S01_LS_USQ438_2025-12-02_AnnexII_2014-2023.txt,Annexure-II 'State/UT-wise Cases Registered under Cyber Crimes during 2014-2023'; annexure page header 'L.S. US.Q. NO. 438 FOR 02.12.2025'; no printed page no.,https://www.mha.gov.in/MHA1/Par2017/pdfs/par2025-pdfs/LS02122025/438.pdf,
S01,S01,Haryana,8,state_ut,states,2022,681,681,registered cases (CR),"Total cyber crimes (IT Act + IPC + SLL, NCRB definition)","NCRB 'Crime in India' via MHA reply, Lok Sabha USQ 438 (02.12.2025)",S01_LS_USQ438_2025-12-02_AnnexII_2014-2023.txt,Annexure-II 'State/UT-wise Cases Registered under Cyber Crimes during 2014-2023'; annexure page header 'L.S. US.Q. NO. 438 FOR 02.12.2025'; no printed page no.,https://www.mha.gov.in/MHA1/Par2017/pdfs/par2025-pdfs/LS02122025/438.pdf,
S01,S01,Haryana,8,state_ut,states,2023,751,751,registered cases (CR),"Total cyber crimes (IT Act + IPC + SLL, NCRB definition)","NCRB 'Crime in India' via MHA reply, Lok Sabha USQ 438 (02.12.2025)",S01_LS_USQ438_2025-12-02_AnnexII_2014-2023.txt,Annexure-II 'State/UT-wise Cases Registered under Cyber Crimes during 2014-2023'; annexure page header 'L.S. US.Q. NO. 438 FOR 02.12.2025'; no printed page no.,https://www.mha.gov.in/MHA1/Par2017/pdfs/par2025-pdfs/LS02122025/438.pdf,
S01,S01,Himachal Pradesh,9,state_ut,states,2014,38,38,registered cases (CR),"Total cyber crimes (IT Act + IPC + SLL, NCRB definition)","NCRB 'Crime in India' via MHA reply, Lok Sabha USQ 438 (02.12.2025)",S01_LS_USQ438_2025-12-02_AnnexII_2014-2023.txt,Annexure-II 'State/UT-wise Cases Registered under Cyber Crimes during 2014-2023'; annexure page header 'L.S. US.Q. NO. 438 FOR 02.12.2025'; no printed page no.,https://www.mha.gov.in/MHA1/Par2017/pdfs/par2025-pdfs/LS02122025/438.pdf,
S01,S01,Himachal Pradesh,9,state_ut,states,2015,50,50,registered cases (CR),"Total cyber crimes (IT Act + IPC + SLL, NCRB definition)","NCRB 'Crime in India' via MHA reply, Lok Sabha USQ 438 (02.12.2025)",S01_LS_USQ438_2025-12-02_AnnexII_2014-2023.txt,Annexure-II 'State/UT-wise Cases Registered under Cyber Crimes during 2014-2023'; annexure page header 'L.S. US.Q. NO. 438 FOR 02.12.2025'; no printed page no.,https://www.mha.gov.in/MHA1/Par2017/pdfs/par2025-pdfs/LS02122025/438.pdf,
S01,S01,Himachal Pradesh,9,state_ut,states,2016,31,31,registered cases (CR),"Total cyber crimes (IT Act + IPC + SLL, NCRB definition)","NCRB 'Crime in India' via MHA reply, Lok Sabha USQ 438 (02.12.2025)",S01_LS_USQ438_2025-12-02_AnnexII_2014-2023.txt,Annexure-II 'State/UT-wise Cases Registered under Cyber Crimes during 2014-2023'; annexure page header 'L.S. US.Q. NO. 438 FOR 02.12.2025'; no printed page no.,https://www.mha.gov.in/MHA1/Par2017/pdfs/par2025-pdfs/LS02122025/438.pdf,
S01,S01,Himachal Pradesh,9,state_ut,states,2017,56,56,registered cases (CR),"Total cyber crimes (IT Act + IPC + SLL, NCRB definition)","NCRB 'Crime in India' via MHA reply, Lok Sabha USQ 438 (02.12.2025)",S01_LS_USQ438_2025-12-02_AnnexII_2014-2023.txt,Annexure-II 'State/UT-wise Cases Registered under Cyber Crimes during 2014-2023'; annexure page header 'L.S. US.Q. NO. 438 FOR 02.12.2025'; no printed page no.,https://www.mha.gov.in/MHA1/Par2017/pdfs/par2025-pdfs/LS02122025/438.pdf,
S01,S01,Himachal Pradesh,9,state_ut,states,2018,69,69,registered cases (CR),"Total cyber crimes (IT Act + IPC + SLL, NCRB definition)","NCRB 'Crime in India' via MHA reply, Lok Sabha USQ 438 (02.12.2025)",S01_LS_USQ438_2025-12-02_AnnexII_2014-2023.txt,Annexure-II 'State/UT-wise Cases Registered under Cyber Crimes during 2014-2023'; annexure page header 'L.S. US.Q. NO. 438 FOR 02.12.2025'; no printed page no.,https://www.mha.gov.in/MHA1/Par2017/pdfs/par2025-pdfs/LS02122025/438.pdf,
S01,S01,Himachal Pradesh,9,state_ut,states,2019,76,76,registered cases (CR),"Total cyber crimes (IT Act + IPC + SLL, NCRB definition)","NCRB 'Crime in India' via MHA reply, Lok Sabha USQ 438 (02.12.2025)",S01_LS_USQ438_2025-12-02_AnnexII_2014-2023.txt,Annexure-II 'State/UT-wise Cases Registered under Cyber Crimes during 2014-2023'; annexure page header 'L.S. US.Q. NO. 438 FOR 02.12.2025'; no printed page no.,https://www.mha.gov.in/MHA1/Par2017/pdfs/par2025-pdfs/LS02122025/438.pdf,
S01,S01,Himachal Pradesh,9,state_ut,states,2020,98,98,registered cases (CR),"Total cyber crimes (IT Act + IPC + SLL, NCRB definition)","NCRB 'Crime in India' via MHA reply, Lok Sabha USQ 438 (02.12.2025)",S01_LS_USQ438_2025-12-02_AnnexII_2014-2023.txt,Annexure-II 'State/UT-wise Cases Registered under Cyber Crimes during 2014-2023'; annexure page header 'L.S. US.Q. NO. 438 FOR 02.12.2025'; no printed page no.,https://www.mha.gov.in/MHA1/Par2017/pdfs/par2025-pdfs/LS02122025/438.pdf,
S01,S01,Himachal Pradesh,9,state_ut,states,2021,70,70,registered cases (CR),"Total cyber crimes (IT Act + IPC + SLL, NCRB definition)","NCRB 'Crime in India' via MHA reply, Lok Sabha USQ 438 (02.12.2025)",S01_LS_USQ438_2025-12-02_AnnexII_2014-2023.txt,Annexure-II 'State/UT-wise Cases Registered under Cyber Crimes during 2014-2023'; annexure page header 'L.S. US.Q. NO. 438 FOR 02.12.2025'; no printed page no.,https://www.mha.gov.in/MHA1/Par2017/pdfs/par2025-pdfs/LS02122025/438.pdf,
S01,S01,Himachal Pradesh,9,state_ut,states,2022,77,77,registered cases (CR),"Total cyber crimes (IT Act + IPC + SLL, NCRB definition)","NCRB 'Crime in India' via MHA reply, Lok Sabha USQ 438 (02.12.2025)",S01_LS_USQ438_2025-12-02_AnnexII_2014-2023.txt,Annexure-II 'State/UT-wise Cases Registered under Cyber Crimes during 2014-2023'; annexure page header 'L.S. US.Q. NO. 438 FOR 02.12.2025'; no printed page no.,https://www.mha.gov.in/MHA1/Par2017/pdfs/par2025-pdfs/LS02122025/438.pdf,
S01,S01,Himachal Pradesh,9,state_ut,states,2023,127,127,registered cases (CR),"Total cyber crimes (IT Act + IPC + SLL, NCRB definition)","NCRB 'Crime in India' via MHA reply, Lok Sabha USQ 438 (02.12.2025)",S01_LS_USQ438_2025-12-02_AnnexII_2014-2023.txt,Annexure-II 'State/UT-wise Cases Registered under Cyber Crimes during 2014-2023'; annexure page header 'L.S. US.Q. NO. 438 FOR 02.12.2025'; no printed page no.,https://www.mha.gov.in/MHA1/Par2017/pdfs/par2025-pdfs/LS02122025/438.pdf,
S01,S01,Jharkhand,10,state_ut,states,2014,93,93,registered cases (CR),"Total cyber crimes (IT Act + IPC + SLL, NCRB definition)","NCRB 'Crime in India' via MHA reply, Lok Sabha USQ 438 (02.12.2025)",S01_LS_USQ438_2025-12-02_AnnexII_2014-2023.txt,Annexure-II 'State/UT-wise Cases Registered under Cyber Crimes during 2014-2023'; annexure page header 'L.S. US.Q. NO. 438 FOR 02.12.2025'; no printed page no.,https://www.mha.gov.in/MHA1/Par2017/pdfs/par2025-pdfs/LS02122025/438.pdf,
S01,S01,Jharkhand,10,state_ut,states,2015,180,180,registered cases (CR),"Total cyber crimes (IT Act + IPC + SLL, NCRB definition)","NCRB 'Crime in India' via MHA reply, Lok Sabha USQ 438 (02.12.2025)",S01_LS_USQ438_2025-12-02_AnnexII_2014-2023.txt,Annexure-II 'State/UT-wise Cases Registered under Cyber Crimes during 2014-2023'; annexure page header 'L.S. US.Q. NO. 438 FOR 02.12.2025'; no printed page no.,https://www.mha.gov.in/MHA1/Par2017/pdfs/par2025-pdfs/LS02122025/438.pdf,
S01,S01,Jharkhand,10,state_ut,states,2016,259,259,registered cases (CR),"Total cyber crimes (IT Act + IPC + SLL, NCRB definition)","NCRB 'Crime in India' via MHA reply, Lok Sabha USQ 438 (02.12.2025)",S01_LS_USQ438_2025-12-02_AnnexII_2014-2023.txt,Annexure-II 'State/UT-wise Cases Registered under Cyber Crimes during 2014-2023'; annexure page header 'L.S. US.Q. NO. 438 FOR 02.12.2025'; no printed page no.,https://www.mha.gov.in/MHA1/Par2017/pdfs/par2025-pdfs/LS02122025/438.pdf,
S01,S01,Jharkhand,10,state_ut,states,2017,720,720,registered cases (CR),"Total cyber crimes (IT Act + IPC + SLL, NCRB definition)","NCRB 'Crime in India' via MHA reply, Lok Sabha USQ 438 (02.12.2025)",S01_LS_USQ438_2025-12-02_AnnexII_2014-2023.txt,Annexure-II 'State/UT-wise Cases Registered under Cyber Crimes during 2014-2023'; annexure page header 'L.S. US.Q. NO. 438 FOR 02.12.2025'; no printed page no.,https://www.mha.gov.in/MHA1/Par2017/pdfs/par2025-pdfs/LS02122025/438.pdf,
S01,S01,Jharkhand,10,state_ut,states,2018,930,930,registered cases (CR),"Total cyber crimes (IT Act + IPC + SLL, NCRB definition)","NCRB 'Crime in India' via MHA reply, Lok Sabha USQ 438 (02.12.2025)",S01_LS_USQ438_2025-12-02_AnnexII_2014-2023.txt,Annexure-II 'State/UT-wise Cases Registered under Cyber Crimes during 2014-2023'; annexure page header 'L.S. US.Q. NO. 438 FOR 02.12.2025'; no printed page no.,https://www.mha.gov.in/MHA1/Par2017/pdfs/par2025-pdfs/LS02122025/438.pdf,
S01,S01,Jharkhand,10,state_ut,states,2019,1095,1095,registered cases (CR),"Total cyber crimes (IT Act + IPC + SLL, NCRB definition)","NCRB 'Crime in India' via MHA reply, Lok Sabha USQ 438 (02.12.2025)",S01_LS_USQ438_2025-12-02_AnnexII_2014-2023.txt,Annexure-II 'State/UT-wise Cases Registered under Cyber Crimes during 2014-2023'; annexure page header 'L.S. US.Q. NO. 438 FOR 02.12.2025'; no printed page no.,https://www.mha.gov.in/MHA1/Par2017/pdfs/par2025-pdfs/LS02122025/438.pdf,
S01,S01,Jharkhand,10,state_ut,states,2020,1204,1204,registered cases (CR),"Total cyber crimes (IT Act + IPC + SLL, NCRB definition)","NCRB 'Crime in India' via MHA reply, Lok Sabha USQ 438 (02.12.2025)",S01_LS_USQ438_2025-12-02_AnnexII_2014-2023.txt,Annexure-II 'State/UT-wise Cases Registered under Cyber Crimes during 2014-2023'; annexure page header 'L.S. US.Q. NO. 438 FOR 02.12.2025'; no printed page no.,https://www.mha.gov.in/MHA1/Par2017/pdfs/par2025-pdfs/LS02122025/438.pdf,
S01,S01,Jharkhand,10,state_ut,states,2021,953,953,registered cases (CR),"Total cyber crimes (IT Act + IPC + SLL, NCRB definition)","NCRB 'Crime in India' via MHA reply, Lok Sabha USQ 438 (02.12.2025)",S01_LS_USQ438_2025-12-02_AnnexII_2014-2023.txt,Annexure-II 'State/UT-wise Cases Registered under Cyber Crimes during 2014-2023'; annexure page header 'L.S. US.Q. NO. 438 FOR 02.12.2025'; no printed page no.,https://www.mha.gov.in/MHA1/Par2017/pdfs/par2025-pdfs/LS02122025/438.pdf,
S01,S01,Jharkhand,10,state_ut,states,2022,967,967,registered cases (CR),"Total cyber crimes (IT Act + IPC + SLL, NCRB definition)","NCRB 'Crime in India' via MHA reply, Lok Sabha USQ 438 (02.12.2025)",S01_LS_USQ438_2025-12-02_AnnexII_2014-2023.txt,Annexure-II 'State/UT-wise Cases Registered under Cyber Crimes during 2014-2023'; annexure page header 'L.S. US.Q. NO. 438 FOR 02.12.2025'; no printed page no.,https://www.mha.gov.in/MHA1/Par2017/pdfs/par2025-pdfs/LS02122025/438.pdf,
S01,S01,Jharkhand,10,state_ut,states,2023,1079,1079,registered cases (CR),"Total cyber crimes (IT Act + IPC + SLL, NCRB definition)","NCRB 'Crime in India' via MHA reply, Lok Sabha USQ 438 (02.12.2025)",S01_LS_USQ438_2025-12-02_AnnexII_2014-2023.txt,Annexure-II 'State/UT-wise Cases Registered under Cyber Crimes during 2014-2023'; annexure page header 'L.S. US.Q. NO. 438 FOR 02.12.2025'; no printed page no.,https://www.mha.gov.in/MHA1/Par2017/pdfs/par2025-pdfs/LS02122025/438.pdf,
S01,S01,Karnataka,11,state_ut,states,2014,1020,1020,registered cases (CR),"Total cyber crimes (IT Act + IPC + SLL, NCRB definition)","NCRB 'Crime in India' via MHA reply, Lok Sabha USQ 438 (02.12.2025)",S01_LS_USQ438_2025-12-02_AnnexII_2014-2023.txt,Annexure-II 'State/UT-wise Cases Registered under Cyber Crimes during 2014-2023'; annexure page header 'L.S. US.Q. NO. 438 FOR 02.12.2025'; no printed page no.,https://www.mha.gov.in/MHA1/Par2017/pdfs/par2025-pdfs/LS02122025/438.pdf,
S01,S01,Karnataka,11,state_ut,states,2015,1447,1447,registered cases (CR),"Total cyber crimes (IT Act + IPC + SLL, NCRB definition)","NCRB 'Crime in India' via MHA reply, Lok Sabha USQ 438 (02.12.2025)",S01_LS_USQ438_2025-12-02_AnnexII_2014-2023.txt,Annexure-II 'State/UT-wise Cases Registered under Cyber Crimes during 2014-2023'; annexure page header 'L.S. US.Q. NO. 438 FOR 02.12.2025'; no printed page no.,https://www.mha.gov.in/MHA1/Par2017/pdfs/par2025-pdfs/LS02122025/438.pdf,
S01,S01,Karnataka,11,state_ut,states,2016,1101,1101,registered cases (CR),"Total cyber crimes (IT Act + IPC + SLL, NCRB definition)","NCRB 'Crime in India' via MHA reply, Lok Sabha USQ 438 (02.12.2025)",S01_LS_USQ438_2025-12-02_AnnexII_2014-2023.txt,Annexure-II 'State/UT-wise Cases Registered under Cyber Crimes during 2014-2023'; annexure page header 'L.S. US.Q. NO. 438 FOR 02.12.2025'; no printed page no.,https://www.mha.gov.in/MHA1/Par2017/pdfs/par2025-pdfs/LS02122025/438.pdf,
S01,S01,Karnataka,11,state_ut,states,2017,3174,3174,registered cases (CR),"Total cyber crimes (IT Act + IPC + SLL, NCRB definition)","NCRB 'Crime in India' via MHA reply, Lok Sabha USQ 438 (02.12.2025)",S01_LS_USQ438_2025-12-02_AnnexII_2014-2023.txt,Annexure-II 'State/UT-wise Cases Registered under Cyber Crimes during 2014-2023'; annexure page header 'L.S. US.Q. NO. 438 FOR 02.12.2025'; no printed page no.,https://www.mha.gov.in/MHA1/Par2017/pdfs/par2025-pdfs/LS02122025/438.pdf,
S01,S01,Karnataka,11,state_ut,states,2018,5839,5839,registered cases (CR),"Total cyber crimes (IT Act + IPC + SLL, NCRB definition)","NCRB 'Crime in India' via MHA reply, Lok Sabha USQ 438 (02.12.2025)",S01_LS_USQ438_2025-12-02_AnnexII_2014-2023.txt,Annexure-II 'State/UT-wise Cases Registered under Cyber Crimes during 2014-2023'; annexure page header 'L.S. US.Q. NO. 438 FOR 02.12.2025'; no printed page no.,https://www.mha.gov.in/MHA1/Par2017/pdfs/par2025-pdfs/LS02122025/438.pdf,
S01,S01,Karnataka,11,state_ut,states,2019,12020,12020,registered cases (CR),"Total cyber crimes (IT Act + IPC + SLL, NCRB definition)","NCRB 'Crime in India' via MHA reply, Lok Sabha USQ 438 (02.12.2025)",S01_LS_USQ438_2025-12-02_AnnexII_2014-2023.txt,Annexure-II 'State/UT-wise Cases Registered under Cyber Crimes during 2014-2023'; annexure page header 'L.S. US.Q. NO. 438 FOR 02.12.2025'; no printed page no.,https://www.mha.gov.in/MHA1/Par2017/pdfs/par2025-pdfs/LS02122025/438.pdf,
S01,S01,Karnataka,11,state_ut,states,2020,10741,10741,registered cases (CR),"Total cyber crimes (IT Act + IPC + SLL, NCRB definition)","NCRB 'Crime in India' via MHA reply, Lok Sabha USQ 438 (02.12.2025)",S01_LS_USQ438_2025-12-02_AnnexII_2014-2023.txt,Annexure-II 'State/UT-wise Cases Registered under Cyber Crimes during 2014-2023'; annexure page header 'L.S. US.Q. NO. 438 FOR 02.12.2025'; no printed page no.,https://www.mha.gov.in/MHA1/Par2017/pdfs/par2025-pdfs/LS02122025/438.pdf,
S01,S01,Karnataka,11,state_ut,states,2021,8136,8136,registered cases (CR),"Total cyber crimes (IT Act + IPC + SLL, NCRB definition)","NCRB 'Crime in India' via MHA reply, Lok Sabha USQ 438 (02.12.2025)",S01_LS_USQ438_2025-12-02_AnnexII_2014-2023.txt,Annexure-II 'State/UT-wise Cases Registered under Cyber Crimes during 2014-2023'; annexure page header 'L.S. US.Q. NO. 438 FOR 02.12.2025'; no printed page no.,https://www.mha.gov.in/MHA1/Par2017/pdfs/par2025-pdfs/LS02122025/438.pdf,
S01,S01,Karnataka,11,state_ut,states,2022,12556,12556,registered cases (CR),"Total cyber crimes (IT Act + IPC + SLL, NCRB definition)","NCRB 'Crime in India' via MHA reply, Lok Sabha USQ 438 (02.12.2025)",S01_LS_USQ438_2025-12-02_AnnexII_2014-2023.txt,Annexure-II 'State/UT-wise Cases Registered under Cyber Crimes during 2014-2023'; annexure page header 'L.S. US.Q. NO. 438 FOR 02.12.2025'; no printed page no.,https://www.mha.gov.in/MHA1/Par2017/pdfs/par2025-pdfs/LS02122025/438.pdf,
S01,S01,Karnataka,11,state_ut,states,2023,21889,21889,registered cases (CR),"Total cyber crimes (IT Act + IPC + SLL, NCRB definition)","NCRB 'Crime in India' via MHA reply, Lok Sabha USQ 438 (02.12.2025)",S01_LS_USQ438_2025-12-02_AnnexII_2014-2023.txt,Annexure-II 'State/UT-wise Cases Registered under Cyber Crimes during 2014-2023'; annexure page header 'L.S. US.Q. NO. 438 FOR 02.12.2025'; no printed page no.,https://www.mha.gov.in/MHA1/Par2017/pdfs/par2025-pdfs/LS02122025/438.pdf,
S01,S01,Kerala,12,state_ut,states,2014,450,450,registered cases (CR),"Total cyber crimes (IT Act + IPC + SLL, NCRB definition)","NCRB 'Crime in India' via MHA reply, Lok Sabha USQ 438 (02.12.2025)",S01_LS_USQ438_2025-12-02_AnnexII_2014-2023.txt,Annexure-II 'State/UT-wise Cases Registered under Cyber Crimes during 2014-2023'; annexure page header 'L.S. US.Q. NO. 438 FOR 02.12.2025'; no printed page no.,https://www.mha.gov.in/MHA1/Par2017/pdfs/par2025-pdfs/LS02122025/438.pdf,
S01,S01,Kerala,12,state_ut,states,2015,290,290,registered cases (CR),"Total cyber crimes (IT Act + IPC + SLL, NCRB definition)","NCRB 'Crime in India' via MHA reply, Lok Sabha USQ 438 (02.12.2025)",S01_LS_USQ438_2025-12-02_AnnexII_2014-2023.txt,Annexure-II 'State/UT-wise Cases Registered under Cyber Crimes during 2014-2023'; annexure page header 'L.S. US.Q. NO. 438 FOR 02.12.2025'; no printed page no.,https://www.mha.gov.in/MHA1/Par2017/pdfs/par2025-pdfs/LS02122025/438.pdf,
S01,S01,Kerala,12,state_ut,states,2016,283,283,registered cases (CR),"Total cyber crimes (IT Act + IPC + SLL, NCRB definition)","NCRB 'Crime in India' via MHA reply, Lok Sabha USQ 438 (02.12.2025)",S01_LS_USQ438_2025-12-02_AnnexII_2014-2023.txt,Annexure-II 'State/UT-wise Cases Registered under Cyber Crimes during 2014-2023'; annexure page header 'L.S. US.Q. NO. 438 FOR 02.12.2025'; no printed page no.,https://www.mha.gov.in/MHA1/Par2017/pdfs/par2025-pdfs/LS02122025/438.pdf,
S01,S01,Kerala,12,state_ut,states,2017,320,320,registered cases (CR),"Total cyber crimes (IT Act + IPC + SLL, NCRB definition)","NCRB 'Crime in India' via MHA reply, Lok Sabha USQ 438 (02.12.2025)",S01_LS_USQ438_2025-12-02_AnnexII_2014-2023.txt,Annexure-II 'State/UT-wise Cases Registered under Cyber Crimes during 2014-2023'; annexure page header 'L.S. US.Q. NO. 438 FOR 02.12.2025'; no printed page no.,https://www.mha.gov.in/MHA1/Par2017/pdfs/par2025-pdfs/LS02122025/438.pdf,
S01,S01,Kerala,12,state_ut,states,2018,340,340,registered cases (CR),"Total cyber crimes (IT Act + IPC + SLL, NCRB definition)","NCRB 'Crime in India' via MHA reply, Lok Sabha USQ 438 (02.12.2025)",S01_LS_USQ438_2025-12-02_AnnexII_2014-2023.txt,Annexure-II 'State/UT-wise Cases Registered under Cyber Crimes during 2014-2023'; annexure page header 'L.S. US.Q. NO. 438 FOR 02.12.2025'; no printed page no.,https://www.mha.gov.in/MHA1/Par2017/pdfs/par2025-pdfs/LS02122025/438.pdf,
S01,S01,Kerala,12,state_ut,states,2019,307,307,registered cases (CR),"Total cyber crimes (IT Act + IPC + SLL, NCRB definition)","NCRB 'Crime in India' via MHA reply, Lok Sabha USQ 438 (02.12.2025)",S01_LS_USQ438_2025-12-02_AnnexII_2014-2023.txt,Annexure-II 'State/UT-wise Cases Registered under Cyber Crimes during 2014-2023'; annexure page header 'L.S. US.Q. NO. 438 FOR 02.12.2025'; no printed page no.,https://www.mha.gov.in/MHA1/Par2017/pdfs/par2025-pdfs/LS02122025/438.pdf,
S01,S01,Kerala,12,state_ut,states,2020,426,426,registered cases (CR),"Total cyber crimes (IT Act + IPC + SLL, NCRB definition)","NCRB 'Crime in India' via MHA reply, Lok Sabha USQ 438 (02.12.2025)",S01_LS_USQ438_2025-12-02_AnnexII_2014-2023.txt,Annexure-II 'State/UT-wise Cases Registered under Cyber Crimes during 2014-2023'; annexure page header 'L.S. US.Q. NO. 438 FOR 02.12.2025'; no printed page no.,https://www.mha.gov.in/MHA1/Par2017/pdfs/par2025-pdfs/LS02122025/438.pdf,
S01,S01,Kerala,12,state_ut,states,2021,626,626,registered cases (CR),"Total cyber crimes (IT Act + IPC + SLL, NCRB definition)","NCRB 'Crime in India' via MHA reply, Lok Sabha USQ 438 (02.12.2025)",S01_LS_USQ438_2025-12-02_AnnexII_2014-2023.txt,Annexure-II 'State/UT-wise Cases Registered under Cyber Crimes during 2014-2023'; annexure page header 'L.S. US.Q. NO. 438 FOR 02.12.2025'; no printed page no.,https://www.mha.gov.in/MHA1/Par2017/pdfs/par2025-pdfs/LS02122025/438.pdf,
S01,S01,Kerala,12,state_ut,states,2022,773,773,registered cases (CR),"Total cyber crimes (IT Act + IPC + SLL, NCRB definition)","NCRB 'Crime in India' via MHA reply, Lok Sabha USQ 438 (02.12.2025)",S01_LS_USQ438_2025-12-02_AnnexII_2014-2023.txt,Annexure-II 'State/UT-wise Cases Registered under Cyber Crimes during 2014-2023'; annexure page header 'L.S. US.Q. NO. 438 FOR 02.12.2025'; no printed page no.,https://www.mha.gov.in/MHA1/Par2017/pdfs/par2025-pdfs/LS02122025/438.pdf,
S01,S01,Kerala,12,state_ut,states,2023,3295,3295,registered cases (CR),"Total cyber crimes (IT Act + IPC + SLL, NCRB definition)","NCRB 'Crime in India' via MHA reply, Lok Sabha USQ 438 (02.12.2025)",S01_LS_USQ438_2025-12-02_AnnexII_2014-2023.txt,Annexure-II 'State/UT-wise Cases Registered under Cyber Crimes during 2014-2023'; annexure page header 'L.S. US.Q. NO. 438 FOR 02.12.2025'; no printed page no.,https://www.mha.gov.in/MHA1/Par2017/pdfs/par2025-pdfs/LS02122025/438.pdf,
S01,S01,Madhya Pradesh,13,state_ut,states,2014,289,289,registered cases (CR),"Total cyber crimes (IT Act + IPC + SLL, NCRB definition)","NCRB 'Crime in India' via MHA reply, Lok Sabha USQ 438 (02.12.2025)",S01_LS_USQ438_2025-12-02_AnnexII_2014-2023.txt,Annexure-II 'State/UT-wise Cases Registered under Cyber Crimes during 2014-2023'; annexure page header 'L.S. US.Q. NO. 438 FOR 02.12.2025'; no printed page no.,https://www.mha.gov.in/MHA1/Par2017/pdfs/par2025-pdfs/LS02122025/438.pdf,
S01,S01,Madhya Pradesh,13,state_ut,states,2015,231,231,registered cases (CR),"Total cyber crimes (IT Act + IPC + SLL, NCRB definition)","NCRB 'Crime in India' via MHA reply, Lok Sabha USQ 438 (02.12.2025)",S01_LS_USQ438_2025-12-02_AnnexII_2014-2023.txt,Annexure-II 'State/UT-wise Cases Registered under Cyber Crimes during 2014-2023'; annexure page header 'L.S. US.Q. NO. 438 FOR 02.12.2025'; no printed page no.,https://www.mha.gov.in/MHA1/Par2017/pdfs/par2025-pdfs/LS02122025/438.pdf,
S01,S01,Madhya Pradesh,13,state_ut,states,2016,258,258,registered cases (CR),"Total cyber crimes (IT Act + IPC + SLL, NCRB definition)","NCRB 'Crime in India' via MHA reply, Lok Sabha USQ 438 (02.12.2025)",S01_LS_USQ438_2025-12-02_AnnexII_2014-2023.txt,Annexure-II 'State/UT-wise Cases Registered under Cyber Crimes during 2014-2023'; annexure page header 'L.S. US.Q. NO. 438 FOR 02.12.2025'; no printed page no.,https://www.mha.gov.in/MHA1/Par2017/pdfs/par2025-pdfs/LS02122025/438.pdf,
S01,S01,Madhya Pradesh,13,state_ut,states,2017,490,490,registered cases (CR),"Total cyber crimes (IT Act + IPC + SLL, NCRB definition)","NCRB 'Crime in India' via MHA reply, Lok Sabha USQ 438 (02.12.2025)",S01_LS_USQ438_2025-12-02_AnnexII_2014-2023.txt,Annexure-II 'State/UT-wise Cases Registered under Cyber Crimes during 2014-2023'; annexure page header 'L.S. US.Q. NO. 438 FOR 02.12.2025'; no printed page no.,https://www.mha.gov.in/MHA1/Par2017/pdfs/par2025-pdfs/LS02122025/438.pdf,
S01,S01,Madhya Pradesh,13,state_ut,states,2018,740,740,registered cases (CR),"Total cyber crimes (IT Act + IPC + SLL, NCRB definition)","NCRB 'Crime in India' via MHA reply, Lok Sabha USQ 438 (02.12.2025)",S01_LS_USQ438_2025-12-02_AnnexII_2014-2023.txt,Annexure-II 'State/UT-wise Cases Registered under Cyber Crimes during 2014-2023'; annexure page header 'L.S. US.Q. NO. 438 FOR 02.12.2025'; no printed page no.,https://www.mha.gov.in/MHA1/Par2017/pdfs/par2025-pdfs/LS02122025/438.pdf,
S01,S01,Madhya Pradesh,13,state_ut,states,2019,602,602,registered cases (CR),"Total cyber crimes (IT Act + IPC + SLL, NCRB definition)","NCRB 'Crime in India' via MHA reply, Lok Sabha USQ 438 (02.12.2025)",S01_LS_USQ438_2025-12-02_AnnexII_2014-2023.txt,Annexure-II 'State/UT-wise Cases Registered under Cyber Crimes during 2014-2023'; annexure page header 'L.S. US.Q. NO. 438 FOR 02.12.2025'; no printed page no.,https://www.mha.gov.in/MHA1/Par2017/pdfs/par2025-pdfs/LS02122025/438.pdf,
S01,S01,Madhya Pradesh,13,state_ut,states,2020,699,699,registered cases (CR),"Total cyber crimes (IT Act + IPC + SLL, NCRB definition)","NCRB 'Crime in India' via MHA reply, Lok Sabha USQ 438 (02.12.2025)",S01_LS_USQ438_2025-12-02_AnnexII_2014-2023.txt,Annexure-II 'State/UT-wise Cases Registered under Cyber Crimes during 2014-2023'; annexure page header 'L.S. US.Q. NO. 438 FOR 02.12.2025'; no printed page no.,https://www.mha.gov.in/MHA1/Par2017/pdfs/par2025-pdfs/LS02122025/438.pdf,
S01,S01,Madhya Pradesh,13,state_ut,states,2021,589,589,registered cases (CR),"Total cyber crimes (IT Act + IPC + SLL, NCRB definition)","NCRB 'Crime in India' via MHA reply, Lok Sabha USQ 438 (02.12.2025)",S01_LS_USQ438_2025-12-02_AnnexII_2014-2023.txt,Annexure-II 'State/UT-wise Cases Registered under Cyber Crimes during 2014-2023'; annexure page header 'L.S. US.Q. NO. 438 FOR 02.12.2025'; no printed page no.,https://www.mha.gov.in/MHA1/Par2017/pdfs/par2025-pdfs/LS02122025/438.pdf,
S01,S01,Madhya Pradesh,13,state_ut,states,2022,826,826,registered cases (CR),"Total cyber crimes (IT Act + IPC + SLL, NCRB definition)","NCRB 'Crime in India' via MHA reply, Lok Sabha USQ 438 (02.12.2025)",S01_LS_USQ438_2025-12-02_AnnexII_2014-2023.txt,Annexure-II 'State/UT-wise Cases Registered under Cyber Crimes during 2014-2023'; annexure page header 'L.S. US.Q. NO. 438 FOR 02.12.2025'; no printed page no.,https://www.mha.gov.in/MHA1/Par2017/pdfs/par2025-pdfs/LS02122025/438.pdf,
S01,S01,Madhya Pradesh,13,state_ut,states,2023,685,685,registered cases (CR),"Total cyber crimes (IT Act + IPC + SLL, NCRB definition)","NCRB 'Crime in India' via MHA reply, Lok Sabha USQ 438 (02.12.2025)",S01_LS_USQ438_2025-12-02_AnnexII_2014-2023.txt,Annexure-II 'State/UT-wise Cases Registered under Cyber Crimes during 2014-2023'; annexure page header 'L.S. US.Q. NO. 438 FOR 02.12.2025'; no printed page no.,https://www.mha.gov.in/MHA1/Par2017/pdfs/par2025-pdfs/LS02122025/438.pdf,
S01,S01,Maharashtra,14,state_ut,states,2014,1879,1879,registered cases (CR),"Total cyber crimes (IT Act + IPC + SLL, NCRB definition)","NCRB 'Crime in India' via MHA reply, Lok Sabha USQ 438 (02.12.2025)",S01_LS_USQ438_2025-12-02_AnnexII_2014-2023.txt,Annexure-II 'State/UT-wise Cases Registered under Cyber Crimes during 2014-2023'; annexure page header 'L.S. US.Q. NO. 438 FOR 02.12.2025'; no printed page no.,https://www.mha.gov.in/MHA1/Par2017/pdfs/par2025-pdfs/LS02122025/438.pdf,
S01,S01,Maharashtra,14,state_ut,states,2015,2195,2195,registered cases (CR),"Total cyber crimes (IT Act + IPC + SLL, NCRB definition)","NCRB 'Crime in India' via MHA reply, Lok Sabha USQ 438 (02.12.2025)",S01_LS_USQ438_2025-12-02_AnnexII_2014-2023.txt,Annexure-II 'State/UT-wise Cases Registered under Cyber Crimes during 2014-2023'; annexure page header 'L.S. US.Q. NO. 438 FOR 02.12.2025'; no printed page no.,https://www.mha.gov.in/MHA1/Par2017/pdfs/par2025-pdfs/LS02122025/438.pdf,
S01,S01,Maharashtra,14,state_ut,states,2016,2380,2380,registered cases (CR),"Total cyber crimes (IT Act + IPC + SLL, NCRB definition)","NCRB 'Crime in India' via MHA reply, Lok Sabha USQ 438 (02.12.2025)",S01_LS_USQ438_2025-12-02_AnnexII_2014-2023.txt,Annexure-II 'State/UT-wise Cases Registered under Cyber Crimes during 2014-2023'; annexure page header 'L.S. US.Q. NO. 438 FOR 02.12.2025'; no printed page no.,https://www.mha.gov.in/MHA1/Par2017/pdfs/par2025-pdfs/LS02122025/438.pdf,
S01,S01,Maharashtra,14,state_ut,states,2017,3604,3604,registered cases (CR),"Total cyber crimes (IT Act + IPC + SLL, NCRB definition)","NCRB 'Crime in India' via MHA reply, Lok Sabha USQ 438 (02.12.2025)",S01_LS_USQ438_2025-12-02_AnnexII_2014-2023.txt,Annexure-II 'State/UT-wise Cases Registered under Cyber Crimes during 2014-2023'; annexure page header 'L.S. US.Q. NO. 438 FOR 02.12.2025'; no printed page no.,https://www.mha.gov.in/MHA1/Par2017/pdfs/par2025-pdfs/LS02122025/438.pdf,
S01,S01,Maharashtra,14,state_ut,states,2018,3511,3511,registered cases (CR),"Total cyber crimes (IT Act + IPC + SLL, NCRB definition)","NCRB 'Crime in India' via MHA reply, Lok Sabha USQ 438 (02.12.2025)",S01_LS_USQ438_2025-12-02_AnnexII_2014-2023.txt,Annexure-II 'State/UT-wise Cases Registered under Cyber Crimes during 2014-2023'; annexure page header 'L.S. US.Q. NO. 438 FOR 02.12.2025'; no printed page no.,https://www.mha.gov.in/MHA1/Par2017/pdfs/par2025-pdfs/LS02122025/438.pdf,
S01,S01,Maharashtra,14,state_ut,states,2019,4967,4967,registered cases (CR),"Total cyber crimes (IT Act + IPC + SLL, NCRB definition)","NCRB 'Crime in India' via MHA reply, Lok Sabha USQ 438 (02.12.2025)",S01_LS_USQ438_2025-12-02_AnnexII_2014-2023.txt,Annexure-II 'State/UT-wise Cases Registered under Cyber Crimes during 2014-2023'; annexure page header 'L.S. US.Q. NO. 438 FOR 02.12.2025'; no printed page no.,https://www.mha.gov.in/MHA1/Par2017/pdfs/par2025-pdfs/LS02122025/438.pdf,
S01,S01,Maharashtra,14,state_ut,states,2020,5496,5496,registered cases (CR),"Total cyber crimes (IT Act + IPC + SLL, NCRB definition)","NCRB 'Crime in India' via MHA reply, Lok Sabha USQ 438 (02.12.2025)",S01_LS_USQ438_2025-12-02_AnnexII_2014-2023.txt,Annexure-II 'State/UT-wise Cases Registered under Cyber Crimes during 2014-2023'; annexure page header 'L.S. US.Q. NO. 438 FOR 02.12.2025'; no printed page no.,https://www.mha.gov.in/MHA1/Par2017/pdfs/par2025-pdfs/LS02122025/438.pdf,
S01,S01,Maharashtra,14,state_ut,states,2021,5562,5562,registered cases (CR),"Total cyber crimes (IT Act + IPC + SLL, NCRB definition)","NCRB 'Crime in India' via MHA reply, Lok Sabha USQ 438 (02.12.2025)",S01_LS_USQ438_2025-12-02_AnnexII_2014-2023.txt,Annexure-II 'State/UT-wise Cases Registered under Cyber Crimes during 2014-2023'; annexure page header 'L.S. US.Q. NO. 438 FOR 02.12.2025'; no printed page no.,https://www.mha.gov.in/MHA1/Par2017/pdfs/par2025-pdfs/LS02122025/438.pdf,
S01,S01,Maharashtra,14,state_ut,states,2022,8249,8249,registered cases (CR),"Total cyber crimes (IT Act + IPC + SLL, NCRB definition)","NCRB 'Crime in India' via MHA reply, Lok Sabha USQ 438 (02.12.2025)",S01_LS_USQ438_2025-12-02_AnnexII_2014-2023.txt,Annexure-II 'State/UT-wise Cases Registered under Cyber Crimes during 2014-2023'; annexure page header 'L.S. US.Q. NO. 438 FOR 02.12.2025'; no printed page no.,https://www.mha.gov.in/MHA1/Par2017/pdfs/par2025-pdfs/LS02122025/438.pdf,
S01,S01,Maharashtra,14,state_ut,states,2023,8103,8103,registered cases (CR),"Total cyber crimes (IT Act + IPC + SLL, NCRB definition)","NCRB 'Crime in India' via MHA reply, Lok Sabha USQ 438 (02.12.2025)",S01_LS_USQ438_2025-12-02_AnnexII_2014-2023.txt,Annexure-II 'State/UT-wise Cases Registered under Cyber Crimes during 2014-2023'; annexure page header 'L.S. US.Q. NO. 438 FOR 02.12.2025'; no printed page no.,https://www.mha.gov.in/MHA1/Par2017/pdfs/par2025-pdfs/LS02122025/438.pdf,
S01,S01,Manipur,15,state_ut,states,2014,13,13,registered cases (CR),"Total cyber crimes (IT Act + IPC + SLL, NCRB definition)","NCRB 'Crime in India' via MHA reply, Lok Sabha USQ 438 (02.12.2025)",S01_LS_USQ438_2025-12-02_AnnexII_2014-2023.txt,Annexure-II 'State/UT-wise Cases Registered under Cyber Crimes during 2014-2023'; annexure page header 'L.S. US.Q. NO. 438 FOR 02.12.2025'; no printed page no.,https://www.mha.gov.in/MHA1/Par2017/pdfs/par2025-pdfs/LS02122025/438.pdf,
S01,S01,Manipur,15,state_ut,states,2015,6,6,registered cases (CR),"Total cyber crimes (IT Act + IPC + SLL, NCRB definition)","NCRB 'Crime in India' via MHA reply, Lok Sabha USQ 438 (02.12.2025)",S01_LS_USQ438_2025-12-02_AnnexII_2014-2023.txt,Annexure-II 'State/UT-wise Cases Registered under Cyber Crimes during 2014-2023'; annexure page header 'L.S. US.Q. NO. 438 FOR 02.12.2025'; no printed page no.,https://www.mha.gov.in/MHA1/Par2017/pdfs/par2025-pdfs/LS02122025/438.pdf,
S01,S01,Manipur,15,state_ut,states,2016,11,11,registered cases (CR),"Total cyber crimes (IT Act + IPC + SLL, NCRB definition)","NCRB 'Crime in India' via MHA reply, Lok Sabha USQ 438 (02.12.2025)",S01_LS_USQ438_2025-12-02_AnnexII_2014-2023.txt,Annexure-II 'State/UT-wise Cases Registered under Cyber Crimes during 2014-2023'; annexure page header 'L.S. US.Q. NO. 438 FOR 02.12.2025'; no printed page no.,https://www.mha.gov.in/MHA1/Par2017/pdfs/par2025-pdfs/LS02122025/438.pdf,
S01,S01,Manipur,15,state_ut,states,2017,74,74,registered cases (CR),"Total cyber crimes (IT Act + IPC + SLL, NCRB definition)","NCRB 'Crime in India' via MHA reply, Lok Sabha USQ 438 (02.12.2025)",S01_LS_USQ438_2025-12-02_AnnexII_2014-2023.txt,Annexure-II 'State/UT-wise Cases Registered under Cyber Crimes during 2014-2023'; annexure page header 'L.S. US.Q. NO. 438 FOR 02.12.2025'; no printed page no.,https://www.mha.gov.in/MHA1/Par2017/pdfs/par2025-pdfs/LS02122025/438.pdf,
S01,S01,Manipur,15,state_ut,states,2018,29,29,registered cases (CR),"Total cyber crimes (IT Act + IPC + SLL, NCRB definition)","NCRB 'Crime in India' via MHA reply, Lok Sabha USQ 438 (02.12.2025)",S01_LS_USQ438_2025-12-02_AnnexII_2014-2023.txt,Annexure-II 'State/UT-wise Cases Registered under Cyber Crimes during 2014-2023'; annexure page header 'L.S. US.Q. NO. 438 FOR 02.12.2025'; no printed page no.,https://www.mha.gov.in/MHA1/Par2017/pdfs/par2025-pdfs/LS02122025/438.pdf,
S01,S01,Manipur,15,state_ut,states,2019,4,4,registered cases (CR),"Total cyber crimes (IT Act + IPC + SLL, NCRB definition)","NCRB 'Crime in India' via MHA reply, Lok Sabha USQ 438 (02.12.2025)",S01_LS_USQ438_2025-12-02_AnnexII_2014-2023.txt,Annexure-II 'State/UT-wise Cases Registered under Cyber Crimes during 2014-2023'; annexure page header 'L.S. US.Q. NO. 438 FOR 02.12.2025'; no printed page no.,https://www.mha.gov.in/MHA1/Par2017/pdfs/par2025-pdfs/LS02122025/438.pdf,
S01,S01,Manipur,15,state_ut,states,2020,79,79,registered cases (CR),"Total cyber crimes (IT Act + IPC + SLL, NCRB definition)","NCRB 'Crime in India' via MHA reply, Lok Sabha USQ 438 (02.12.2025)",S01_LS_USQ438_2025-12-02_AnnexII_2014-2023.txt,Annexure-II 'State/UT-wise Cases Registered under Cyber Crimes during 2014-2023'; annexure page header 'L.S. US.Q. NO. 438 FOR 02.12.2025'; no printed page no.,https://www.mha.gov.in/MHA1/Par2017/pdfs/par2025-pdfs/LS02122025/438.pdf,
S01,S01,Manipur,15,state_ut,states,2021,67,67,registered cases (CR),"Total cyber crimes (IT Act + IPC + SLL, NCRB definition)","NCRB 'Crime in India' via MHA reply, Lok Sabha USQ 438 (02.12.2025)",S01_LS_USQ438_2025-12-02_AnnexII_2014-2023.txt,Annexure-II 'State/UT-wise Cases Registered under Cyber Crimes during 2014-2023'; annexure page header 'L.S. US.Q. NO. 438 FOR 02.12.2025'; no printed page no.,https://www.mha.gov.in/MHA1/Par2017/pdfs/par2025-pdfs/LS02122025/438.pdf,
S01,S01,Manipur,15,state_ut,states,2022,18,18,registered cases (CR),"Total cyber crimes (IT Act + IPC + SLL, NCRB definition)","NCRB 'Crime in India' via MHA reply, Lok Sabha USQ 438 (02.12.2025)",S01_LS_USQ438_2025-12-02_AnnexII_2014-2023.txt,Annexure-II 'State/UT-wise Cases Registered under Cyber Crimes during 2014-2023'; annexure page header 'L.S. US.Q. NO. 438 FOR 02.12.2025'; no printed page no.,https://www.mha.gov.in/MHA1/Par2017/pdfs/par2025-pdfs/LS02122025/438.pdf,
S01,S01,Manipur,15,state_ut,states,2023,3,3,registered cases (CR),"Total cyber crimes (IT Act + IPC + SLL, NCRB definition)","NCRB 'Crime in India' via MHA reply, Lok Sabha USQ 438 (02.12.2025)",S01_LS_USQ438_2025-12-02_AnnexII_2014-2023.txt,Annexure-II 'State/UT-wise Cases Registered under Cyber Crimes during 2014-2023'; annexure page header 'L.S. US.Q. NO. 438 FOR 02.12.2025'; no printed page no.,https://www.mha.gov.in/MHA1/Par2017/pdfs/par2025-pdfs/LS02122025/438.pdf,
S01,S01,Meghalaya,16,state_ut,states,2014,60,60,registered cases (CR),"Total cyber crimes (IT Act + IPC + SLL, NCRB definition)","NCRB 'Crime in India' via MHA reply, Lok Sabha USQ 438 (02.12.2025)",S01_LS_USQ438_2025-12-02_AnnexII_2014-2023.txt,Annexure-II 'State/UT-wise Cases Registered under Cyber Crimes during 2014-2023'; annexure page header 'L.S. US.Q. NO. 438 FOR 02.12.2025'; no printed page no.,https://www.mha.gov.in/MHA1/Par2017/pdfs/par2025-pdfs/LS02122025/438.pdf,
S01,S01,Meghalaya,16,state_ut,states,2015,56,56,registered cases (CR),"Total cyber crimes (IT Act + IPC + SLL, NCRB definition)","NCRB 'Crime in India' via MHA reply, Lok Sabha USQ 438 (02.12.2025)",S01_LS_USQ438_2025-12-02_AnnexII_2014-2023.txt,Annexure-II 'State/UT-wise Cases Registered under Cyber Crimes during 2014-2023'; annexure page header 'L.S. US.Q. NO. 438 FOR 02.12.2025'; no printed page no.,https://www.mha.gov.in/MHA1/Par2017/pdfs/par2025-pdfs/LS02122025/438.pdf,
S01,S01,Meghalaya,16,state_ut,states,2016,39,39,registered cases (CR),"Total cyber crimes (IT Act + IPC + SLL, NCRB definition)","NCRB 'Crime in India' via MHA reply, Lok Sabha USQ 438 (02.12.2025)",S01_LS_USQ438_2025-12-02_AnnexII_2014-2023.txt,Annexure-II 'State/UT-wise Cases Registered under Cyber Crimes during 2014-2023'; annexure page header 'L.S. US.Q. NO. 438 FOR 02.12.2025'; no printed page no.,https://www.mha.gov.in/MHA1/Par2017/pdfs/par2025-pdfs/LS02122025/438.pdf,
S01,S01,Meghalaya,16,state_ut,states,2017,39,39,registered cases (CR),"Total cyber crimes (IT Act + IPC + SLL, NCRB definition)","NCRB 'Crime in India' via MHA reply, Lok Sabha USQ 438 (02.12.2025)",S01_LS_USQ438_2025-12-02_AnnexII_2014-2023.txt,Annexure-II 'State/UT-wise Cases Registered under Cyber Crimes during 2014-2023'; annexure page header 'L.S. US.Q. NO. 438 FOR 02.12.2025'; no printed page no.,https://www.mha.gov.in/MHA1/Par2017/pdfs/par2025-pdfs/LS02122025/438.pdf,
S01,S01,Meghalaya,16,state_ut,states,2018,74,74,registered cases (CR),"Total cyber crimes (IT Act + IPC + SLL, NCRB definition)","NCRB 'Crime in India' via MHA reply, Lok Sabha USQ 438 (02.12.2025)",S01_LS_USQ438_2025-12-02_AnnexII_2014-2023.txt,Annexure-II 'State/UT-wise Cases Registered under Cyber Crimes during 2014-2023'; annexure page header 'L.S. US.Q. NO. 438 FOR 02.12.2025'; no printed page no.,https://www.mha.gov.in/MHA1/Par2017/pdfs/par2025-pdfs/LS02122025/438.pdf,
S01,S01,Meghalaya,16,state_ut,states,2019,89,89,registered cases (CR),"Total cyber crimes (IT Act + IPC + SLL, NCRB definition)","NCRB 'Crime in India' via MHA reply, Lok Sabha USQ 438 (02.12.2025)",S01_LS_USQ438_2025-12-02_AnnexII_2014-2023.txt,Annexure-II 'State/UT-wise Cases Registered under Cyber Crimes during 2014-2023'; annexure page header 'L.S. US.Q. NO. 438 FOR 02.12.2025'; no printed page no.,https://www.mha.gov.in/MHA1/Par2017/pdfs/par2025-pdfs/LS02122025/438.pdf,
S01,S01,Meghalaya,16,state_ut,states,2020,142,142,registered cases (CR),"Total cyber crimes (IT Act + IPC + SLL, NCRB definition)","NCRB 'Crime in India' via MHA reply, Lok Sabha USQ 438 (02.12.2025)",S01_LS_USQ438_2025-12-02_AnnexII_2014-2023.txt,Annexure-II 'State/UT-wise Cases Registered under Cyber Crimes during 2014-2023'; annexure page header 'L.S. US.Q. NO. 438 FOR 02.12.2025'; no printed page no.,https://www.mha.gov.in/MHA1/Par2017/pdfs/par2025-pdfs/LS02122025/438.pdf,
S01,S01,Meghalaya,16,state_ut,states,2021,107,107,registered cases (CR),"Total cyber crimes (IT Act + IPC + SLL, NCRB definition)","NCRB 'Crime in India' via MHA reply, Lok Sabha USQ 438 (02.12.2025)",S01_LS_USQ438_2025-12-02_AnnexII_2014-2023.txt,Annexure-II 'State/UT-wise Cases Registered under Cyber Crimes during 2014-2023'; annexure page header 'L.S. US.Q. NO. 438 FOR 02.12.2025'; no printed page no.,https://www.mha.gov.in/MHA1/Par2017/pdfs/par2025-pdfs/LS02122025/438.pdf,
S01,S01,Meghalaya,16,state_ut,states,2022,75,75,registered cases (CR),"Total cyber crimes (IT Act + IPC + SLL, NCRB definition)","NCRB 'Crime in India' via MHA reply, Lok Sabha USQ 438 (02.12.2025)",S01_LS_USQ438_2025-12-02_AnnexII_2014-2023.txt,Annexure-II 'State/UT-wise Cases Registered under Cyber Crimes during 2014-2023'; annexure page header 'L.S. US.Q. NO. 438 FOR 02.12.2025'; no printed page no.,https://www.mha.gov.in/MHA1/Par2017/pdfs/par2025-pdfs/LS02122025/438.pdf,
S01,S01,Meghalaya,16,state_ut,states,2023,64,64,registered cases (CR),"Total cyber crimes (IT Act + IPC + SLL, NCRB definition)","NCRB 'Crime in India' via MHA reply, Lok Sabha USQ 438 (02.12.2025)",S01_LS_USQ438_2025-12-02_AnnexII_2014-2023.txt,Annexure-II 'State/UT-wise Cases Registered under Cyber Crimes during 2014-2023'; annexure page header 'L.S. US.Q. NO. 438 FOR 02.12.2025'; no printed page no.,https://www.mha.gov.in/MHA1/Par2017/pdfs/par2025-pdfs/LS02122025/438.pdf,
S01,S01,Mizoram,17,state_ut,states,2014,22,22,registered cases (CR),"Total cyber crimes (IT Act + IPC + SLL, NCRB definition)","NCRB 'Crime in India' via MHA reply, Lok Sabha USQ 438 (02.12.2025)",S01_LS_USQ438_2025-12-02_AnnexII_2014-2023.txt,Annexure-II 'State/UT-wise Cases Registered under Cyber Crimes during 2014-2023'; annexure page header 'L.S. US.Q. NO. 438 FOR 02.12.2025'; no printed page no.,https://www.mha.gov.in/MHA1/Par2017/pdfs/par2025-pdfs/LS02122025/438.pdf,
S01,S01,Mizoram,17,state_ut,states,2015,8,8,registered cases (CR),"Total cyber crimes (IT Act + IPC + SLL, NCRB definition)","NCRB 'Crime in India' via MHA reply, Lok Sabha USQ 438 (02.12.2025)",S01_LS_USQ438_2025-12-02_AnnexII_2014-2023.txt,Annexure-II 'State/UT-wise Cases Registered under Cyber Crimes during 2014-2023'; annexure page header 'L.S. US.Q. NO. 438 FOR 02.12.2025'; no printed page no.,https://www.mha.gov.in/MHA1/Par2017/pdfs/par2025-pdfs/LS02122025/438.pdf,
S01,S01,Mizoram,17,state_ut,states,2016,1,1,registered cases (CR),"Total cyber crimes (IT Act + IPC + SLL, NCRB definition)","NCRB 'Crime in India' via MHA reply, Lok Sabha USQ 438 (02.12.2025)",S01_LS_USQ438_2025-12-02_AnnexII_2014-2023.txt,Annexure-II 'State/UT-wise Cases Registered under Cyber Crimes during 2014-2023'; annexure page header 'L.S. US.Q. NO. 438 FOR 02.12.2025'; no printed page no.,https://www.mha.gov.in/MHA1/Par2017/pdfs/par2025-pdfs/LS02122025/438.pdf,
S01,S01,Mizoram,17,state_ut,states,2017,10,10,registered cases (CR),"Total cyber crimes (IT Act + IPC + SLL, NCRB definition)","NCRB 'Crime in India' via MHA reply, Lok Sabha USQ 438 (02.12.2025)",S01_LS_USQ438_2025-12-02_AnnexII_2014-2023.txt,Annexure-II 'State/UT-wise Cases Registered under Cyber Crimes during 2014-2023'; annexure page header 'L.S. US.Q. NO. 438 FOR 02.12.2025'; no printed page no.,https://www.mha.gov.in/MHA1/Par2017/pdfs/par2025-pdfs/LS02122025/438.pdf,
S01,S01,Mizoram,17,state_ut,states,2018,6,6,registered cases (CR),"Total cyber crimes (IT Act + IPC + SLL, NCRB definition)","NCRB 'Crime in India' via MHA reply, Lok Sabha USQ 438 (02.12.2025)",S01_LS_USQ438_2025-12-02_AnnexII_2014-2023.txt,Annexure-II 'State/UT-wise Cases Registered under Cyber Crimes during 2014-2023'; annexure page header 'L.S. US.Q. NO. 438 FOR 02.12.2025'; no printed page no.,https://www.mha.gov.in/MHA1/Par2017/pdfs/par2025-pdfs/LS02122025/438.pdf,
S01,S01,Mizoram,17,state_ut,states,2019,8,8,registered cases (CR),"Total cyber crimes (IT Act + IPC + SLL, NCRB definition)","NCRB 'Crime in India' via MHA reply, Lok Sabha USQ 438 (02.12.2025)",S01_LS_USQ438_2025-12-02_AnnexII_2014-2023.txt,Annexure-II 'State/UT-wise Cases Registered under Cyber Crimes during 2014-2023'; annexure page header 'L.S. US.Q. NO. 438 FOR 02.12.2025'; no printed page no.,https://www.mha.gov.in/MHA1/Par2017/pdfs/par2025-pdfs/LS02122025/438.pdf,
S01,S01,Mizoram,17,state_ut,states,2020,13,13,registered cases (CR),"Total cyber crimes (IT Act + IPC + SLL, NCRB definition)","NCRB 'Crime in India' via MHA reply, Lok Sabha USQ 438 (02.12.2025)",S01_LS_USQ438_2025-12-02_AnnexII_2014-2023.txt,Annexure-II 'State/UT-wise Cases Registered under Cyber Crimes during 2014-2023'; annexure page header 'L.S. US.Q. NO. 438 FOR 02.12.2025'; no printed page no.,https://www.mha.gov.in/MHA1/Par2017/pdfs/par2025-pdfs/LS02122025/438.pdf,
S01,S01,Mizoram,17,state_ut,states,2021,30,30,registered cases (CR),"Total cyber crimes (IT Act + IPC + SLL, NCRB definition)","NCRB 'Crime in India' via MHA reply, Lok Sabha USQ 438 (02.12.2025)",S01_LS_USQ438_2025-12-02_AnnexII_2014-2023.txt,Annexure-II 'State/UT-wise Cases Registered under Cyber Crimes during 2014-2023'; annexure page header 'L.S. US.Q. NO. 438 FOR 02.12.2025'; no printed page no.,https://www.mha.gov.in/MHA1/Par2017/pdfs/par2025-pdfs/LS02122025/438.pdf,
S01,S01,Mizoram,17,state_ut,states,2022,1,1,registered cases (CR),"Total cyber crimes (IT Act + IPC + SLL, NCRB definition)","NCRB 'Crime in India' via MHA reply, Lok Sabha USQ 438 (02.12.2025)",S01_LS_USQ438_2025-12-02_AnnexII_2014-2023.txt,Annexure-II 'State/UT-wise Cases Registered under Cyber Crimes during 2014-2023'; annexure page header 'L.S. US.Q. NO. 438 FOR 02.12.2025'; no printed page no.,https://www.mha.gov.in/MHA1/Par2017/pdfs/par2025-pdfs/LS02122025/438.pdf,
S01,S01,Mizoram,17,state_ut,states,2023,31,31,registered cases (CR),"Total cyber crimes (IT Act + IPC + SLL, NCRB definition)","NCRB 'Crime in India' via MHA reply, Lok Sabha USQ 438 (02.12.2025)",S01_LS_USQ438_2025-12-02_AnnexII_2014-2023.txt,Annexure-II 'State/UT-wise Cases Registered under Cyber Crimes during 2014-2023'; annexure page header 'L.S. US.Q. NO. 438 FOR 02.12.2025'; no printed page no.,https://www.mha.gov.in/MHA1/Par2017/pdfs/par2025-pdfs/LS02122025/438.pdf,
S01,S01,Nagaland,18,state_ut,states,2014,0,0,registered cases (CR),"Total cyber crimes (IT Act + IPC + SLL, NCRB definition)","NCRB 'Crime in India' via MHA reply, Lok Sabha USQ 438 (02.12.2025)",S01_LS_USQ438_2025-12-02_AnnexII_2014-2023.txt,Annexure-II 'State/UT-wise Cases Registered under Cyber Crimes during 2014-2023'; annexure page header 'L.S. US.Q. NO. 438 FOR 02.12.2025'; no printed page no.,https://www.mha.gov.in/MHA1/Par2017/pdfs/par2025-pdfs/LS02122025/438.pdf,
S01,S01,Nagaland,18,state_ut,states,2015,0,0,registered cases (CR),"Total cyber crimes (IT Act + IPC + SLL, NCRB definition)","NCRB 'Crime in India' via MHA reply, Lok Sabha USQ 438 (02.12.2025)",S01_LS_USQ438_2025-12-02_AnnexII_2014-2023.txt,Annexure-II 'State/UT-wise Cases Registered under Cyber Crimes during 2014-2023'; annexure page header 'L.S. US.Q. NO. 438 FOR 02.12.2025'; no printed page no.,https://www.mha.gov.in/MHA1/Par2017/pdfs/par2025-pdfs/LS02122025/438.pdf,
S01,S01,Nagaland,18,state_ut,states,2016,2,2,registered cases (CR),"Total cyber crimes (IT Act + IPC + SLL, NCRB definition)","NCRB 'Crime in India' via MHA reply, Lok Sabha USQ 438 (02.12.2025)",S01_LS_USQ438_2025-12-02_AnnexII_2014-2023.txt,Annexure-II 'State/UT-wise Cases Registered under Cyber Crimes during 2014-2023'; annexure page header 'L.S. US.Q. NO. 438 FOR 02.12.2025'; no printed page no.,https://www.mha.gov.in/MHA1/Par2017/pdfs/par2025-pdfs/LS02122025/438.pdf,
S01,S01,Nagaland,18,state_ut,states,2017,0,0,registered cases (CR),"Total cyber crimes (IT Act + IPC + SLL, NCRB definition)","NCRB 'Crime in India' via MHA reply, Lok Sabha USQ 438 (02.12.2025)",S01_LS_USQ438_2025-12-02_AnnexII_2014-2023.txt,Annexure-II 'State/UT-wise Cases Registered under Cyber Crimes during 2014-2023'; annexure page header 'L.S. US.Q. NO. 438 FOR 02.12.2025'; no printed page no.,https://www.mha.gov.in/MHA1/Par2017/pdfs/par2025-pdfs/LS02122025/438.pdf,
S01,S01,Nagaland,18,state_ut,states,2018,2,2,registered cases (CR),"Total cyber crimes (IT Act + IPC + SLL, NCRB definition)","NCRB 'Crime in India' via MHA reply, Lok Sabha USQ 438 (02.12.2025)",S01_LS_USQ438_2025-12-02_AnnexII_2014-2023.txt,Annexure-II 'State/UT-wise Cases Registered under Cyber Crimes during 2014-2023'; annexure page header 'L.S. US.Q. NO. 438 FOR 02.12.2025'; no printed page no.,https://www.mha.gov.in/MHA1/Par2017/pdfs/par2025-pdfs/LS02122025/438.pdf,
S01,S01,Nagaland,18,state_ut,states,2019,2,2,registered cases (CR),"Total cyber crimes (IT Act + IPC + SLL, NCRB definition)","NCRB 'Crime in India' via MHA reply, Lok Sabha USQ 438 (02.12.2025)",S01_LS_USQ438_2025-12-02_AnnexII_2014-2023.txt,Annexure-II 'State/UT-wise Cases Registered under Cyber Crimes during 2014-2023'; annexure page header 'L.S. US.Q. NO. 438 FOR 02.12.2025'; no printed page no.,https://www.mha.gov.in/MHA1/Par2017/pdfs/par2025-pdfs/LS02122025/438.pdf,
S01,S01,Nagaland,18,state_ut,states,2020,8,8,registered cases (CR),"Total cyber crimes (IT Act + IPC + SLL, NCRB definition)","NCRB 'Crime in India' via MHA reply, Lok Sabha USQ 438 (02.12.2025)",S01_LS_USQ438_2025-12-02_AnnexII_2014-2023.txt,Annexure-II 'State/UT-wise Cases Registered under Cyber Crimes during 2014-2023'; annexure page header 'L.S. US.Q. NO. 438 FOR 02.12.2025'; no printed page no.,https://www.mha.gov.in/MHA1/Par2017/pdfs/par2025-pdfs/LS02122025/438.pdf,
S01,S01,Nagaland,18,state_ut,states,2021,8,8,registered cases (CR),"Total cyber crimes (IT Act + IPC + SLL, NCRB definition)","NCRB 'Crime in India' via MHA reply, Lok Sabha USQ 438 (02.12.2025)",S01_LS_USQ438_2025-12-02_AnnexII_2014-2023.txt,Annexure-II 'State/UT-wise Cases Registered under Cyber Crimes during 2014-2023'; annexure page header 'L.S. US.Q. NO. 438 FOR 02.12.2025'; no printed page no.,https://www.mha.gov.in/MHA1/Par2017/pdfs/par2025-pdfs/LS02122025/438.pdf,
S01,S01,Nagaland,18,state_ut,states,2022,4,4,registered cases (CR),"Total cyber crimes (IT Act + IPC + SLL, NCRB definition)","NCRB 'Crime in India' via MHA reply, Lok Sabha USQ 438 (02.12.2025)",S01_LS_USQ438_2025-12-02_AnnexII_2014-2023.txt,Annexure-II 'State/UT-wise Cases Registered under Cyber Crimes during 2014-2023'; annexure page header 'L.S. US.Q. NO. 438 FOR 02.12.2025'; no printed page no.,https://www.mha.gov.in/MHA1/Par2017/pdfs/par2025-pdfs/LS02122025/438.pdf,S06 footnote: clarifications pending from Nagaland for 2022.
S01,S01,Nagaland,18,state_ut,states,2023,2,2,registered cases (CR),"Total cyber crimes (IT Act + IPC + SLL, NCRB definition)","NCRB 'Crime in India' via MHA reply, Lok Sabha USQ 438 (02.12.2025)",S01_LS_USQ438_2025-12-02_AnnexII_2014-2023.txt,Annexure-II 'State/UT-wise Cases Registered under Cyber Crimes during 2014-2023'; annexure page header 'L.S. US.Q. NO. 438 FOR 02.12.2025'; no printed page no.,https://www.mha.gov.in/MHA1/Par2017/pdfs/par2025-pdfs/LS02122025/438.pdf,
S01,S01,Odisha,19,state_ut,states,2014,124,124,registered cases (CR),"Total cyber crimes (IT Act + IPC + SLL, NCRB definition)","NCRB 'Crime in India' via MHA reply, Lok Sabha USQ 438 (02.12.2025)",S01_LS_USQ438_2025-12-02_AnnexII_2014-2023.txt,Annexure-II 'State/UT-wise Cases Registered under Cyber Crimes during 2014-2023'; annexure page header 'L.S. US.Q. NO. 438 FOR 02.12.2025'; no printed page no.,https://www.mha.gov.in/MHA1/Par2017/pdfs/par2025-pdfs/LS02122025/438.pdf,
S01,S01,Odisha,19,state_ut,states,2015,386,386,registered cases (CR),"Total cyber crimes (IT Act + IPC + SLL, NCRB definition)","NCRB 'Crime in India' via MHA reply, Lok Sabha USQ 438 (02.12.2025)",S01_LS_USQ438_2025-12-02_AnnexII_2014-2023.txt,Annexure-II 'State/UT-wise Cases Registered under Cyber Crimes during 2014-2023'; annexure page header 'L.S. US.Q. NO. 438 FOR 02.12.2025'; no printed page no.,https://www.mha.gov.in/MHA1/Par2017/pdfs/par2025-pdfs/LS02122025/438.pdf,
S01,S01,Odisha,19,state_ut,states,2016,317,317,registered cases (CR),"Total cyber crimes (IT Act + IPC + SLL, NCRB definition)","NCRB 'Crime in India' via MHA reply, Lok Sabha USQ 438 (02.12.2025)",S01_LS_USQ438_2025-12-02_AnnexII_2014-2023.txt,Annexure-II 'State/UT-wise Cases Registered under Cyber Crimes during 2014-2023'; annexure page header 'L.S. US.Q. NO. 438 FOR 02.12.2025'; no printed page no.,https://www.mha.gov.in/MHA1/Par2017/pdfs/par2025-pdfs/LS02122025/438.pdf,
S01,S01,Odisha,19,state_ut,states,2017,824,824,registered cases (CR),"Total cyber crimes (IT Act + IPC + SLL, NCRB definition)","NCRB 'Crime in India' via MHA reply, Lok Sabha USQ 438 (02.12.2025)",S01_LS_USQ438_2025-12-02_AnnexII_2014-2023.txt,Annexure-II 'State/UT-wise Cases Registered under Cyber Crimes during 2014-2023'; annexure page header 'L.S. US.Q. NO. 438 FOR 02.12.2025'; no printed page no.,https://www.mha.gov.in/MHA1/Par2017/pdfs/par2025-pdfs/LS02122025/438.pdf,
S01,S01,Odisha,19,state_ut,states,2018,843,843,registered cases (CR),"Total cyber crimes (IT Act + IPC + SLL, NCRB definition)","NCRB 'Crime in India' via MHA reply, Lok Sabha USQ 438 (02.12.2025)",S01_LS_USQ438_2025-12-02_AnnexII_2014-2023.txt,Annexure-II 'State/UT-wise Cases Registered under Cyber Crimes during 2014-2023'; annexure page header 'L.S. US.Q. NO. 438 FOR 02.12.2025'; no printed page no.,https://www.mha.gov.in/MHA1/Par2017/pdfs/par2025-pdfs/LS02122025/438.pdf,
S01,S01,Odisha,19,state_ut,states,2019,1485,1485,registered cases (CR),"Total cyber crimes (IT Act + IPC + SLL, NCRB definition)","NCRB 'Crime in India' via MHA reply, Lok Sabha USQ 438 (02.12.2025)",S01_LS_USQ438_2025-12-02_AnnexII_2014-2023.txt,Annexure-II 'State/UT-wise Cases Registered under Cyber Crimes during 2014-2023'; annexure page header 'L.S. US.Q. NO. 438 FOR 02.12.2025'; no printed page no.,https://www.mha.gov.in/MHA1/Par2017/pdfs/par2025-pdfs/LS02122025/438.pdf,
S01,S01,Odisha,19,state_ut,states,2020,1931,1931,registered cases (CR),"Total cyber crimes (IT Act + IPC + SLL, NCRB definition)","NCRB 'Crime in India' via MHA reply, Lok Sabha USQ 438 (02.12.2025)",S01_LS_USQ438_2025-12-02_AnnexII_2014-2023.txt,Annexure-II 'State/UT-wise Cases Registered under Cyber Crimes during 2014-2023'; annexure page header 'L.S. US.Q. NO. 438 FOR 02.12.2025'; no printed page no.,https://www.mha.gov.in/MHA1/Par2017/pdfs/par2025-pdfs/LS02122025/438.pdf,
S01,S01,Odisha,19,state_ut,states,2021,2037,2037,registered cases (CR),"Total cyber crimes (IT Act + IPC + SLL, NCRB definition)","NCRB 'Crime in India' via MHA reply, Lok Sabha USQ 438 (02.12.2025)",S01_LS_USQ438_2025-12-02_AnnexII_2014-2023.txt,Annexure-II 'State/UT-wise Cases Registered under Cyber Crimes during 2014-2023'; annexure page header 'L.S. US.Q. NO. 438 FOR 02.12.2025'; no printed page no.,https://www.mha.gov.in/MHA1/Par2017/pdfs/par2025-pdfs/LS02122025/438.pdf,
S01,S01,Odisha,19,state_ut,states,2022,1983,1983,registered cases (CR),"Total cyber crimes (IT Act + IPC + SLL, NCRB definition)","NCRB 'Crime in India' via MHA reply, Lok Sabha USQ 438 (02.12.2025)",S01_LS_USQ438_2025-12-02_AnnexII_2014-2023.txt,Annexure-II 'State/UT-wise Cases Registered under Cyber Crimes during 2014-2023'; annexure page header 'L.S. US.Q. NO. 438 FOR 02.12.2025'; no printed page no.,https://www.mha.gov.in/MHA1/Par2017/pdfs/par2025-pdfs/LS02122025/438.pdf,
S01,S01,Odisha,19,state_ut,states,2023,2348,2348,registered cases (CR),"Total cyber crimes (IT Act + IPC + SLL, NCRB definition)","NCRB 'Crime in India' via MHA reply, Lok Sabha USQ 438 (02.12.2025)",S01_LS_USQ438_2025-12-02_AnnexII_2014-2023.txt,Annexure-II 'State/UT-wise Cases Registered under Cyber Crimes during 2014-2023'; annexure page header 'L.S. US.Q. NO. 438 FOR 02.12.2025'; no printed page no.,https://www.mha.gov.in/MHA1/Par2017/pdfs/par2025-pdfs/LS02122025/438.pdf,
S01,S01,Punjab,20,state_ut,states,2014,226,226,registered cases (CR),"Total cyber crimes (IT Act + IPC + SLL, NCRB definition)","NCRB 'Crime in India' via MHA reply, Lok Sabha USQ 438 (02.12.2025)",S01_LS_USQ438_2025-12-02_AnnexII_2014-2023.txt,Annexure-II 'State/UT-wise Cases Registered under Cyber Crimes during 2014-2023'; annexure page header 'L.S. US.Q. NO. 438 FOR 02.12.2025'; no printed page no.,https://www.mha.gov.in/MHA1/Par2017/pdfs/par2025-pdfs/LS02122025/438.pdf,
S01,S01,Punjab,20,state_ut,states,2015,149,149,registered cases (CR),"Total cyber crimes (IT Act + IPC + SLL, NCRB definition)","NCRB 'Crime in India' via MHA reply, Lok Sabha USQ 438 (02.12.2025)",S01_LS_USQ438_2025-12-02_AnnexII_2014-2023.txt,Annexure-II 'State/UT-wise Cases Registered under Cyber Crimes during 2014-2023'; annexure page header 'L.S. US.Q. NO. 438 FOR 02.12.2025'; no printed page no.,https://www.mha.gov.in/MHA1/Par2017/pdfs/par2025-pdfs/LS02122025/438.pdf,
S01,S01,Punjab,20,state_ut,states,2016,102,102,registered cases (CR),"Total cyber crimes (IT Act + IPC + SLL, NCRB definition)","NCRB 'Crime in India' via MHA reply, Lok Sabha USQ 438 (02.12.2025)",S01_LS_USQ438_2025-12-02_AnnexII_2014-2023.txt,Annexure-II 'State/UT-wise Cases Registered under Cyber Crimes during 2014-2023'; annexure page header 'L.S. US.Q. NO. 438 FOR 02.12.2025'; no printed page no.,https://www.mha.gov.in/MHA1/Par2017/pdfs/par2025-pdfs/LS02122025/438.pdf,
S01,S01,Punjab,20,state_ut,states,2017,176,176,registered cases (CR),"Total cyber crimes (IT Act + IPC + SLL, NCRB definition)","NCRB 'Crime in India' via MHA reply, Lok Sabha USQ 438 (02.12.2025)",S01_LS_USQ438_2025-12-02_AnnexII_2014-2023.txt,Annexure-II 'State/UT-wise Cases Registered under Cyber Crimes during 2014-2023'; annexure page header 'L.S. US.Q. NO. 438 FOR 02.12.2025'; no printed page no.,https://www.mha.gov.in/MHA1/Par2017/pdfs/par2025-pdfs/LS02122025/438.pdf,
S01,S01,Punjab,20,state_ut,states,2018,239,239,registered cases (CR),"Total cyber crimes (IT Act + IPC + SLL, NCRB definition)","NCRB 'Crime in India' via MHA reply, Lok Sabha USQ 438 (02.12.2025)",S01_LS_USQ438_2025-12-02_AnnexII_2014-2023.txt,Annexure-II 'State/UT-wise Cases Registered under Cyber Crimes during 2014-2023'; annexure page header 'L.S. US.Q. NO. 438 FOR 02.12.2025'; no printed page no.,https://www.mha.gov.in/MHA1/Par2017/pdfs/par2025-pdfs/LS02122025/438.pdf,
S01,S01,Punjab,20,state_ut,states,2019,243,243,registered cases (CR),"Total cyber crimes (IT Act + IPC + SLL, NCRB definition)","NCRB 'Crime in India' via MHA reply, Lok Sabha USQ 438 (02.12.2025)",S01_LS_USQ438_2025-12-02_AnnexII_2014-2023.txt,Annexure-II 'State/UT-wise Cases Registered under Cyber Crimes during 2014-2023'; annexure page header 'L.S. US.Q. NO. 438 FOR 02.12.2025'; no printed page no.,https://www.mha.gov.in/MHA1/Par2017/pdfs/par2025-pdfs/LS02122025/438.pdf,
S01,S01,Punjab,20,state_ut,states,2020,378,378,registered cases (CR),"Total cyber crimes (IT Act + IPC + SLL, NCRB definition)","NCRB 'Crime in India' via MHA reply, Lok Sabha USQ 438 (02.12.2025)",S01_LS_USQ438_2025-12-02_AnnexII_2014-2023.txt,Annexure-II 'State/UT-wise Cases Registered under Cyber Crimes during 2014-2023'; annexure page header 'L.S. US.Q. NO. 438 FOR 02.12.2025'; no printed page no.,https://www.mha.gov.in/MHA1/Par2017/pdfs/par2025-pdfs/LS02122025/438.pdf,
S01,S01,Punjab,20,state_ut,states,2021,551,551,registered cases (CR),"Total cyber crimes (IT Act + IPC + SLL, NCRB definition)","NCRB 'Crime in India' via MHA reply, Lok Sabha USQ 438 (02.12.2025)",S01_LS_USQ438_2025-12-02_AnnexII_2014-2023.txt,Annexure-II 'State/UT-wise Cases Registered under Cyber Crimes during 2014-2023'; annexure page header 'L.S. US.Q. NO. 438 FOR 02.12.2025'; no printed page no.,https://www.mha.gov.in/MHA1/Par2017/pdfs/par2025-pdfs/LS02122025/438.pdf,
S01,S01,Punjab,20,state_ut,states,2022,697,697,registered cases (CR),"Total cyber crimes (IT Act + IPC + SLL, NCRB definition)","NCRB 'Crime in India' via MHA reply, Lok Sabha USQ 438 (02.12.2025)",S01_LS_USQ438_2025-12-02_AnnexII_2014-2023.txt,Annexure-II 'State/UT-wise Cases Registered under Cyber Crimes during 2014-2023'; annexure page header 'L.S. US.Q. NO. 438 FOR 02.12.2025'; no printed page no.,https://www.mha.gov.in/MHA1/Par2017/pdfs/par2025-pdfs/LS02122025/438.pdf,
S01,S01,Punjab,20,state_ut,states,2023,511,511,registered cases (CR),"Total cyber crimes (IT Act + IPC + SLL, NCRB definition)","NCRB 'Crime in India' via MHA reply, Lok Sabha USQ 438 (02.12.2025)",S01_LS_USQ438_2025-12-02_AnnexII_2014-2023.txt,Annexure-II 'State/UT-wise Cases Registered under Cyber Crimes during 2014-2023'; annexure page header 'L.S. US.Q. NO. 438 FOR 02.12.2025'; no printed page no.,https://www.mha.gov.in/MHA1/Par2017/pdfs/par2025-pdfs/LS02122025/438.pdf,
S01,S01,Rajasthan,21,state_ut,states,2014,697,697,registered cases (CR),"Total cyber crimes (IT Act + IPC + SLL, NCRB definition)","NCRB 'Crime in India' via MHA reply, Lok Sabha USQ 438 (02.12.2025)",S01_LS_USQ438_2025-12-02_AnnexII_2014-2023.txt,Annexure-II 'State/UT-wise Cases Registered under Cyber Crimes during 2014-2023'; annexure page header 'L.S. US.Q. NO. 438 FOR 02.12.2025'; no printed page no.,https://www.mha.gov.in/MHA1/Par2017/pdfs/par2025-pdfs/LS02122025/438.pdf,
S01,S01,Rajasthan,21,state_ut,states,2015,949,949,registered cases (CR),"Total cyber crimes (IT Act + IPC + SLL, NCRB definition)","NCRB 'Crime in India' via MHA reply, Lok Sabha USQ 438 (02.12.2025)",S01_LS_USQ438_2025-12-02_AnnexII_2014-2023.txt,Annexure-II 'State/UT-wise Cases Registered under Cyber Crimes during 2014-2023'; annexure page header 'L.S. US.Q. NO. 438 FOR 02.12.2025'; no printed page no.,https://www.mha.gov.in/MHA1/Par2017/pdfs/par2025-pdfs/LS02122025/438.pdf,
S01,S01,Rajasthan,21,state_ut,states,2016,941,941,registered cases (CR),"Total cyber crimes (IT Act + IPC + SLL, NCRB definition)","NCRB 'Crime in India' via MHA reply, Lok Sabha USQ 438 (02.12.2025)",S01_LS_USQ438_2025-12-02_AnnexII_2014-2023.txt,Annexure-II 'State/UT-wise Cases Registered under Cyber Crimes during 2014-2023'; annexure page header 'L.S. US.Q. NO. 438 FOR 02.12.2025'; no printed page no.,https://www.mha.gov.in/MHA1/Par2017/pdfs/par2025-pdfs/LS02122025/438.pdf,
S01,S01,Rajasthan,21,state_ut,states,2017,1304,1304,registered cases (CR),"Total cyber crimes (IT Act + IPC + SLL, NCRB definition)","NCRB 'Crime in India' via MHA reply, Lok Sabha USQ 438 (02.12.2025)",S01_LS_USQ438_2025-12-02_AnnexII_2014-2023.txt,Annexure-II 'State/UT-wise Cases Registered under Cyber Crimes during 2014-2023'; annexure page header 'L.S. US.Q. NO. 438 FOR 02.12.2025'; no printed page no.,https://www.mha.gov.in/MHA1/Par2017/pdfs/par2025-pdfs/LS02122025/438.pdf,
S01,S01,Rajasthan,21,state_ut,states,2018,1104,1104,registered cases (CR),"Total cyber crimes (IT Act + IPC + SLL, NCRB definition)","NCRB 'Crime in India' via MHA reply, Lok Sabha USQ 438 (02.12.2025)",S01_LS_USQ438_2025-12-02_AnnexII_2014-2023.txt,Annexure-II 'State/UT-wise Cases Registered under Cyber Crimes during 2014-2023'; annexure page header 'L.S. US.Q. NO. 438 FOR 02.12.2025'; no printed page no.,https://www.mha.gov.in/MHA1/Par2017/pdfs/par2025-pdfs/LS02122025/438.pdf,
S01,S01,Rajasthan,21,state_ut,states,2019,1762,1762,registered cases (CR),"Total cyber crimes (IT Act + IPC + SLL, NCRB definition)","NCRB 'Crime in India' via MHA reply, Lok Sabha USQ 438 (02.12.2025)",S01_LS_USQ438_2025-12-02_AnnexII_2014-2023.txt,Annexure-II 'State/UT-wise Cases Registered under Cyber Crimes during 2014-2023'; annexure page header 'L.S. US.Q. NO. 438 FOR 02.12.2025'; no printed page no.,https://www.mha.gov.in/MHA1/Par2017/pdfs/par2025-pdfs/LS02122025/438.pdf,
S01,S01,Rajasthan,21,state_ut,states,2020,1354,1354,registered cases (CR),"Total cyber crimes (IT Act + IPC + SLL, NCRB definition)","NCRB 'Crime in India' via MHA reply, Lok Sabha USQ 438 (02.12.2025)",S01_LS_USQ438_2025-12-02_AnnexII_2014-2023.txt,Annexure-II 'State/UT-wise Cases Registered under Cyber Crimes during 2014-2023'; annexure page header 'L.S. US.Q. NO. 438 FOR 02.12.2025'; no printed page no.,https://www.mha.gov.in/MHA1/Par2017/pdfs/par2025-pdfs/LS02122025/438.pdf,
S01,S01,Rajasthan,21,state_ut,states,2021,1504,1504,registered cases (CR),"Total cyber crimes (IT Act + IPC + SLL, NCRB definition)","NCRB 'Crime in India' via MHA reply, Lok Sabha USQ 438 (02.12.2025)",S01_LS_USQ438_2025-12-02_AnnexII_2014-2023.txt,Annexure-II 'State/UT-wise Cases Registered under Cyber Crimes during 2014-2023'; annexure page header 'L.S. US.Q. NO. 438 FOR 02.12.2025'; no printed page no.,https://www.mha.gov.in/MHA1/Par2017/pdfs/par2025-pdfs/LS02122025/438.pdf,
S01,S01,Rajasthan,21,state_ut,states,2022,1833,1833,registered cases (CR),"Total cyber crimes (IT Act + IPC + SLL, NCRB definition)","NCRB 'Crime in India' via MHA reply, Lok Sabha USQ 438 (02.12.2025)",S01_LS_USQ438_2025-12-02_AnnexII_2014-2023.txt,Annexure-II 'State/UT-wise Cases Registered under Cyber Crimes during 2014-2023'; annexure page header 'L.S. US.Q. NO. 438 FOR 02.12.2025'; no printed page no.,https://www.mha.gov.in/MHA1/Par2017/pdfs/par2025-pdfs/LS02122025/438.pdf,
S01,S01,Rajasthan,21,state_ut,states,2023,2435,2435,registered cases (CR),"Total cyber crimes (IT Act + IPC + SLL, NCRB definition)","NCRB 'Crime in India' via MHA reply, Lok Sabha USQ 438 (02.12.2025)",S01_LS_USQ438_2025-12-02_AnnexII_2014-2023.txt,Annexure-II 'State/UT-wise Cases Registered under Cyber Crimes during 2014-2023'; annexure page header 'L.S. US.Q. NO. 438 FOR 02.12.2025'; no printed page no.,https://www.mha.gov.in/MHA1/Par2017/pdfs/par2025-pdfs/LS02122025/438.pdf,
S01,S01,Sikkim,22,state_ut,states,2014,4,4,registered cases (CR),"Total cyber crimes (IT Act + IPC + SLL, NCRB definition)","NCRB 'Crime in India' via MHA reply, Lok Sabha USQ 438 (02.12.2025)",S01_LS_USQ438_2025-12-02_AnnexII_2014-2023.txt,Annexure-II 'State/UT-wise Cases Registered under Cyber Crimes during 2014-2023'; annexure page header 'L.S. US.Q. NO. 438 FOR 02.12.2025'; no printed page no.,https://www.mha.gov.in/MHA1/Par2017/pdfs/par2025-pdfs/LS02122025/438.pdf,
S01,S01,Sikkim,22,state_ut,states,2015,1,1,registered cases (CR),"Total cyber crimes (IT Act + IPC + SLL, NCRB definition)","NCRB 'Crime in India' via MHA reply, Lok Sabha USQ 438 (02.12.2025)",S01_LS_USQ438_2025-12-02_AnnexII_2014-2023.txt,Annexure-II 'State/UT-wise Cases Registered under Cyber Crimes during 2014-2023'; annexure page header 'L.S. US.Q. NO. 438 FOR 02.12.2025'; no printed page no.,https://www.mha.gov.in/MHA1/Par2017/pdfs/par2025-pdfs/LS02122025/438.pdf,
S01,S01,Sikkim,22,state_ut,states,2016,1,1,registered cases (CR),"Total cyber crimes (IT Act + IPC + SLL, NCRB definition)","NCRB 'Crime in India' via MHA reply, Lok Sabha USQ 438 (02.12.2025)",S01_LS_USQ438_2025-12-02_AnnexII_2014-2023.txt,Annexure-II 'State/UT-wise Cases Registered under Cyber Crimes during 2014-2023'; annexure page header 'L.S. US.Q. NO. 438 FOR 02.12.2025'; no printed page no.,https://www.mha.gov.in/MHA1/Par2017/pdfs/par2025-pdfs/LS02122025/438.pdf,
S01,S01,Sikkim,22,state_ut,states,2017,1,1,registered cases (CR),"Total cyber crimes (IT Act + IPC + SLL, NCRB definition)","NCRB 'Crime in India' via MHA reply, Lok Sabha USQ 438 (02.12.2025)",S01_LS_USQ438_2025-12-02_AnnexII_2014-2023.txt,Annexure-II 'State/UT-wise Cases Registered under Cyber Crimes during 2014-2023'; annexure page header 'L.S. US.Q. NO. 438 FOR 02.12.2025'; no printed page no.,https://www.mha.gov.in/MHA1/Par2017/pdfs/par2025-pdfs/LS02122025/438.pdf,
S01,S01,Sikkim,22,state_ut,states,2018,1,1,registered cases (CR),"Total cyber crimes (IT Act + IPC + SLL, NCRB definition)","NCRB 'Crime in India' via MHA reply, Lok Sabha USQ 438 (02.12.2025)",S01_LS_USQ438_2025-12-02_AnnexII_2014-2023.txt,Annexure-II 'State/UT-wise Cases Registered under Cyber Crimes during 2014-2023'; annexure page header 'L.S. US.Q. NO. 438 FOR 02.12.2025'; no printed page no.,https://www.mha.gov.in/MHA1/Par2017/pdfs/par2025-pdfs/LS02122025/438.pdf,
S01,S01,Sikkim,22,state_ut,states,2019,2,2,registered cases (CR),"Total cyber crimes (IT Act + IPC + SLL, NCRB definition)","NCRB 'Crime in India' via MHA reply, Lok Sabha USQ 438 (02.12.2025)",S01_LS_USQ438_2025-12-02_AnnexII_2014-2023.txt,Annexure-II 'State/UT-wise Cases Registered under Cyber Crimes during 2014-2023'; annexure page header 'L.S. US.Q. NO. 438 FOR 02.12.2025'; no printed page no.,https://www.mha.gov.in/MHA1/Par2017/pdfs/par2025-pdfs/LS02122025/438.pdf,
S01,S01,Sikkim,22,state_ut,states,2020,0,0,registered cases (CR),"Total cyber crimes (IT Act + IPC + SLL, NCRB definition)","NCRB 'Crime in India' via MHA reply, Lok Sabha USQ 438 (02.12.2025)",S01_LS_USQ438_2025-12-02_AnnexII_2014-2023.txt,Annexure-II 'State/UT-wise Cases Registered under Cyber Crimes during 2014-2023'; annexure page header 'L.S. US.Q. NO. 438 FOR 02.12.2025'; no printed page no.,https://www.mha.gov.in/MHA1/Par2017/pdfs/par2025-pdfs/LS02122025/438.pdf,
S01,S01,Sikkim,22,state_ut,states,2021,0,0,registered cases (CR),"Total cyber crimes (IT Act + IPC + SLL, NCRB definition)","NCRB 'Crime in India' via MHA reply, Lok Sabha USQ 438 (02.12.2025)",S01_LS_USQ438_2025-12-02_AnnexII_2014-2023.txt,Annexure-II 'State/UT-wise Cases Registered under Cyber Crimes during 2014-2023'; annexure page header 'L.S. US.Q. NO. 438 FOR 02.12.2025'; no printed page no.,https://www.mha.gov.in/MHA1/Par2017/pdfs/par2025-pdfs/LS02122025/438.pdf,
S01,S01,Sikkim,22,state_ut,states,2022,26,26,registered cases (CR),"Total cyber crimes (IT Act + IPC + SLL, NCRB definition)","NCRB 'Crime in India' via MHA reply, Lok Sabha USQ 438 (02.12.2025)",S01_LS_USQ438_2025-12-02_AnnexII_2014-2023.txt,Annexure-II 'State/UT-wise Cases Registered under Cyber Crimes during 2014-2023'; annexure page header 'L.S. US.Q. NO. 438 FOR 02.12.2025'; no printed page no.,https://www.mha.gov.in/MHA1/Par2017/pdfs/par2025-pdfs/LS02122025/438.pdf,
S01,S01,Sikkim,22,state_ut,states,2023,12,12,registered cases (CR),"Total cyber crimes (IT Act + IPC + SLL, NCRB definition)","NCRB 'Crime in India' via MHA reply, Lok Sabha USQ 438 (02.12.2025)",S01_LS_USQ438_2025-12-02_AnnexII_2014-2023.txt,Annexure-II 'State/UT-wise Cases Registered under Cyber Crimes during 2014-2023'; annexure page header 'L.S. US.Q. NO. 438 FOR 02.12.2025'; no printed page no.,https://www.mha.gov.in/MHA1/Par2017/pdfs/par2025-pdfs/LS02122025/438.pdf,
S01,S01,Tamil Nadu,23,state_ut,states,2014,172,172,registered cases (CR),"Total cyber crimes (IT Act + IPC + SLL, NCRB definition)","NCRB 'Crime in India' via MHA reply, Lok Sabha USQ 438 (02.12.2025)",S01_LS_USQ438_2025-12-02_AnnexII_2014-2023.txt,Annexure-II 'State/UT-wise Cases Registered under Cyber Crimes during 2014-2023'; annexure page header 'L.S. US.Q. NO. 438 FOR 02.12.2025'; no printed page no.,https://www.mha.gov.in/MHA1/Par2017/pdfs/par2025-pdfs/LS02122025/438.pdf,
S01,S01,Tamil Nadu,23,state_ut,states,2015,142,142,registered cases (CR),"Total cyber crimes (IT Act + IPC + SLL, NCRB definition)","NCRB 'Crime in India' via MHA reply, Lok Sabha USQ 438 (02.12.2025)",S01_LS_USQ438_2025-12-02_AnnexII_2014-2023.txt,Annexure-II 'State/UT-wise Cases Registered under Cyber Crimes during 2014-2023'; annexure page header 'L.S. US.Q. NO. 438 FOR 02.12.2025'; no printed page no.,https://www.mha.gov.in/MHA1/Par2017/pdfs/par2025-pdfs/LS02122025/438.pdf,
S01,S01,Tamil Nadu,23,state_ut,states,2016,144,144,registered cases (CR),"Total cyber crimes (IT Act + IPC + SLL, NCRB definition)","NCRB 'Crime in India' via MHA reply, Lok Sabha USQ 438 (02.12.2025)",S01_LS_USQ438_2025-12-02_AnnexII_2014-2023.txt,Annexure-II 'State/UT-wise Cases Registered under Cyber Crimes during 2014-2023'; annexure page header 'L.S. US.Q. NO. 438 FOR 02.12.2025'; no printed page no.,https://www.mha.gov.in/MHA1/Par2017/pdfs/par2025-pdfs/LS02122025/438.pdf,
S01,S01,Tamil Nadu,23,state_ut,states,2017,228,228,registered cases (CR),"Total cyber crimes (IT Act + IPC + SLL, NCRB definition)","NCRB 'Crime in India' via MHA reply, Lok Sabha USQ 438 (02.12.2025)",S01_LS_USQ438_2025-12-02_AnnexII_2014-2023.txt,Annexure-II 'State/UT-wise Cases Registered under Cyber Crimes during 2014-2023'; annexure page header 'L.S. US.Q. NO. 438 FOR 02.12.2025'; no printed page no.,https://www.mha.gov.in/MHA1/Par2017/pdfs/par2025-pdfs/LS02122025/438.pdf,
S01,S01,Tamil Nadu,23,state_ut,states,2018,295,295,registered cases (CR),"Total cyber crimes (IT Act + IPC + SLL, NCRB definition)","NCRB 'Crime in India' via MHA reply, Lok Sabha USQ 438 (02.12.2025)",S01_LS_USQ438_2025-12-02_AnnexII_2014-2023.txt,Annexure-II 'State/UT-wise Cases Registered under Cyber Crimes during 2014-2023'; annexure page header 'L.S. US.Q. NO. 438 FOR 02.12.2025'; no printed page no.,https://www.mha.gov.in/MHA1/Par2017/pdfs/par2025-pdfs/LS02122025/438.pdf,
S01,S01,Tamil Nadu,23,state_ut,states,2019,385,385,registered cases (CR),"Total cyber crimes (IT Act + IPC + SLL, NCRB definition)","NCRB 'Crime in India' via MHA reply, Lok Sabha USQ 438 (02.12.2025)",S01_LS_USQ438_2025-12-02_AnnexII_2014-2023.txt,Annexure-II 'State/UT-wise Cases Registered under Cyber Crimes during 2014-2023'; annexure page header 'L.S. US.Q. NO. 438 FOR 02.12.2025'; no printed page no.,https://www.mha.gov.in/MHA1/Par2017/pdfs/par2025-pdfs/LS02122025/438.pdf,
S01,S01,Tamil Nadu,23,state_ut,states,2020,782,782,registered cases (CR),"Total cyber crimes (IT Act + IPC + SLL, NCRB definition)","NCRB 'Crime in India' via MHA reply, Lok Sabha USQ 438 (02.12.2025)",S01_LS_USQ438_2025-12-02_AnnexII_2014-2023.txt,Annexure-II 'State/UT-wise Cases Registered under Cyber Crimes during 2014-2023'; annexure page header 'L.S. US.Q. NO. 438 FOR 02.12.2025'; no printed page no.,https://www.mha.gov.in/MHA1/Par2017/pdfs/par2025-pdfs/LS02122025/438.pdf,
S01,S01,Tamil Nadu,23,state_ut,states,2021,1076,1076,registered cases (CR),"Total cyber crimes (IT Act + IPC + SLL, NCRB definition)","NCRB 'Crime in India' via MHA reply, Lok Sabha USQ 438 (02.12.2025)",S01_LS_USQ438_2025-12-02_AnnexII_2014-2023.txt,Annexure-II 'State/UT-wise Cases Registered under Cyber Crimes during 2014-2023'; annexure page header 'L.S. US.Q. NO. 438 FOR 02.12.2025'; no printed page no.,https://www.mha.gov.in/MHA1/Par2017/pdfs/par2025-pdfs/LS02122025/438.pdf,
S01,S01,Tamil Nadu,23,state_ut,states,2022,2082,2082,registered cases (CR),"Total cyber crimes (IT Act + IPC + SLL, NCRB definition)","NCRB 'Crime in India' via MHA reply, Lok Sabha USQ 438 (02.12.2025)",S01_LS_USQ438_2025-12-02_AnnexII_2014-2023.txt,Annexure-II 'State/UT-wise Cases Registered under Cyber Crimes during 2014-2023'; annexure page header 'L.S. US.Q. NO. 438 FOR 02.12.2025'; no printed page no.,https://www.mha.gov.in/MHA1/Par2017/pdfs/par2025-pdfs/LS02122025/438.pdf,
S01,S01,Tamil Nadu,23,state_ut,states,2023,4121,4121,registered cases (CR),"Total cyber crimes (IT Act + IPC + SLL, NCRB definition)","NCRB 'Crime in India' via MHA reply, Lok Sabha USQ 438 (02.12.2025)",S01_LS_USQ438_2025-12-02_AnnexII_2014-2023.txt,Annexure-II 'State/UT-wise Cases Registered under Cyber Crimes during 2014-2023'; annexure page header 'L.S. US.Q. NO. 438 FOR 02.12.2025'; no printed page no.,https://www.mha.gov.in/MHA1/Par2017/pdfs/par2025-pdfs/LS02122025/438.pdf,
S01,S01,Telangana,24,state_ut,states,2014,703,703,registered cases (CR),"Total cyber crimes (IT Act + IPC + SLL, NCRB definition)","NCRB 'Crime in India' via MHA reply, Lok Sabha USQ 438 (02.12.2025)",S01_LS_USQ438_2025-12-02_AnnexII_2014-2023.txt,Annexure-II 'State/UT-wise Cases Registered under Cyber Crimes during 2014-2023'; annexure page header 'L.S. US.Q. NO. 438 FOR 02.12.2025'; no printed page no.,https://www.mha.gov.in/MHA1/Par2017/pdfs/par2025-pdfs/LS02122025/438.pdf,Telangana formed 02.06.2014; check Crime in India 2014 for how pre-formation cases were split with Andhra Pradesh.
S01,S01,Telangana,24,state_ut,states,2015,687,687,registered cases (CR),"Total cyber crimes (IT Act + IPC + SLL, NCRB definition)","NCRB 'Crime in India' via MHA reply, Lok Sabha USQ 438 (02.12.2025)",S01_LS_USQ438_2025-12-02_AnnexII_2014-2023.txt,Annexure-II 'State/UT-wise Cases Registered under Cyber Crimes during 2014-2023'; annexure page header 'L.S. US.Q. NO. 438 FOR 02.12.2025'; no printed page no.,https://www.mha.gov.in/MHA1/Par2017/pdfs/par2025-pdfs/LS02122025/438.pdf,
S01,S01,Telangana,24,state_ut,states,2016,593,593,registered cases (CR),"Total cyber crimes (IT Act + IPC + SLL, NCRB definition)","NCRB 'Crime in India' via MHA reply, Lok Sabha USQ 438 (02.12.2025)",S01_LS_USQ438_2025-12-02_AnnexII_2014-2023.txt,Annexure-II 'State/UT-wise Cases Registered under Cyber Crimes during 2014-2023'; annexure page header 'L.S. US.Q. NO. 438 FOR 02.12.2025'; no printed page no.,https://www.mha.gov.in/MHA1/Par2017/pdfs/par2025-pdfs/LS02122025/438.pdf,
S01,S01,Telangana,24,state_ut,states,2017,1209,1209,registered cases (CR),"Total cyber crimes (IT Act + IPC + SLL, NCRB definition)","NCRB 'Crime in India' via MHA reply, Lok Sabha USQ 438 (02.12.2025)",S01_LS_USQ438_2025-12-02_AnnexII_2014-2023.txt,Annexure-II 'State/UT-wise Cases Registered under Cyber Crimes during 2014-2023'; annexure page header 'L.S. US.Q. NO. 438 FOR 02.12.2025'; no printed page no.,https://www.mha.gov.in/MHA1/Par2017/pdfs/par2025-pdfs/LS02122025/438.pdf,
S01,S01,Telangana,24,state_ut,states,2018,1205,1205,registered cases (CR),"Total cyber crimes (IT Act + IPC + SLL, NCRB definition)","NCRB 'Crime in India' via MHA reply, Lok Sabha USQ 438 (02.12.2025)",S01_LS_USQ438_2025-12-02_AnnexII_2014-2023.txt,Annexure-II 'State/UT-wise Cases Registered under Cyber Crimes during 2014-2023'; annexure page header 'L.S. US.Q. NO. 438 FOR 02.12.2025'; no printed page no.,https://www.mha.gov.in/MHA1/Par2017/pdfs/par2025-pdfs/LS02122025/438.pdf,
S01,S01,Telangana,24,state_ut,states,2019,2691,2691,registered cases (CR),"Total cyber crimes (IT Act + IPC + SLL, NCRB definition)","NCRB 'Crime in India' via MHA reply, Lok Sabha USQ 438 (02.12.2025)",S01_LS_USQ438_2025-12-02_AnnexII_2014-2023.txt,Annexure-II 'State/UT-wise Cases Registered under Cyber Crimes during 2014-2023'; annexure page header 'L.S. US.Q. NO. 438 FOR 02.12.2025'; no printed page no.,https://www.mha.gov.in/MHA1/Par2017/pdfs/par2025-pdfs/LS02122025/438.pdf,
S01,S01,Telangana,24,state_ut,states,2020,5024,5024,registered cases (CR),"Total cyber crimes (IT Act + IPC + SLL, NCRB definition)","NCRB 'Crime in India' via MHA reply, Lok Sabha USQ 438 (02.12.2025)",S01_LS_USQ438_2025-12-02_AnnexII_2014-2023.txt,Annexure-II 'State/UT-wise Cases Registered under Cyber Crimes during 2014-2023'; annexure page header 'L.S. US.Q. NO. 438 FOR 02.12.2025'; no printed page no.,https://www.mha.gov.in/MHA1/Par2017/pdfs/par2025-pdfs/LS02122025/438.pdf,
S01,S01,Telangana,24,state_ut,states,2021,10303,10303,registered cases (CR),"Total cyber crimes (IT Act + IPC + SLL, NCRB definition)","NCRB 'Crime in India' via MHA reply, Lok Sabha USQ 438 (02.12.2025)",S01_LS_USQ438_2025-12-02_AnnexII_2014-2023.txt,Annexure-II 'State/UT-wise Cases Registered under Cyber Crimes during 2014-2023'; annexure page header 'L.S. US.Q. NO. 438 FOR 02.12.2025'; no printed page no.,https://www.mha.gov.in/MHA1/Par2017/pdfs/par2025-pdfs/LS02122025/438.pdf,
S01,S01,Telangana,24,state_ut,states,2022,15297,15297,registered cases (CR),"Total cyber crimes (IT Act + IPC + SLL, NCRB definition)","NCRB 'Crime in India' via MHA reply, Lok Sabha USQ 438 (02.12.2025)",S01_LS_USQ438_2025-12-02_AnnexII_2014-2023.txt,Annexure-II 'State/UT-wise Cases Registered under Cyber Crimes during 2014-2023'; annexure page header 'L.S. US.Q. NO. 438 FOR 02.12.2025'; no printed page no.,https://www.mha.gov.in/MHA1/Par2017/pdfs/par2025-pdfs/LS02122025/438.pdf,
S01,S01,Telangana,24,state_ut,states,2023,18236,18236,registered cases (CR),"Total cyber crimes (IT Act + IPC + SLL, NCRB definition)","NCRB 'Crime in India' via MHA reply, Lok Sabha USQ 438 (02.12.2025)",S01_LS_USQ438_2025-12-02_AnnexII_2014-2023.txt,Annexure-II 'State/UT-wise Cases Registered under Cyber Crimes during 2014-2023'; annexure page header 'L.S. US.Q. NO. 438 FOR 02.12.2025'; no printed page no.,https://www.mha.gov.in/MHA1/Par2017/pdfs/par2025-pdfs/LS02122025/438.pdf,
S01,S01,Tripura,25,state_ut,states,2014,5,5,registered cases (CR),"Total cyber crimes (IT Act + IPC + SLL, NCRB definition)","NCRB 'Crime in India' via MHA reply, Lok Sabha USQ 438 (02.12.2025)",S01_LS_USQ438_2025-12-02_AnnexII_2014-2023.txt,Annexure-II 'State/UT-wise Cases Registered under Cyber Crimes during 2014-2023'; annexure page header 'L.S. US.Q. NO. 438 FOR 02.12.2025'; no printed page no.,https://www.mha.gov.in/MHA1/Par2017/pdfs/par2025-pdfs/LS02122025/438.pdf,
S01,S01,Tripura,25,state_ut,states,2015,13,13,registered cases (CR),"Total cyber crimes (IT Act + IPC + SLL, NCRB definition)","NCRB 'Crime in India' via MHA reply, Lok Sabha USQ 438 (02.12.2025)",S01_LS_USQ438_2025-12-02_AnnexII_2014-2023.txt,Annexure-II 'State/UT-wise Cases Registered under Cyber Crimes during 2014-2023'; annexure page header 'L.S. US.Q. NO. 438 FOR 02.12.2025'; no printed page no.,https://www.mha.gov.in/MHA1/Par2017/pdfs/par2025-pdfs/LS02122025/438.pdf,
S01,S01,Tripura,25,state_ut,states,2016,8,8,registered cases (CR),"Total cyber crimes (IT Act + IPC + SLL, NCRB definition)","NCRB 'Crime in India' via MHA reply, Lok Sabha USQ 438 (02.12.2025)",S01_LS_USQ438_2025-12-02_AnnexII_2014-2023.txt,Annexure-II 'State/UT-wise Cases Registered under Cyber Crimes during 2014-2023'; annexure page header 'L.S. US.Q. NO. 438 FOR 02.12.2025'; no printed page no.,https://www.mha.gov.in/MHA1/Par2017/pdfs/par2025-pdfs/LS02122025/438.pdf,
S01,S01,Tripura,25,state_ut,states,2017,7,7,registered cases (CR),"Total cyber crimes (IT Act + IPC + SLL, NCRB definition)","NCRB 'Crime in India' via MHA reply, Lok Sabha USQ 438 (02.12.2025)",S01_LS_USQ438_2025-12-02_AnnexII_2014-2023.txt,Annexure-II 'State/UT-wise Cases Registered under Cyber Crimes during 2014-2023'; annexure page header 'L.S. US.Q. NO. 438 FOR 02.12.2025'; no printed page no.,https://www.mha.gov.in/MHA1/Par2017/pdfs/par2025-pdfs/LS02122025/438.pdf,
S01,S01,Tripura,25,state_ut,states,2018,20,20,registered cases (CR),"Total cyber crimes (IT Act + IPC + SLL, NCRB definition)","NCRB 'Crime in India' via MHA reply, Lok Sabha USQ 438 (02.12.2025)",S01_LS_USQ438_2025-12-02_AnnexII_2014-2023.txt,Annexure-II 'State/UT-wise Cases Registered under Cyber Crimes during 2014-2023'; annexure page header 'L.S. US.Q. NO. 438 FOR 02.12.2025'; no printed page no.,https://www.mha.gov.in/MHA1/Par2017/pdfs/par2025-pdfs/LS02122025/438.pdf,
S01,S01,Tripura,25,state_ut,states,2019,20,20,registered cases (CR),"Total cyber crimes (IT Act + IPC + SLL, NCRB definition)","NCRB 'Crime in India' via MHA reply, Lok Sabha USQ 438 (02.12.2025)",S01_LS_USQ438_2025-12-02_AnnexII_2014-2023.txt,Annexure-II 'State/UT-wise Cases Registered under Cyber Crimes during 2014-2023'; annexure page header 'L.S. US.Q. NO. 438 FOR 02.12.2025'; no printed page no.,https://www.mha.gov.in/MHA1/Par2017/pdfs/par2025-pdfs/LS02122025/438.pdf,
S01,S01,Tripura,25,state_ut,states,2020,34,34,registered cases (CR),"Total cyber crimes (IT Act + IPC + SLL, NCRB definition)","NCRB 'Crime in India' via MHA reply, Lok Sabha USQ 438 (02.12.2025)",S01_LS_USQ438_2025-12-02_AnnexII_2014-2023.txt,Annexure-II 'State/UT-wise Cases Registered under Cyber Crimes during 2014-2023'; annexure page header 'L.S. US.Q. NO. 438 FOR 02.12.2025'; no printed page no.,https://www.mha.gov.in/MHA1/Par2017/pdfs/par2025-pdfs/LS02122025/438.pdf,
S01,S01,Tripura,25,state_ut,states,2021,24,24,registered cases (CR),"Total cyber crimes (IT Act + IPC + SLL, NCRB definition)","NCRB 'Crime in India' via MHA reply, Lok Sabha USQ 438 (02.12.2025)",S01_LS_USQ438_2025-12-02_AnnexII_2014-2023.txt,Annexure-II 'State/UT-wise Cases Registered under Cyber Crimes during 2014-2023'; annexure page header 'L.S. US.Q. NO. 438 FOR 02.12.2025'; no printed page no.,https://www.mha.gov.in/MHA1/Par2017/pdfs/par2025-pdfs/LS02122025/438.pdf,
S01,S01,Tripura,25,state_ut,states,2022,30,30,registered cases (CR),"Total cyber crimes (IT Act + IPC + SLL, NCRB definition)","NCRB 'Crime in India' via MHA reply, Lok Sabha USQ 438 (02.12.2025)",S01_LS_USQ438_2025-12-02_AnnexII_2014-2023.txt,Annexure-II 'State/UT-wise Cases Registered under Cyber Crimes during 2014-2023'; annexure page header 'L.S. US.Q. NO. 438 FOR 02.12.2025'; no printed page no.,https://www.mha.gov.in/MHA1/Par2017/pdfs/par2025-pdfs/LS02122025/438.pdf,
S01,S01,Tripura,25,state_ut,states,2023,36,36,registered cases (CR),"Total cyber crimes (IT Act + IPC + SLL, NCRB definition)","NCRB 'Crime in India' via MHA reply, Lok Sabha USQ 438 (02.12.2025)",S01_LS_USQ438_2025-12-02_AnnexII_2014-2023.txt,Annexure-II 'State/UT-wise Cases Registered under Cyber Crimes during 2014-2023'; annexure page header 'L.S. US.Q. NO. 438 FOR 02.12.2025'; no printed page no.,https://www.mha.gov.in/MHA1/Par2017/pdfs/par2025-pdfs/LS02122025/438.pdf,
S01,S01,Uttar Pradesh,26,state_ut,states,2014,1737,1737,registered cases (CR),"Total cyber crimes (IT Act + IPC + SLL, NCRB definition)","NCRB 'Crime in India' via MHA reply, Lok Sabha USQ 438 (02.12.2025)",S01_LS_USQ438_2025-12-02_AnnexII_2014-2023.txt,Annexure-II 'State/UT-wise Cases Registered under Cyber Crimes during 2014-2023'; annexure page header 'L.S. US.Q. NO. 438 FOR 02.12.2025'; no printed page no.,https://www.mha.gov.in/MHA1/Par2017/pdfs/par2025-pdfs/LS02122025/438.pdf,
S01,S01,Uttar Pradesh,26,state_ut,states,2015,2208,2208,registered cases (CR),"Total cyber crimes (IT Act + IPC + SLL, NCRB definition)","NCRB 'Crime in India' via MHA reply, Lok Sabha USQ 438 (02.12.2025)",S01_LS_USQ438_2025-12-02_AnnexII_2014-2023.txt,Annexure-II 'State/UT-wise Cases Registered under Cyber Crimes during 2014-2023'; annexure page header 'L.S. US.Q. NO. 438 FOR 02.12.2025'; no printed page no.,https://www.mha.gov.in/MHA1/Par2017/pdfs/par2025-pdfs/LS02122025/438.pdf,
S01,S01,Uttar Pradesh,26,state_ut,states,2016,2639,2639,registered cases (CR),"Total cyber crimes (IT Act + IPC + SLL, NCRB definition)","NCRB 'Crime in India' via MHA reply, Lok Sabha USQ 438 (02.12.2025)",S01_LS_USQ438_2025-12-02_AnnexII_2014-2023.txt,Annexure-II 'State/UT-wise Cases Registered under Cyber Crimes during 2014-2023'; annexure page header 'L.S. US.Q. NO. 438 FOR 02.12.2025'; no printed page no.,https://www.mha.gov.in/MHA1/Par2017/pdfs/par2025-pdfs/LS02122025/438.pdf,
S01,S01,Uttar Pradesh,26,state_ut,states,2017,4971,4971,registered cases (CR),"Total cyber crimes (IT Act + IPC + SLL, NCRB definition)","NCRB 'Crime in India' via MHA reply, Lok Sabha USQ 438 (02.12.2025)",S01_LS_USQ438_2025-12-02_AnnexII_2014-2023.txt,Annexure-II 'State/UT-wise Cases Registered under Cyber Crimes during 2014-2023'; annexure page header 'L.S. US.Q. NO. 438 FOR 02.12.2025'; no printed page no.,https://www.mha.gov.in/MHA1/Par2017/pdfs/par2025-pdfs/LS02122025/438.pdf,
S01,S01,Uttar Pradesh,26,state_ut,states,2018,6280,6280,registered cases (CR),"Total cyber crimes (IT Act + IPC + SLL, NCRB definition)","NCRB 'Crime in India' via MHA reply, Lok Sabha USQ 438 (02.12.2025)",S01_LS_USQ438_2025-12-02_AnnexII_2014-2023.txt,Annexure-II 'State/UT-wise Cases Registered under Cyber Crimes during 2014-2023'; annexure page header 'L.S. US.Q. NO. 438 FOR 02.12.2025'; no printed page no.,https://www.mha.gov.in/MHA1/Par2017/pdfs/par2025-pdfs/LS02122025/438.pdf,
S01,S01,Uttar Pradesh,26,state_ut,states,2019,11416,11416,registered cases (CR),"Total cyber crimes (IT Act + IPC + SLL, NCRB definition)","NCRB 'Crime in India' via MHA reply, Lok Sabha USQ 438 (02.12.2025)",S01_LS_USQ438_2025-12-02_AnnexII_2014-2023.txt,Annexure-II 'State/UT-wise Cases Registered under Cyber Crimes during 2014-2023'; annexure page header 'L.S. US.Q. NO. 438 FOR 02.12.2025'; no printed page no.,https://www.mha.gov.in/MHA1/Par2017/pdfs/par2025-pdfs/LS02122025/438.pdf,
S01,S01,Uttar Pradesh,26,state_ut,states,2020,11097,11097,registered cases (CR),"Total cyber crimes (IT Act + IPC + SLL, NCRB definition)","NCRB 'Crime in India' via MHA reply, Lok Sabha USQ 438 (02.12.2025)",S01_LS_USQ438_2025-12-02_AnnexII_2014-2023.txt,Annexure-II 'State/UT-wise Cases Registered under Cyber Crimes during 2014-2023'; annexure page header 'L.S. US.Q. NO. 438 FOR 02.12.2025'; no printed page no.,https://www.mha.gov.in/MHA1/Par2017/pdfs/par2025-pdfs/LS02122025/438.pdf,
S01,S01,Uttar Pradesh,26,state_ut,states,2021,8829,8829,registered cases (CR),"Total cyber crimes (IT Act + IPC + SLL, NCRB definition)","NCRB 'Crime in India' via MHA reply, Lok Sabha USQ 438 (02.12.2025)",S01_LS_USQ438_2025-12-02_AnnexII_2014-2023.txt,Annexure-II 'State/UT-wise Cases Registered under Cyber Crimes during 2014-2023'; annexure page header 'L.S. US.Q. NO. 438 FOR 02.12.2025'; no printed page no.,https://www.mha.gov.in/MHA1/Par2017/pdfs/par2025-pdfs/LS02122025/438.pdf,
S01,S01,Uttar Pradesh,26,state_ut,states,2022,10117,10117,registered cases (CR),"Total cyber crimes (IT Act + IPC + SLL, NCRB definition)","NCRB 'Crime in India' via MHA reply, Lok Sabha USQ 438 (02.12.2025)",S01_LS_USQ438_2025-12-02_AnnexII_2014-2023.txt,Annexure-II 'State/UT-wise Cases Registered under Cyber Crimes during 2014-2023'; annexure page header 'L.S. US.Q. NO. 438 FOR 02.12.2025'; no printed page no.,https://www.mha.gov.in/MHA1/Par2017/pdfs/par2025-pdfs/LS02122025/438.pdf,
S01,S01,Uttar Pradesh,26,state_ut,states,2023,10794,10794,registered cases (CR),"Total cyber crimes (IT Act + IPC + SLL, NCRB definition)","NCRB 'Crime in India' via MHA reply, Lok Sabha USQ 438 (02.12.2025)",S01_LS_USQ438_2025-12-02_AnnexII_2014-2023.txt,Annexure-II 'State/UT-wise Cases Registered under Cyber Crimes during 2014-2023'; annexure page header 'L.S. US.Q. NO. 438 FOR 02.12.2025'; no printed page no.,https://www.mha.gov.in/MHA1/Par2017/pdfs/par2025-pdfs/LS02122025/438.pdf,
S01,S01,Uttarakhand,27,state_ut,states,2014,42,42,registered cases (CR),"Total cyber crimes (IT Act + IPC + SLL, NCRB definition)","NCRB 'Crime in India' via MHA reply, Lok Sabha USQ 438 (02.12.2025)",S01_LS_USQ438_2025-12-02_AnnexII_2014-2023.txt,Annexure-II 'State/UT-wise Cases Registered under Cyber Crimes during 2014-2023'; annexure page header 'L.S. US.Q. NO. 438 FOR 02.12.2025'; no printed page no.,https://www.mha.gov.in/MHA1/Par2017/pdfs/par2025-pdfs/LS02122025/438.pdf,
S01,S01,Uttarakhand,27,state_ut,states,2015,48,48,registered cases (CR),"Total cyber crimes (IT Act + IPC + SLL, NCRB definition)","NCRB 'Crime in India' via MHA reply, Lok Sabha USQ 438 (02.12.2025)",S01_LS_USQ438_2025-12-02_AnnexII_2014-2023.txt,Annexure-II 'State/UT-wise Cases Registered under Cyber Crimes during 2014-2023'; annexure page header 'L.S. US.Q. NO. 438 FOR 02.12.2025'; no printed page no.,https://www.mha.gov.in/MHA1/Par2017/pdfs/par2025-pdfs/LS02122025/438.pdf,
S01,S01,Uttarakhand,27,state_ut,states,2016,62,62,registered cases (CR),"Total cyber crimes (IT Act + IPC + SLL, NCRB definition)","NCRB 'Crime in India' via MHA reply, Lok Sabha USQ 438 (02.12.2025)",S01_LS_USQ438_2025-12-02_AnnexII_2014-2023.txt,Annexure-II 'State/UT-wise Cases Registered under Cyber Crimes during 2014-2023'; annexure page header 'L.S. US.Q. NO. 438 FOR 02.12.2025'; no printed page no.,https://www.mha.gov.in/MHA1/Par2017/pdfs/par2025-pdfs/LS02122025/438.pdf,
S01,S01,Uttarakhand,27,state_ut,states,2017,124,124,registered cases (CR),"Total cyber crimes (IT Act + IPC + SLL, NCRB definition)","NCRB 'Crime in India' via MHA reply, Lok Sabha USQ 438 (02.12.2025)",S01_LS_USQ438_2025-12-02_AnnexII_2014-2023.txt,Annexure-II 'State/UT-wise Cases Registered under Cyber Crimes during 2014-2023'; annexure page header 'L.S. US.Q. NO. 438 FOR 02.12.2025'; no printed page no.,https://www.mha.gov.in/MHA1/Par2017/pdfs/par2025-pdfs/LS02122025/438.pdf,
S01,S01,Uttarakhand,27,state_ut,states,2018,171,171,registered cases (CR),"Total cyber crimes (IT Act + IPC + SLL, NCRB definition)","NCRB 'Crime in India' via MHA reply, Lok Sabha USQ 438 (02.12.2025)",S01_LS_USQ438_2025-12-02_AnnexII_2014-2023.txt,Annexure-II 'State/UT-wise Cases Registered under Cyber Crimes during 2014-2023'; annexure page header 'L.S. US.Q. NO. 438 FOR 02.12.2025'; no printed page no.,https://www.mha.gov.in/MHA1/Par2017/pdfs/par2025-pdfs/LS02122025/438.pdf,
S01,S01,Uttarakhand,27,state_ut,states,2019,100,100,registered cases (CR),"Total cyber crimes (IT Act + IPC + SLL, NCRB definition)","NCRB 'Crime in India' via MHA reply, Lok Sabha USQ 438 (02.12.2025)",S01_LS_USQ438_2025-12-02_AnnexII_2014-2023.txt,Annexure-II 'State/UT-wise Cases Registered under Cyber Crimes during 2014-2023'; annexure page header 'L.S. US.Q. NO. 438 FOR 02.12.2025'; no printed page no.,https://www.mha.gov.in/MHA1/Par2017/pdfs/par2025-pdfs/LS02122025/438.pdf,
S01,S01,Uttarakhand,27,state_ut,states,2020,243,243,registered cases (CR),"Total cyber crimes (IT Act + IPC + SLL, NCRB definition)","NCRB 'Crime in India' via MHA reply, Lok Sabha USQ 438 (02.12.2025)",S01_LS_USQ438_2025-12-02_AnnexII_2014-2023.txt,Annexure-II 'State/UT-wise Cases Registered under Cyber Crimes during 2014-2023'; annexure page header 'L.S. US.Q. NO. 438 FOR 02.12.2025'; no printed page no.,https://www.mha.gov.in/MHA1/Par2017/pdfs/par2025-pdfs/LS02122025/438.pdf,
S01,S01,Uttarakhand,27,state_ut,states,2021,718,718,registered cases (CR),"Total cyber crimes (IT Act + IPC + SLL, NCRB definition)","NCRB 'Crime in India' via MHA reply, Lok Sabha USQ 438 (02.12.2025)",S01_LS_USQ438_2025-12-02_AnnexII_2014-2023.txt,Annexure-II 'State/UT-wise Cases Registered under Cyber Crimes during 2014-2023'; annexure page header 'L.S. US.Q. NO. 438 FOR 02.12.2025'; no printed page no.,https://www.mha.gov.in/MHA1/Par2017/pdfs/par2025-pdfs/LS02122025/438.pdf,
S01,S01,Uttarakhand,27,state_ut,states,2022,559,559,registered cases (CR),"Total cyber crimes (IT Act + IPC + SLL, NCRB definition)","NCRB 'Crime in India' via MHA reply, Lok Sabha USQ 438 (02.12.2025)",S01_LS_USQ438_2025-12-02_AnnexII_2014-2023.txt,Annexure-II 'State/UT-wise Cases Registered under Cyber Crimes during 2014-2023'; annexure page header 'L.S. US.Q. NO. 438 FOR 02.12.2025'; no printed page no.,https://www.mha.gov.in/MHA1/Par2017/pdfs/par2025-pdfs/LS02122025/438.pdf,
S01,S01,Uttarakhand,27,state_ut,states,2023,494,494,registered cases (CR),"Total cyber crimes (IT Act + IPC + SLL, NCRB definition)","NCRB 'Crime in India' via MHA reply, Lok Sabha USQ 438 (02.12.2025)",S01_LS_USQ438_2025-12-02_AnnexII_2014-2023.txt,Annexure-II 'State/UT-wise Cases Registered under Cyber Crimes during 2014-2023'; annexure page header 'L.S. US.Q. NO. 438 FOR 02.12.2025'; no printed page no.,https://www.mha.gov.in/MHA1/Par2017/pdfs/par2025-pdfs/LS02122025/438.pdf,
S01,S01,West Bengal,28,state_ut,states,2014,355,355,registered cases (CR),"Total cyber crimes (IT Act + IPC + SLL, NCRB definition)","NCRB 'Crime in India' via MHA reply, Lok Sabha USQ 438 (02.12.2025)",S01_LS_USQ438_2025-12-02_AnnexII_2014-2023.txt,Annexure-II 'State/UT-wise Cases Registered under Cyber Crimes during 2014-2023'; annexure page header 'L.S. US.Q. NO. 438 FOR 02.12.2025'; no printed page no.,https://www.mha.gov.in/MHA1/Par2017/pdfs/par2025-pdfs/LS02122025/438.pdf,
S01,S01,West Bengal,28,state_ut,states,2015,398,398,registered cases (CR),"Total cyber crimes (IT Act + IPC + SLL, NCRB definition)","NCRB 'Crime in India' via MHA reply, Lok Sabha USQ 438 (02.12.2025)",S01_LS_USQ438_2025-12-02_AnnexII_2014-2023.txt,Annexure-II 'State/UT-wise Cases Registered under Cyber Crimes during 2014-2023'; annexure page header 'L.S. US.Q. NO. 438 FOR 02.12.2025'; no printed page no.,https://www.mha.gov.in/MHA1/Par2017/pdfs/par2025-pdfs/LS02122025/438.pdf,
S01,S01,West Bengal,28,state_ut,states,2016,478,478,registered cases (CR),"Total cyber crimes (IT Act + IPC + SLL, NCRB definition)","NCRB 'Crime in India' via MHA reply, Lok Sabha USQ 438 (02.12.2025)",S01_LS_USQ438_2025-12-02_AnnexII_2014-2023.txt,Annexure-II 'State/UT-wise Cases Registered under Cyber Crimes during 2014-2023'; annexure page header 'L.S. US.Q. NO. 438 FOR 02.12.2025'; no printed page no.,https://www.mha.gov.in/MHA1/Par2017/pdfs/par2025-pdfs/LS02122025/438.pdf,
S01,S01,West Bengal,28,state_ut,states,2017,568,568,registered cases (CR),"Total cyber crimes (IT Act + IPC + SLL, NCRB definition)","NCRB 'Crime in India' via MHA reply, Lok Sabha USQ 438 (02.12.2025)",S01_LS_USQ438_2025-12-02_AnnexII_2014-2023.txt,Annexure-II 'State/UT-wise Cases Registered under Cyber Crimes during 2014-2023'; annexure page header 'L.S. US.Q. NO. 438 FOR 02.12.2025'; no printed page no.,https://www.mha.gov.in/MHA1/Par2017/pdfs/par2025-pdfs/LS02122025/438.pdf,
S01,S01,West Bengal,28,state_ut,states,2018,335,335,registered cases (CR),"Total cyber crimes (IT Act + IPC + SLL, NCRB definition)","NCRB 'Crime in India' via MHA reply, Lok Sabha USQ 438 (02.12.2025)",S01_LS_USQ438_2025-12-02_AnnexII_2014-2023.txt,Annexure-II 'State/UT-wise Cases Registered under Cyber Crimes during 2014-2023'; annexure page header 'L.S. US.Q. NO. 438 FOR 02.12.2025'; no printed page no.,https://www.mha.gov.in/MHA1/Par2017/pdfs/par2025-pdfs/LS02122025/438.pdf,
S01,S01,West Bengal,28,state_ut,states,2019,524,524,registered cases (CR),"Total cyber crimes (IT Act + IPC + SLL, NCRB definition)","NCRB 'Crime in India' via MHA reply, Lok Sabha USQ 438 (02.12.2025)",S01_LS_USQ438_2025-12-02_AnnexII_2014-2023.txt,Annexure-II 'State/UT-wise Cases Registered under Cyber Crimes during 2014-2023'; annexure page header 'L.S. US.Q. NO. 438 FOR 02.12.2025'; no printed page no.,https://www.mha.gov.in/MHA1/Par2017/pdfs/par2025-pdfs/LS02122025/438.pdf,
S01,S01,West Bengal,28,state_ut,states,2020,712,712,registered cases (CR),"Total cyber crimes (IT Act + IPC + SLL, NCRB definition)","NCRB 'Crime in India' via MHA reply, Lok Sabha USQ 438 (02.12.2025)",S01_LS_USQ438_2025-12-02_AnnexII_2014-2023.txt,Annexure-II 'State/UT-wise Cases Registered under Cyber Crimes during 2014-2023'; annexure page header 'L.S. US.Q. NO. 438 FOR 02.12.2025'; no printed page no.,https://www.mha.gov.in/MHA1/Par2017/pdfs/par2025-pdfs/LS02122025/438.pdf,
S01,S01,West Bengal,28,state_ut,states,2021,513,513,registered cases (CR),"Total cyber crimes (IT Act + IPC + SLL, NCRB definition)","NCRB 'Crime in India' via MHA reply, Lok Sabha USQ 438 (02.12.2025)",S01_LS_USQ438_2025-12-02_AnnexII_2014-2023.txt,Annexure-II 'State/UT-wise Cases Registered under Cyber Crimes during 2014-2023'; annexure page header 'L.S. US.Q. NO. 438 FOR 02.12.2025'; no printed page no.,https://www.mha.gov.in/MHA1/Par2017/pdfs/par2025-pdfs/LS02122025/438.pdf,
S01,S01,West Bengal,28,state_ut,states,2022,401,401,registered cases (CR),"Total cyber crimes (IT Act + IPC + SLL, NCRB definition)","NCRB 'Crime in India' via MHA reply, Lok Sabha USQ 438 (02.12.2025)",S01_LS_USQ438_2025-12-02_AnnexII_2014-2023.txt,Annexure-II 'State/UT-wise Cases Registered under Cyber Crimes during 2014-2023'; annexure page header 'L.S. US.Q. NO. 438 FOR 02.12.2025'; no printed page no.,https://www.mha.gov.in/MHA1/Par2017/pdfs/par2025-pdfs/LS02122025/438.pdf,
S01,S01,West Bengal,28,state_ut,states,2023,309,309,registered cases (CR),"Total cyber crimes (IT Act + IPC + SLL, NCRB definition)","NCRB 'Crime in India' via MHA reply, Lok Sabha USQ 438 (02.12.2025)",S01_LS_USQ438_2025-12-02_AnnexII_2014-2023.txt,Annexure-II 'State/UT-wise Cases Registered under Cyber Crimes during 2014-2023'; annexure page header 'L.S. US.Q. NO. 438 FOR 02.12.2025'; no printed page no.,https://www.mha.gov.in/MHA1/Par2017/pdfs/par2025-pdfs/LS02122025/438.pdf,
S01,S01,TOTAL STATE(S),,total_states,states,2014,9285,9285,registered cases (CR),"Total cyber crimes (IT Act + IPC + SLL, NCRB definition)","NCRB 'Crime in India' via MHA reply, Lok Sabha USQ 438 (02.12.2025)",S01_LS_USQ438_2025-12-02_AnnexII_2014-2023.txt,Annexure-II 'State/UT-wise Cases Registered under Cyber Crimes during 2014-2023'; annexure page header 'L.S. US.Q. NO. 438 FOR 02.12.2025'; no printed page no.,https://www.mha.gov.in/MHA1/Par2017/pdfs/par2025-pdfs/LS02122025/438.pdf,
S01,S01,TOTAL STATE(S),,total_states,states,2015,11297,11297,registered cases (CR),"Total cyber crimes (IT Act + IPC + SLL, NCRB definition)","NCRB 'Crime in India' via MHA reply, Lok Sabha USQ 438 (02.12.2025)",S01_LS_USQ438_2025-12-02_AnnexII_2014-2023.txt,Annexure-II 'State/UT-wise Cases Registered under Cyber Crimes during 2014-2023'; annexure page header 'L.S. US.Q. NO. 438 FOR 02.12.2025'; no printed page no.,https://www.mha.gov.in/MHA1/Par2017/pdfs/par2025-pdfs/LS02122025/438.pdf,
S01,S01,TOTAL STATE(S),,total_states,states,2016,12159,12159,registered cases (CR),"Total cyber crimes (IT Act + IPC + SLL, NCRB definition)","NCRB 'Crime in India' via MHA reply, Lok Sabha USQ 438 (02.12.2025)",S01_LS_USQ438_2025-12-02_AnnexII_2014-2023.txt,Annexure-II 'State/UT-wise Cases Registered under Cyber Crimes during 2014-2023'; annexure page header 'L.S. US.Q. NO. 438 FOR 02.12.2025'; no printed page no.,https://www.mha.gov.in/MHA1/Par2017/pdfs/par2025-pdfs/LS02122025/438.pdf,
S01,S01,TOTAL STATE(S),,total_states,states,2017,21530,21530,registered cases (CR),"Total cyber crimes (IT Act + IPC + SLL, NCRB definition)","NCRB 'Crime in India' via MHA reply, Lok Sabha USQ 438 (02.12.2025)",S01_LS_USQ438_2025-12-02_AnnexII_2014-2023.txt,Annexure-II 'State/UT-wise Cases Registered under Cyber Crimes during 2014-2023'; annexure page header 'L.S. US.Q. NO. 438 FOR 02.12.2025'; no printed page no.,https://www.mha.gov.in/MHA1/Par2017/pdfs/par2025-pdfs/LS02122025/438.pdf,
S01,S01,TOTAL STATE(S),,total_states,states,2018,26931,26931,registered cases (CR),"Total cyber crimes (IT Act + IPC + SLL, NCRB definition)","NCRB 'Crime in India' via MHA reply, Lok Sabha USQ 438 (02.12.2025)",S01_LS_USQ438_2025-12-02_AnnexII_2014-2023.txt,Annexure-II 'State/UT-wise Cases Registered under Cyber Crimes during 2014-2023'; annexure page header 'L.S. US.Q. NO. 438 FOR 02.12.2025'; no printed page no.,https://www.mha.gov.in/MHA1/Par2017/pdfs/par2025-pdfs/LS02122025/438.pdf,
S01,S01,TOTAL STATE(S),,total_states,states,2019,44511,44511,registered cases (CR),"Total cyber crimes (IT Act + IPC + SLL, NCRB definition)","NCRB 'Crime in India' via MHA reply, Lok Sabha USQ 438 (02.12.2025)",S01_LS_USQ438_2025-12-02_AnnexII_2014-2023.txt,Annexure-II 'State/UT-wise Cases Registered under Cyber Crimes during 2014-2023'; annexure page header 'L.S. US.Q. NO. 438 FOR 02.12.2025'; no printed page no.,https://www.mha.gov.in/MHA1/Par2017/pdfs/par2025-pdfs/LS02122025/438.pdf,
S01,S01,TOTAL STATE(S),,total_states,states,2020,49708,49708,registered cases (CR),"Total cyber crimes (IT Act + IPC + SLL, NCRB definition)","NCRB 'Crime in India' via MHA reply, Lok Sabha USQ 438 (02.12.2025)",S01_LS_USQ438_2025-12-02_AnnexII_2014-2023.txt,Annexure-II 'State/UT-wise Cases Registered under Cyber Crimes during 2014-2023'; annexure page header 'L.S. US.Q. NO. 438 FOR 02.12.2025'; no printed page no.,https://www.mha.gov.in/MHA1/Par2017/pdfs/par2025-pdfs/LS02122025/438.pdf,
S01,S01,TOTAL STATE(S),,total_states,states,2021,52430,52430,registered cases (CR),"Total cyber crimes (IT Act + IPC + SLL, NCRB definition)","NCRB 'Crime in India' via MHA reply, Lok Sabha USQ 438 (02.12.2025)",S01_LS_USQ438_2025-12-02_AnnexII_2014-2023.txt,Annexure-II 'State/UT-wise Cases Registered under Cyber Crimes during 2014-2023'; annexure page header 'L.S. US.Q. NO. 438 FOR 02.12.2025'; no printed page no.,https://www.mha.gov.in/MHA1/Par2017/pdfs/par2025-pdfs/LS02122025/438.pdf,
S01,S01,TOTAL STATE(S),,total_states,states,2022,64907,64907,registered cases (CR),"Total cyber crimes (IT Act + IPC + SLL, NCRB definition)","NCRB 'Crime in India' via MHA reply, Lok Sabha USQ 438 (02.12.2025)",S01_LS_USQ438_2025-12-02_AnnexII_2014-2023.txt,Annexure-II 'State/UT-wise Cases Registered under Cyber Crimes during 2014-2023'; annexure page header 'L.S. US.Q. NO. 438 FOR 02.12.2025'; no printed page no.,https://www.mha.gov.in/MHA1/Par2017/pdfs/par2025-pdfs/LS02122025/438.pdf,
S01,S01,TOTAL STATE(S),,total_states,states,2023,85603,85603,registered cases (CR),"Total cyber crimes (IT Act + IPC + SLL, NCRB definition)","NCRB 'Crime in India' via MHA reply, Lok Sabha USQ 438 (02.12.2025)",S01_LS_USQ438_2025-12-02_AnnexII_2014-2023.txt,Annexure-II 'State/UT-wise Cases Registered under Cyber Crimes during 2014-2023'; annexure page header 'L.S. US.Q. NO. 438 FOR 02.12.2025'; no printed page no.,https://www.mha.gov.in/MHA1/Par2017/pdfs/par2025-pdfs/LS02122025/438.pdf,
S01,S01,A&N Islands,29,state_ut,uts,2014,13,13,registered cases (CR),"Total cyber crimes (IT Act + IPC + SLL, NCRB definition)","NCRB 'Crime in India' via MHA reply, Lok Sabha USQ 438 (02.12.2025)",S01_LS_USQ438_2025-12-02_AnnexII_2014-2023.txt,Annexure-II 'State/UT-wise Cases Registered under Cyber Crimes during 2014-2023'; annexure page header 'L.S. US.Q. NO. 438 FOR 02.12.2025'; no printed page no.,https://www.mha.gov.in/MHA1/Par2017/pdfs/par2025-pdfs/LS02122025/438.pdf,
S01,S01,A&N Islands,29,state_ut,uts,2015,6,6,registered cases (CR),"Total cyber crimes (IT Act + IPC + SLL, NCRB definition)","NCRB 'Crime in India' via MHA reply, Lok Sabha USQ 438 (02.12.2025)",S01_LS_USQ438_2025-12-02_AnnexII_2014-2023.txt,Annexure-II 'State/UT-wise Cases Registered under Cyber Crimes during 2014-2023'; annexure page header 'L.S. US.Q. NO. 438 FOR 02.12.2025'; no printed page no.,https://www.mha.gov.in/MHA1/Par2017/pdfs/par2025-pdfs/LS02122025/438.pdf,
S01,S01,A&N Islands,29,state_ut,uts,2016,3,3,registered cases (CR),"Total cyber crimes (IT Act + IPC + SLL, NCRB definition)","NCRB 'Crime in India' via MHA reply, Lok Sabha USQ 438 (02.12.2025)",S01_LS_USQ438_2025-12-02_AnnexII_2014-2023.txt,Annexure-II 'State/UT-wise Cases Registered under Cyber Crimes during 2014-2023'; annexure page header 'L.S. US.Q. NO. 438 FOR 02.12.2025'; no printed page no.,https://www.mha.gov.in/MHA1/Par2017/pdfs/par2025-pdfs/LS02122025/438.pdf,
S01,S01,A&N Islands,29,state_ut,uts,2017,3,3,registered cases (CR),"Total cyber crimes (IT Act + IPC + SLL, NCRB definition)","NCRB 'Crime in India' via MHA reply, Lok Sabha USQ 438 (02.12.2025)",S01_LS_USQ438_2025-12-02_AnnexII_2014-2023.txt,Annexure-II 'State/UT-wise Cases Registered under Cyber Crimes during 2014-2023'; annexure page header 'L.S. US.Q. NO. 438 FOR 02.12.2025'; no printed page no.,https://www.mha.gov.in/MHA1/Par2017/pdfs/par2025-pdfs/LS02122025/438.pdf,
S01,S01,A&N Islands,29,state_ut,uts,2018,7,7,registered cases (CR),"Total cyber crimes (IT Act + IPC + SLL, NCRB definition)","NCRB 'Crime in India' via MHA reply, Lok Sabha USQ 438 (02.12.2025)",S01_LS_USQ438_2025-12-02_AnnexII_2014-2023.txt,Annexure-II 'State/UT-wise Cases Registered under Cyber Crimes during 2014-2023'; annexure page header 'L.S. US.Q. NO. 438 FOR 02.12.2025'; no printed page no.,https://www.mha.gov.in/MHA1/Par2017/pdfs/par2025-pdfs/LS02122025/438.pdf,
S01,S01,A&N Islands,29,state_ut,uts,2019,2,2,registered cases (CR),"Total cyber crimes (IT Act + IPC + SLL, NCRB definition)","NCRB 'Crime in India' via MHA reply, Lok Sabha USQ 438 (02.12.2025)",S01_LS_USQ438_2025-12-02_AnnexII_2014-2023.txt,Annexure-II 'State/UT-wise Cases Registered under Cyber Crimes during 2014-2023'; annexure page header 'L.S. US.Q. NO. 438 FOR 02.12.2025'; no printed page no.,https://www.mha.gov.in/MHA1/Par2017/pdfs/par2025-pdfs/LS02122025/438.pdf,
S01,S01,A&N Islands,29,state_ut,uts,2020,5,5,registered cases (CR),"Total cyber crimes (IT Act + IPC + SLL, NCRB definition)","NCRB 'Crime in India' via MHA reply, Lok Sabha USQ 438 (02.12.2025)",S01_LS_USQ438_2025-12-02_AnnexII_2014-2023.txt,Annexure-II 'State/UT-wise Cases Registered under Cyber Crimes during 2014-2023'; annexure page header 'L.S. US.Q. NO. 438 FOR 02.12.2025'; no printed page no.,https://www.mha.gov.in/MHA1/Par2017/pdfs/par2025-pdfs/LS02122025/438.pdf,
S01,S01,A&N Islands,29,state_ut,uts,2021,8,8,registered cases (CR),"Total cyber crimes (IT Act + IPC + SLL, NCRB definition)","NCRB 'Crime in India' via MHA reply, Lok Sabha USQ 438 (02.12.2025)",S01_LS_USQ438_2025-12-02_AnnexII_2014-2023.txt,Annexure-II 'State/UT-wise Cases Registered under Cyber Crimes during 2014-2023'; annexure page header 'L.S. US.Q. NO. 438 FOR 02.12.2025'; no printed page no.,https://www.mha.gov.in/MHA1/Par2017/pdfs/par2025-pdfs/LS02122025/438.pdf,
S01,S01,A&N Islands,29,state_ut,uts,2022,28,28,registered cases (CR),"Total cyber crimes (IT Act + IPC + SLL, NCRB definition)","NCRB 'Crime in India' via MHA reply, Lok Sabha USQ 438 (02.12.2025)",S01_LS_USQ438_2025-12-02_AnnexII_2014-2023.txt,Annexure-II 'State/UT-wise Cases Registered under Cyber Crimes during 2014-2023'; annexure page header 'L.S. US.Q. NO. 438 FOR 02.12.2025'; no printed page no.,https://www.mha.gov.in/MHA1/Par2017/pdfs/par2025-pdfs/LS02122025/438.pdf,
S01,S01,A&N Islands,29,state_ut,uts,2023,47,47,registered cases (CR),"Total cyber crimes (IT Act + IPC + SLL, NCRB definition)","NCRB 'Crime in India' via MHA reply, Lok Sabha USQ 438 (02.12.2025)",S01_LS_USQ438_2025-12-02_AnnexII_2014-2023.txt,Annexure-II 'State/UT-wise Cases Registered under Cyber Crimes during 2014-2023'; annexure page header 'L.S. US.Q. NO. 438 FOR 02.12.2025'; no printed page no.,https://www.mha.gov.in/MHA1/Par2017/pdfs/par2025-pdfs/LS02122025/438.pdf,
S01,S01,Chandigarh,30,state_ut,uts,2014,55,55,registered cases (CR),"Total cyber crimes (IT Act + IPC + SLL, NCRB definition)","NCRB 'Crime in India' via MHA reply, Lok Sabha USQ 438 (02.12.2025)",S01_LS_USQ438_2025-12-02_AnnexII_2014-2023.txt,Annexure-II 'State/UT-wise Cases Registered under Cyber Crimes during 2014-2023'; annexure page header 'L.S. US.Q. NO. 438 FOR 02.12.2025'; no printed page no.,https://www.mha.gov.in/MHA1/Par2017/pdfs/par2025-pdfs/LS02122025/438.pdf,
S01,S01,Chandigarh,30,state_ut,uts,2015,77,77,registered cases (CR),"Total cyber crimes (IT Act + IPC + SLL, NCRB definition)","NCRB 'Crime in India' via MHA reply, Lok Sabha USQ 438 (02.12.2025)",S01_LS_USQ438_2025-12-02_AnnexII_2014-2023.txt,Annexure-II 'State/UT-wise Cases Registered under Cyber Crimes during 2014-2023'; annexure page header 'L.S. US.Q. NO. 438 FOR 02.12.2025'; no printed page no.,https://www.mha.gov.in/MHA1/Par2017/pdfs/par2025-pdfs/LS02122025/438.pdf,
S01,S01,Chandigarh,30,state_ut,uts,2016,26,26,registered cases (CR),"Total cyber crimes (IT Act + IPC + SLL, NCRB definition)","NCRB 'Crime in India' via MHA reply, Lok Sabha USQ 438 (02.12.2025)",S01_LS_USQ438_2025-12-02_AnnexII_2014-2023.txt,Annexure-II 'State/UT-wise Cases Registered under Cyber Crimes during 2014-2023'; annexure page header 'L.S. US.Q. NO. 438 FOR 02.12.2025'; no printed page no.,https://www.mha.gov.in/MHA1/Par2017/pdfs/par2025-pdfs/LS02122025/438.pdf,
S01,S01,Chandigarh,30,state_ut,uts,2017,32,32,registered cases (CR),"Total cyber crimes (IT Act + IPC + SLL, NCRB definition)","NCRB 'Crime in India' via MHA reply, Lok Sabha USQ 438 (02.12.2025)",S01_LS_USQ438_2025-12-02_AnnexII_2014-2023.txt,Annexure-II 'State/UT-wise Cases Registered under Cyber Crimes during 2014-2023'; annexure page header 'L.S. US.Q. NO. 438 FOR 02.12.2025'; no printed page no.,https://www.mha.gov.in/MHA1/Par2017/pdfs/par2025-pdfs/LS02122025/438.pdf,
S01,S01,Chandigarh,30,state_ut,uts,2018,30,30,registered cases (CR),"Total cyber crimes (IT Act + IPC + SLL, NCRB definition)","NCRB 'Crime in India' via MHA reply, Lok Sabha USQ 438 (02.12.2025)",S01_LS_USQ438_2025-12-02_AnnexII_2014-2023.txt,Annexure-II 'State/UT-wise Cases Registered under Cyber Crimes during 2014-2023'; annexure page header 'L.S. US.Q. NO. 438 FOR 02.12.2025'; no printed page no.,https://www.mha.gov.in/MHA1/Par2017/pdfs/par2025-pdfs/LS02122025/438.pdf,
S01,S01,Chandigarh,30,state_ut,uts,2019,23,23,registered cases (CR),"Total cyber crimes (IT Act + IPC + SLL, NCRB definition)","NCRB 'Crime in India' via MHA reply, Lok Sabha USQ 438 (02.12.2025)",S01_LS_USQ438_2025-12-02_AnnexII_2014-2023.txt,Annexure-II 'State/UT-wise Cases Registered under Cyber Crimes during 2014-2023'; annexure page header 'L.S. US.Q. NO. 438 FOR 02.12.2025'; no printed page no.,https://www.mha.gov.in/MHA1/Par2017/pdfs/par2025-pdfs/LS02122025/438.pdf,
S01,S01,Chandigarh,30,state_ut,uts,2020,17,17,registered cases (CR),"Total cyber crimes (IT Act + IPC + SLL, NCRB definition)","NCRB 'Crime in India' via MHA reply, Lok Sabha USQ 438 (02.12.2025)",S01_LS_USQ438_2025-12-02_AnnexII_2014-2023.txt,Annexure-II 'State/UT-wise Cases Registered under Cyber Crimes during 2014-2023'; annexure page header 'L.S. US.Q. NO. 438 FOR 02.12.2025'; no printed page no.,https://www.mha.gov.in/MHA1/Par2017/pdfs/par2025-pdfs/LS02122025/438.pdf,
S01,S01,Chandigarh,30,state_ut,uts,2021,15,15,registered cases (CR),"Total cyber crimes (IT Act + IPC + SLL, NCRB definition)","NCRB 'Crime in India' via MHA reply, Lok Sabha USQ 438 (02.12.2025)",S01_LS_USQ438_2025-12-02_AnnexII_2014-2023.txt,Annexure-II 'State/UT-wise Cases Registered under Cyber Crimes during 2014-2023'; annexure page header 'L.S. US.Q. NO. 438 FOR 02.12.2025'; no printed page no.,https://www.mha.gov.in/MHA1/Par2017/pdfs/par2025-pdfs/LS02122025/438.pdf,
S01,S01,Chandigarh,30,state_ut,uts,2022,27,27,registered cases (CR),"Total cyber crimes (IT Act + IPC + SLL, NCRB definition)","NCRB 'Crime in India' via MHA reply, Lok Sabha USQ 438 (02.12.2025)",S01_LS_USQ438_2025-12-02_AnnexII_2014-2023.txt,Annexure-II 'State/UT-wise Cases Registered under Cyber Crimes during 2014-2023'; annexure page header 'L.S. US.Q. NO. 438 FOR 02.12.2025'; no printed page no.,https://www.mha.gov.in/MHA1/Par2017/pdfs/par2025-pdfs/LS02122025/438.pdf,
S01,S01,Chandigarh,30,state_ut,uts,2023,23,23,registered cases (CR),"Total cyber crimes (IT Act + IPC + SLL, NCRB definition)","NCRB 'Crime in India' via MHA reply, Lok Sabha USQ 438 (02.12.2025)",S01_LS_USQ438_2025-12-02_AnnexII_2014-2023.txt,Annexure-II 'State/UT-wise Cases Registered under Cyber Crimes during 2014-2023'; annexure page header 'L.S. US.Q. NO. 438 FOR 02.12.2025'; no printed page no.,https://www.mha.gov.in/MHA1/Par2017/pdfs/par2025-pdfs/LS02122025/438.pdf,
S01,S01,D&N Haveli and Daman & Diu,31,state_ut,uts,2014,4,4,registered cases (CR),"Total cyber crimes (IT Act + IPC + SLL, NCRB definition)","NCRB 'Crime in India' via MHA reply, Lok Sabha USQ 438 (02.12.2025)",S01_LS_USQ438_2025-12-02_AnnexII_2014-2023.txt,Annexure-II 'State/UT-wise Cases Registered under Cyber Crimes during 2014-2023'; annexure page header 'L.S. US.Q. NO. 438 FOR 02.12.2025'; no printed page no.,https://www.mha.gov.in/MHA1/Par2017/pdfs/par2025-pdfs/LS02122025/438.pdf,"Combined retroactively; S08 prints D&N Haveli=3, Daman & Diu=1 separately."
S01,S01,D&N Haveli and Daman & Diu,31,state_ut,uts,2015,1,1,registered cases (CR),"Total cyber crimes (IT Act + IPC + SLL, NCRB definition)","NCRB 'Crime in India' via MHA reply, Lok Sabha USQ 438 (02.12.2025)",S01_LS_USQ438_2025-12-02_AnnexII_2014-2023.txt,Annexure-II 'State/UT-wise Cases Registered under Cyber Crimes during 2014-2023'; annexure page header 'L.S. US.Q. NO. 438 FOR 02.12.2025'; no printed page no.,https://www.mha.gov.in/MHA1/Par2017/pdfs/par2025-pdfs/LS02122025/438.pdf,"Combined retroactively; S08 prints D&N Haveli=0, Daman & Diu=1."
S01,S01,D&N Haveli and Daman & Diu,31,state_ut,uts,2016,1,1,registered cases (CR),"Total cyber crimes (IT Act + IPC + SLL, NCRB definition)","NCRB 'Crime in India' via MHA reply, Lok Sabha USQ 438 (02.12.2025)",S01_LS_USQ438_2025-12-02_AnnexII_2014-2023.txt,Annexure-II 'State/UT-wise Cases Registered under Cyber Crimes during 2014-2023'; annexure page header 'L.S. US.Q. NO. 438 FOR 02.12.2025'; no printed page no.,https://www.mha.gov.in/MHA1/Par2017/pdfs/par2025-pdfs/LS02122025/438.pdf,"Combined retroactively; S08 prints D&N Haveli=1, Daman & Diu=0."
S01,S01,D&N Haveli and Daman & Diu,31,state_ut,uts,2017,1,1,registered cases (CR),"Total cyber crimes (IT Act + IPC + SLL, NCRB definition)","NCRB 'Crime in India' via MHA reply, Lok Sabha USQ 438 (02.12.2025)",S01_LS_USQ438_2025-12-02_AnnexII_2014-2023.txt,Annexure-II 'State/UT-wise Cases Registered under Cyber Crimes during 2014-2023'; annexure page header 'L.S. US.Q. NO. 438 FOR 02.12.2025'; no printed page no.,https://www.mha.gov.in/MHA1/Par2017/pdfs/par2025-pdfs/LS02122025/438.pdf,Combined retroactively (UTs merged 26.01.2020).
S01,S01,D&N Haveli and Daman & Diu,31,state_ut,uts,2018,0,0,registered cases (CR),"Total cyber crimes (IT Act + IPC + SLL, NCRB definition)","NCRB 'Crime in India' via MHA reply, Lok Sabha USQ 438 (02.12.2025)",S01_LS_USQ438_2025-12-02_AnnexII_2014-2023.txt,Annexure-II 'State/UT-wise Cases Registered under Cyber Crimes during 2014-2023'; annexure page header 'L.S. US.Q. NO. 438 FOR 02.12.2025'; no printed page no.,https://www.mha.gov.in/MHA1/Par2017/pdfs/par2025-pdfs/LS02122025/438.pdf,Combined retroactively (UTs merged 26.01.2020).
S01,S01,D&N Haveli and Daman & Diu,31,state_ut,uts,2019,3,3,registered cases (CR),"Total cyber crimes (IT Act + IPC + SLL, NCRB definition)","NCRB 'Crime in India' via MHA reply, Lok Sabha USQ 438 (02.12.2025)",S01_LS_USQ438_2025-12-02_AnnexII_2014-2023.txt,Annexure-II 'State/UT-wise Cases Registered under Cyber Crimes during 2014-2023'; annexure page header 'L.S. US.Q. NO. 438 FOR 02.12.2025'; no printed page no.,https://www.mha.gov.in/MHA1/Par2017/pdfs/par2025-pdfs/LS02122025/438.pdf,Combined retroactively (UTs merged 26.01.2020).
S01,S01,D&N Haveli and Daman & Diu,31,state_ut,uts,2020,3,3,registered cases (CR),"Total cyber crimes (IT Act + IPC + SLL, NCRB definition)","NCRB 'Crime in India' via MHA reply, Lok Sabha USQ 438 (02.12.2025)",S01_LS_USQ438_2025-12-02_AnnexII_2014-2023.txt,Annexure-II 'State/UT-wise Cases Registered under Cyber Crimes during 2014-2023'; annexure page header 'L.S. US.Q. NO. 438 FOR 02.12.2025'; no printed page no.,https://www.mha.gov.in/MHA1/Par2017/pdfs/par2025-pdfs/LS02122025/438.pdf,
S01,S01,D&N Haveli and Daman & Diu,31,state_ut,uts,2021,5,5,registered cases (CR),"Total cyber crimes (IT Act + IPC + SLL, NCRB definition)","NCRB 'Crime in India' via MHA reply, Lok Sabha USQ 438 (02.12.2025)",S01_LS_USQ438_2025-12-02_AnnexII_2014-2023.txt,Annexure-II 'State/UT-wise Cases Registered under Cyber Crimes during 2014-2023'; annexure page header 'L.S. US.Q. NO. 438 FOR 02.12.2025'; no printed page no.,https://www.mha.gov.in/MHA1/Par2017/pdfs/par2025-pdfs/LS02122025/438.pdf,
S01,S01,D&N Haveli and Daman & Diu,31,state_ut,uts,2022,5,5,registered cases (CR),"Total cyber crimes (IT Act + IPC + SLL, NCRB definition)","NCRB 'Crime in India' via MHA reply, Lok Sabha USQ 438 (02.12.2025)",S01_LS_USQ438_2025-12-02_AnnexII_2014-2023.txt,Annexure-II 'State/UT-wise Cases Registered under Cyber Crimes during 2014-2023'; annexure page header 'L.S. US.Q. NO. 438 FOR 02.12.2025'; no printed page no.,https://www.mha.gov.in/MHA1/Par2017/pdfs/par2025-pdfs/LS02122025/438.pdf,
S01,S01,D&N Haveli and Daman & Diu,31,state_ut,uts,2023,6,6,registered cases (CR),"Total cyber crimes (IT Act + IPC + SLL, NCRB definition)","NCRB 'Crime in India' via MHA reply, Lok Sabha USQ 438 (02.12.2025)",S01_LS_USQ438_2025-12-02_AnnexII_2014-2023.txt,Annexure-II 'State/UT-wise Cases Registered under Cyber Crimes during 2014-2023'; annexure page header 'L.S. US.Q. NO. 438 FOR 02.12.2025'; no printed page no.,https://www.mha.gov.in/MHA1/Par2017/pdfs/par2025-pdfs/LS02122025/438.pdf,
S01,S01,Delhi,32,state_ut,uts,2014,226,226,registered cases (CR),"Total cyber crimes (IT Act + IPC + SLL, NCRB definition)","NCRB 'Crime in India' via MHA reply, Lok Sabha USQ 438 (02.12.2025)",S01_LS_USQ438_2025-12-02_AnnexII_2014-2023.txt,Annexure-II 'State/UT-wise Cases Registered under Cyber Crimes during 2014-2023'; annexure page header 'L.S. US.Q. NO. 438 FOR 02.12.2025'; no printed page no.,https://www.mha.gov.in/MHA1/Par2017/pdfs/par2025-pdfs/LS02122025/438.pdf,
S01,S01,Delhi,32,state_ut,uts,2015,177,177,registered cases (CR),"Total cyber crimes (IT Act + IPC + SLL, NCRB definition)","NCRB 'Crime in India' via MHA reply, Lok Sabha USQ 438 (02.12.2025)",S01_LS_USQ438_2025-12-02_AnnexII_2014-2023.txt,Annexure-II 'State/UT-wise Cases Registered under Cyber Crimes during 2014-2023'; annexure page header 'L.S. US.Q. NO. 438 FOR 02.12.2025'; no printed page no.,https://www.mha.gov.in/MHA1/Par2017/pdfs/par2025-pdfs/LS02122025/438.pdf,
S01,S01,Delhi,32,state_ut,uts,2016,98,98,registered cases (CR),"Total cyber crimes (IT Act + IPC + SLL, NCRB definition)","NCRB 'Crime in India' via MHA reply, Lok Sabha USQ 438 (02.12.2025)",S01_LS_USQ438_2025-12-02_AnnexII_2014-2023.txt,Annexure-II 'State/UT-wise Cases Registered under Cyber Crimes during 2014-2023'; annexure page header 'L.S. US.Q. NO. 438 FOR 02.12.2025'; no printed page no.,https://www.mha.gov.in/MHA1/Par2017/pdfs/par2025-pdfs/LS02122025/438.pdf,
S01,S01,Delhi,32,state_ut,uts,2017,162,162,registered cases (CR),"Total cyber crimes (IT Act + IPC + SLL, NCRB definition)","NCRB 'Crime in India' via MHA reply, Lok Sabha USQ 438 (02.12.2025)",S01_LS_USQ438_2025-12-02_AnnexII_2014-2023.txt,Annexure-II 'State/UT-wise Cases Registered under Cyber Crimes during 2014-2023'; annexure page header 'L.S. US.Q. NO. 438 FOR 02.12.2025'; no printed page no.,https://www.mha.gov.in/MHA1/Par2017/pdfs/par2025-pdfs/LS02122025/438.pdf,
S01,S01,Delhi,32,state_ut,uts,2018,189,189,registered cases (CR),"Total cyber crimes (IT Act + IPC + SLL, NCRB definition)","NCRB 'Crime in India' via MHA reply, Lok Sabha USQ 438 (02.12.2025)",S01_LS_USQ438_2025-12-02_AnnexII_2014-2023.txt,Annexure-II 'State/UT-wise Cases Registered under Cyber Crimes during 2014-2023'; annexure page header 'L.S. US.Q. NO. 438 FOR 02.12.2025'; no printed page no.,https://www.mha.gov.in/MHA1/Par2017/pdfs/par2025-pdfs/LS02122025/438.pdf,
S01,S01,Delhi,32,state_ut,uts,2019,115,115,registered cases (CR),"Total cyber crimes (IT Act + IPC + SLL, NCRB definition)","NCRB 'Crime in India' via MHA reply, Lok Sabha USQ 438 (02.12.2025)",S01_LS_USQ438_2025-12-02_AnnexII_2014-2023.txt,Annexure-II 'State/UT-wise Cases Registered under Cyber Crimes during 2014-2023'; annexure page header 'L.S. US.Q. NO. 438 FOR 02.12.2025'; no printed page no.,https://www.mha.gov.in/MHA1/Par2017/pdfs/par2025-pdfs/LS02122025/438.pdf,
S01,S01,Delhi,32,state_ut,uts,2020,168,168,registered cases (CR),"Total cyber crimes (IT Act + IPC + SLL, NCRB definition)","NCRB 'Crime in India' via MHA reply, Lok Sabha USQ 438 (02.12.2025)",S01_LS_USQ438_2025-12-02_AnnexII_2014-2023.txt,Annexure-II 'State/UT-wise Cases Registered under Cyber Crimes during 2014-2023'; annexure page header 'L.S. US.Q. NO. 438 FOR 02.12.2025'; no printed page no.,https://www.mha.gov.in/MHA1/Par2017/pdfs/par2025-pdfs/LS02122025/438.pdf,
S01,S01,Delhi,32,state_ut,uts,2021,356,356,registered cases (CR),"Total cyber crimes (IT Act + IPC + SLL, NCRB definition)","NCRB 'Crime in India' via MHA reply, Lok Sabha USQ 438 (02.12.2025)",S01_LS_USQ438_2025-12-02_AnnexII_2014-2023.txt,Annexure-II 'State/UT-wise Cases Registered under Cyber Crimes during 2014-2023'; annexure page header 'L.S. US.Q. NO. 438 FOR 02.12.2025'; no printed page no.,https://www.mha.gov.in/MHA1/Par2017/pdfs/par2025-pdfs/LS02122025/438.pdf,
S01,S01,Delhi,32,state_ut,uts,2022,685,685,registered cases (CR),"Total cyber crimes (IT Act + IPC + SLL, NCRB definition)","NCRB 'Crime in India' via MHA reply, Lok Sabha USQ 438 (02.12.2025)",S01_LS_USQ438_2025-12-02_AnnexII_2014-2023.txt,Annexure-II 'State/UT-wise Cases Registered under Cyber Crimes during 2014-2023'; annexure page header 'L.S. US.Q. NO. 438 FOR 02.12.2025'; no printed page no.,https://www.mha.gov.in/MHA1/Par2017/pdfs/par2025-pdfs/LS02122025/438.pdf,
S01,S01,Delhi,32,state_ut,uts,2023,407,407,registered cases (CR),"Total cyber crimes (IT Act + IPC + SLL, NCRB definition)","NCRB 'Crime in India' via MHA reply, Lok Sabha USQ 438 (02.12.2025)",S01_LS_USQ438_2025-12-02_AnnexII_2014-2023.txt,Annexure-II 'State/UT-wise Cases Registered under Cyber Crimes during 2014-2023'; annexure page header 'L.S. US.Q. NO. 438 FOR 02.12.2025'; no printed page no.,https://www.mha.gov.in/MHA1/Par2017/pdfs/par2025-pdfs/LS02122025/438.pdf,
S01,S01,Jammu & Kashmir,33,state_ut,uts,2014,37,37,registered cases (CR),"Total cyber crimes (IT Act + IPC + SLL, NCRB definition)","NCRB 'Crime in India' via MHA reply, Lok Sabha USQ 438 (02.12.2025)",S01_LS_USQ438_2025-12-02_AnnexII_2014-2023.txt,Annexure-II 'State/UT-wise Cases Registered under Cyber Crimes during 2014-2023'; annexure page header 'L.S. US.Q. NO. 438 FOR 02.12.2025'; no printed page no.,https://www.mha.gov.in/MHA1/Par2017/pdfs/par2025-pdfs/LS02122025/438.pdf,"Placed in UT block for all years; for 2014-2019 this is the erstwhile J&K State (incl. Ladakh; reorganised 31.10.2019). S01 TOTAL STATE(S) for 2014-2017 excludes J&K, unlike S08 (9285 vs 9322 in 2014)."
S01,S01,Jammu & Kashmir,33,state_ut,uts,2015,34,34,registered cases (CR),"Total cyber crimes (IT Act + IPC + SLL, NCRB definition)","NCRB 'Crime in India' via MHA reply, Lok Sabha USQ 438 (02.12.2025)",S01_LS_USQ438_2025-12-02_AnnexII_2014-2023.txt,Annexure-II 'State/UT-wise Cases Registered under Cyber Crimes during 2014-2023'; annexure page header 'L.S. US.Q. NO. 438 FOR 02.12.2025'; no printed page no.,https://www.mha.gov.in/MHA1/Par2017/pdfs/par2025-pdfs/LS02122025/438.pdf,Erstwhile J&K State (incl. Ladakh) counted in UT block - see 2014 note.
S01,S01,Jammu & Kashmir,33,state_ut,uts,2016,28,28,registered cases (CR),"Total cyber crimes (IT Act + IPC + SLL, NCRB definition)","NCRB 'Crime in India' via MHA reply, Lok Sabha USQ 438 (02.12.2025)",S01_LS_USQ438_2025-12-02_AnnexII_2014-2023.txt,Annexure-II 'State/UT-wise Cases Registered under Cyber Crimes during 2014-2023'; annexure page header 'L.S. US.Q. NO. 438 FOR 02.12.2025'; no printed page no.,https://www.mha.gov.in/MHA1/Par2017/pdfs/par2025-pdfs/LS02122025/438.pdf,Erstwhile J&K State (incl. Ladakh) counted in UT block - see 2014 note.
S01,S01,Jammu & Kashmir,33,state_ut,uts,2017,63,63,registered cases (CR),"Total cyber crimes (IT Act + IPC + SLL, NCRB definition)","NCRB 'Crime in India' via MHA reply, Lok Sabha USQ 438 (02.12.2025)",S01_LS_USQ438_2025-12-02_AnnexII_2014-2023.txt,Annexure-II 'State/UT-wise Cases Registered under Cyber Crimes during 2014-2023'; annexure page header 'L.S. US.Q. NO. 438 FOR 02.12.2025'; no printed page no.,https://www.mha.gov.in/MHA1/Par2017/pdfs/par2025-pdfs/LS02122025/438.pdf,Erstwhile J&K State (incl. Ladakh) counted in UT block - see 2014 note.
S01,S01,Jammu & Kashmir,33,state_ut,uts,2018,73,73,registered cases (CR),"Total cyber crimes (IT Act + IPC + SLL, NCRB definition)","NCRB 'Crime in India' via MHA reply, Lok Sabha USQ 438 (02.12.2025)",S01_LS_USQ438_2025-12-02_AnnexII_2014-2023.txt,Annexure-II 'State/UT-wise Cases Registered under Cyber Crimes during 2014-2023'; annexure page header 'L.S. US.Q. NO. 438 FOR 02.12.2025'; no printed page no.,https://www.mha.gov.in/MHA1/Par2017/pdfs/par2025-pdfs/LS02122025/438.pdf,Erstwhile J&K State incl. Ladakh (S04 footnote). Value 73 identical to 2019 - verify against Crime in India 2019 Table 9A.1 footnotes.
S01,S01,Jammu & Kashmir,33,state_ut,uts,2019,73,73,registered cases (CR),"Total cyber crimes (IT Act + IPC + SLL, NCRB definition)","NCRB 'Crime in India' via MHA reply, Lok Sabha USQ 438 (02.12.2025)",S01_LS_USQ438_2025-12-02_AnnexII_2014-2023.txt,Annexure-II 'State/UT-wise Cases Registered under Cyber Crimes during 2014-2023'; annexure page header 'L.S. US.Q. NO. 438 FOR 02.12.2025'; no printed page no.,https://www.mha.gov.in/MHA1/Par2017/pdfs/par2025-pdfs/LS02122025/438.pdf,Erstwhile J&K State incl. Ladakh (S04 footnote; reorganisation effective 31.10.2019).
S01,S01,Jammu & Kashmir,33,state_ut,uts,2020,120,120,registered cases (CR),"Total cyber crimes (IT Act + IPC + SLL, NCRB definition)","NCRB 'Crime in India' via MHA reply, Lok Sabha USQ 438 (02.12.2025)",S01_LS_USQ438_2025-12-02_AnnexII_2014-2023.txt,Annexure-II 'State/UT-wise Cases Registered under Cyber Crimes during 2014-2023'; annexure page header 'L.S. US.Q. NO. 438 FOR 02.12.2025'; no printed page no.,https://www.mha.gov.in/MHA1/Par2017/pdfs/par2025-pdfs/LS02122025/438.pdf,
S01,S01,Jammu & Kashmir,33,state_ut,uts,2021,154,154,registered cases (CR),"Total cyber crimes (IT Act + IPC + SLL, NCRB definition)","NCRB 'Crime in India' via MHA reply, Lok Sabha USQ 438 (02.12.2025)",S01_LS_USQ438_2025-12-02_AnnexII_2014-2023.txt,Annexure-II 'State/UT-wise Cases Registered under Cyber Crimes during 2014-2023'; annexure page header 'L.S. US.Q. NO. 438 FOR 02.12.2025'; no printed page no.,https://www.mha.gov.in/MHA1/Par2017/pdfs/par2025-pdfs/LS02122025/438.pdf,
S01,S01,Jammu & Kashmir,33,state_ut,uts,2022,173,173,registered cases (CR),"Total cyber crimes (IT Act + IPC + SLL, NCRB definition)","NCRB 'Crime in India' via MHA reply, Lok Sabha USQ 438 (02.12.2025)",S01_LS_USQ438_2025-12-02_AnnexII_2014-2023.txt,Annexure-II 'State/UT-wise Cases Registered under Cyber Crimes during 2014-2023'; annexure page header 'L.S. US.Q. NO. 438 FOR 02.12.2025'; no printed page no.,https://www.mha.gov.in/MHA1/Par2017/pdfs/par2025-pdfs/LS02122025/438.pdf,
S01,S01,Jammu & Kashmir,33,state_ut,uts,2023,185,185,registered cases (CR),"Total cyber crimes (IT Act + IPC + SLL, NCRB definition)","NCRB 'Crime in India' via MHA reply, Lok Sabha USQ 438 (02.12.2025)",S01_LS_USQ438_2025-12-02_AnnexII_2014-2023.txt,Annexure-II 'State/UT-wise Cases Registered under Cyber Crimes during 2014-2023'; annexure page header 'L.S. US.Q. NO. 438 FOR 02.12.2025'; no printed page no.,https://www.mha.gov.in/MHA1/Par2017/pdfs/par2025-pdfs/LS02122025/438.pdf,
S01,S01,Ladakh,34,state_ut,uts,2014,,,registered cases (CR),"Total cyber crimes (IT Act + IPC + SLL, NCRB definition)","NCRB 'Crime in India' via MHA reply, Lok Sabha USQ 438 (02.12.2025)",S01_LS_USQ438_2025-12-02_AnnexII_2014-2023.txt,Annexure-II 'State/UT-wise Cases Registered under Cyber Crimes during 2014-2023'; annexure page header 'L.S. US.Q. NO. 438 FOR 02.12.2025'; no printed page no.,https://www.mha.gov.in/MHA1/Par2017/pdfs/par2025-pdfs/LS02122025/438.pdf,"Blank cell in extracted text. | Source row prints only four values (1, 5, 3, 1) for ten year columns; year alignment could not be confirmed from the text layer, so cell left blank. Sum check: S01 TOTAL UT(S) minus the other seven UTs leaves exactly 1/5/3/1 for 2020/2021/2022/2023 and 0 for 2014-2019, matching S02-S07 - consistent with Ladakh '-' for 2014-2019; verify visually in PDF."
S01,S01,Ladakh,34,state_ut,uts,2015,,,registered cases (CR),"Total cyber crimes (IT Act + IPC + SLL, NCRB definition)","NCRB 'Crime in India' via MHA reply, Lok Sabha USQ 438 (02.12.2025)",S01_LS_USQ438_2025-12-02_AnnexII_2014-2023.txt,Annexure-II 'State/UT-wise Cases Registered under Cyber Crimes during 2014-2023'; annexure page header 'L.S. US.Q. NO. 438 FOR 02.12.2025'; no printed page no.,https://www.mha.gov.in/MHA1/Par2017/pdfs/par2025-pdfs/LS02122025/438.pdf,"Blank cell in extracted text. | Source row prints only four values (1, 5, 3, 1) for ten year columns; year alignment could not be confirmed from the text layer, so cell left blank. Sum check: S01 TOTAL UT(S) minus the other seven UTs leaves exactly 1/5/3/1 for 2020/2021/2022/2023 and 0 for 2014-2019, matching S02-S07 - consistent with Ladakh '-' for 2014-2019; verify visually in PDF."
S01,S01,Ladakh,34,state_ut,uts,2016,,,registered cases (CR),"Total cyber crimes (IT Act + IPC + SLL, NCRB definition)","NCRB 'Crime in India' via MHA reply, Lok Sabha USQ 438 (02.12.2025)",S01_LS_USQ438_2025-12-02_AnnexII_2014-2023.txt,Annexure-II 'State/UT-wise Cases Registered under Cyber Crimes during 2014-2023'; annexure page header 'L.S. US.Q. NO. 438 FOR 02.12.2025'; no printed page no.,https://www.mha.gov.in/MHA1/Par2017/pdfs/par2025-pdfs/LS02122025/438.pdf,"Blank cell in extracted text. | Source row prints only four values (1, 5, 3, 1) for ten year columns; year alignment could not be confirmed from the text layer, so cell left blank. Sum check: S01 TOTAL UT(S) minus the other seven UTs leaves exactly 1/5/3/1 for 2020/2021/2022/2023 and 0 for 2014-2019, matching S02-S07 - consistent with Ladakh '-' for 2014-2019; verify visually in PDF."
S01,S01,Ladakh,34,state_ut,uts,2017,,,registered cases (CR),"Total cyber crimes (IT Act + IPC + SLL, NCRB definition)","NCRB 'Crime in India' via MHA reply, Lok Sabha USQ 438 (02.12.2025)",S01_LS_USQ438_2025-12-02_AnnexII_2014-2023.txt,Annexure-II 'State/UT-wise Cases Registered under Cyber Crimes during 2014-2023'; annexure page header 'L.S. US.Q. NO. 438 FOR 02.12.2025'; no printed page no.,https://www.mha.gov.in/MHA1/Par2017/pdfs/par2025-pdfs/LS02122025/438.pdf,"Blank cell in extracted text. | Source row prints only four values (1, 5, 3, 1) for ten year columns; year alignment could not be confirmed from the text layer, so cell left blank. Sum check: S01 TOTAL UT(S) minus the other seven UTs leaves exactly 1/5/3/1 for 2020/2021/2022/2023 and 0 for 2014-2019, matching S02-S07 - consistent with Ladakh '-' for 2014-2019; verify visually in PDF."
S01,S01,Ladakh,34,state_ut,uts,2018,,,registered cases (CR),"Total cyber crimes (IT Act + IPC + SLL, NCRB definition)","NCRB 'Crime in India' via MHA reply, Lok Sabha USQ 438 (02.12.2025)",S01_LS_USQ438_2025-12-02_AnnexII_2014-2023.txt,Annexure-II 'State/UT-wise Cases Registered under Cyber Crimes during 2014-2023'; annexure page header 'L.S. US.Q. NO. 438 FOR 02.12.2025'; no printed page no.,https://www.mha.gov.in/MHA1/Par2017/pdfs/par2025-pdfs/LS02122025/438.pdf,"Blank cell in extracted text. | Source row prints only four values (1, 5, 3, 1) for ten year columns; year alignment could not be confirmed from the text layer, so cell left blank. Sum check: S01 TOTAL UT(S) minus the other seven UTs leaves exactly 1/5/3/1 for 2020/2021/2022/2023 and 0 for 2014-2019, matching S02-S07 - consistent with Ladakh '-' for 2014-2019; verify visually in PDF."
S01,S01,Ladakh,34,state_ut,uts,2019,,,registered cases (CR),"Total cyber crimes (IT Act + IPC + SLL, NCRB definition)","NCRB 'Crime in India' via MHA reply, Lok Sabha USQ 438 (02.12.2025)",S01_LS_USQ438_2025-12-02_AnnexII_2014-2023.txt,Annexure-II 'State/UT-wise Cases Registered under Cyber Crimes during 2014-2023'; annexure page header 'L.S. US.Q. NO. 438 FOR 02.12.2025'; no printed page no.,https://www.mha.gov.in/MHA1/Par2017/pdfs/par2025-pdfs/LS02122025/438.pdf,"Blank cell in extracted text. | Source row prints only four values (1, 5, 3, 1) for ten year columns; year alignment could not be confirmed from the text layer, so cell left blank. Sum check: S01 TOTAL UT(S) minus the other seven UTs leaves exactly 1/5/3/1 for 2020/2021/2022/2023 and 0 for 2014-2019, matching S02-S07 - consistent with Ladakh '-' for 2014-2019; verify visually in PDF."
S01,S01,Ladakh,34,state_ut,uts,2020,,,registered cases (CR),"Total cyber crimes (IT Act + IPC + SLL, NCRB definition)","NCRB 'Crime in India' via MHA reply, Lok Sabha USQ 438 (02.12.2025)",S01_LS_USQ438_2025-12-02_AnnexII_2014-2023.txt,Annexure-II 'State/UT-wise Cases Registered under Cyber Crimes during 2014-2023'; annexure page header 'L.S. US.Q. NO. 438 FOR 02.12.2025'; no printed page no.,https://www.mha.gov.in/MHA1/Par2017/pdfs/par2025-pdfs/LS02122025/438.pdf,"Blank cell in extracted text. | Source row prints only four values (1, 5, 3, 1) for ten year columns; year alignment could not be confirmed from the text layer, so cell left blank. Sum check: S01 TOTAL UT(S) minus the other seven UTs leaves exactly 1/5/3/1 for 2020/2021/2022/2023 and 0 for 2014-2019, matching S02-S07 - consistent with Ladakh '-' for 2014-2019; verify visually in PDF."
S01,S01,Ladakh,34,state_ut,uts,2021,,,registered cases (CR),"Total cyber crimes (IT Act + IPC + SLL, NCRB definition)","NCRB 'Crime in India' via MHA reply, Lok Sabha USQ 438 (02.12.2025)",S01_LS_USQ438_2025-12-02_AnnexII_2014-2023.txt,Annexure-II 'State/UT-wise Cases Registered under Cyber Crimes during 2014-2023'; annexure page header 'L.S. US.Q. NO. 438 FOR 02.12.2025'; no printed page no.,https://www.mha.gov.in/MHA1/Par2017/pdfs/par2025-pdfs/LS02122025/438.pdf,"Blank cell in extracted text. | Source row prints only four values (1, 5, 3, 1) for ten year columns; year alignment could not be confirmed from the text layer, so cell left blank. Sum check: S01 TOTAL UT(S) minus the other seven UTs leaves exactly 1/5/3/1 for 2020/2021/2022/2023 and 0 for 2014-2019, matching S02-S07 - consistent with Ladakh '-' for 2014-2019; verify visually in PDF."
S01,S01,Ladakh,34,state_ut,uts,2022,,,registered cases (CR),"Total cyber crimes (IT Act + IPC + SLL, NCRB definition)","NCRB 'Crime in India' via MHA reply, Lok Sabha USQ 438 (02.12.2025)",S01_LS_USQ438_2025-12-02_AnnexII_2014-2023.txt,Annexure-II 'State/UT-wise Cases Registered under Cyber Crimes during 2014-2023'; annexure page header 'L.S. US.Q. NO. 438 FOR 02.12.2025'; no printed page no.,https://www.mha.gov.in/MHA1/Par2017/pdfs/par2025-pdfs/LS02122025/438.pdf,"Blank cell in extracted text. | Source row prints only four values (1, 5, 3, 1) for ten year columns; year alignment could not be confirmed from the text layer, so cell left blank. Sum check: S01 TOTAL UT(S) minus the other seven UTs leaves exactly 1/5/3/1 for 2020/2021/2022/2023 and 0 for 2014-2019, matching S02-S07 - consistent with Ladakh '-' for 2014-2019; verify visually in PDF."
S01,S01,Ladakh,34,state_ut,uts,2023,,,registered cases (CR),"Total cyber crimes (IT Act + IPC + SLL, NCRB definition)","NCRB 'Crime in India' via MHA reply, Lok Sabha USQ 438 (02.12.2025)",S01_LS_USQ438_2025-12-02_AnnexII_2014-2023.txt,Annexure-II 'State/UT-wise Cases Registered under Cyber Crimes during 2014-2023'; annexure page header 'L.S. US.Q. NO. 438 FOR 02.12.2025'; no printed page no.,https://www.mha.gov.in/MHA1/Par2017/pdfs/par2025-pdfs/LS02122025/438.pdf,"Blank cell in extracted text. | Source row prints only four values (1, 5, 3, 1) for ten year columns; year alignment could not be confirmed from the text layer, so cell left blank. Sum check: S01 TOTAL UT(S) minus the other seven UTs leaves exactly 1/5/3/1 for 2020/2021/2022/2023 and 0 for 2014-2019, matching S02-S07 - consistent with Ladakh '-' for 2014-2019; verify visually in PDF."
S01,S01,Lakshadweep,35,state_ut,uts,2014,1,1,registered cases (CR),"Total cyber crimes (IT Act + IPC + SLL, NCRB definition)","NCRB 'Crime in India' via MHA reply, Lok Sabha USQ 438 (02.12.2025)",S01_LS_USQ438_2025-12-02_AnnexII_2014-2023.txt,Annexure-II 'State/UT-wise Cases Registered under Cyber Crimes during 2014-2023'; annexure page header 'L.S. US.Q. NO. 438 FOR 02.12.2025'; no printed page no.,https://www.mha.gov.in/MHA1/Par2017/pdfs/par2025-pdfs/LS02122025/438.pdf,
S01,S01,Lakshadweep,35,state_ut,uts,2015,0,0,registered cases (CR),"Total cyber crimes (IT Act + IPC + SLL, NCRB definition)","NCRB 'Crime in India' via MHA reply, Lok Sabha USQ 438 (02.12.2025)",S01_LS_USQ438_2025-12-02_AnnexII_2014-2023.txt,Annexure-II 'State/UT-wise Cases Registered under Cyber Crimes during 2014-2023'; annexure page header 'L.S. US.Q. NO. 438 FOR 02.12.2025'; no printed page no.,https://www.mha.gov.in/MHA1/Par2017/pdfs/par2025-pdfs/LS02122025/438.pdf,
S01,S01,Lakshadweep,35,state_ut,uts,2016,0,0,registered cases (CR),"Total cyber crimes (IT Act + IPC + SLL, NCRB definition)","NCRB 'Crime in India' via MHA reply, Lok Sabha USQ 438 (02.12.2025)",S01_LS_USQ438_2025-12-02_AnnexII_2014-2023.txt,Annexure-II 'State/UT-wise Cases Registered under Cyber Crimes during 2014-2023'; annexure page header 'L.S. US.Q. NO. 438 FOR 02.12.2025'; no printed page no.,https://www.mha.gov.in/MHA1/Par2017/pdfs/par2025-pdfs/LS02122025/438.pdf,
S01,S01,Lakshadweep,35,state_ut,uts,2017,0,0,registered cases (CR),"Total cyber crimes (IT Act + IPC + SLL, NCRB definition)","NCRB 'Crime in India' via MHA reply, Lok Sabha USQ 438 (02.12.2025)",S01_LS_USQ438_2025-12-02_AnnexII_2014-2023.txt,Annexure-II 'State/UT-wise Cases Registered under Cyber Crimes during 2014-2023'; annexure page header 'L.S. US.Q. NO. 438 FOR 02.12.2025'; no printed page no.,https://www.mha.gov.in/MHA1/Par2017/pdfs/par2025-pdfs/LS02122025/438.pdf,
S01,S01,Lakshadweep,35,state_ut,uts,2018,4,4,registered cases (CR),"Total cyber crimes (IT Act + IPC + SLL, NCRB definition)","NCRB 'Crime in India' via MHA reply, Lok Sabha USQ 438 (02.12.2025)",S01_LS_USQ438_2025-12-02_AnnexII_2014-2023.txt,Annexure-II 'State/UT-wise Cases Registered under Cyber Crimes during 2014-2023'; annexure page header 'L.S. US.Q. NO. 438 FOR 02.12.2025'; no printed page no.,https://www.mha.gov.in/MHA1/Par2017/pdfs/par2025-pdfs/LS02122025/438.pdf,Value 4 identical to 2019 - verify against Crime in India 2019.
S01,S01,Lakshadweep,35,state_ut,uts,2019,4,4,registered cases (CR),"Total cyber crimes (IT Act + IPC + SLL, NCRB definition)","NCRB 'Crime in India' via MHA reply, Lok Sabha USQ 438 (02.12.2025)",S01_LS_USQ438_2025-12-02_AnnexII_2014-2023.txt,Annexure-II 'State/UT-wise Cases Registered under Cyber Crimes during 2014-2023'; annexure page header 'L.S. US.Q. NO. 438 FOR 02.12.2025'; no printed page no.,https://www.mha.gov.in/MHA1/Par2017/pdfs/par2025-pdfs/LS02122025/438.pdf,
S01,S01,Lakshadweep,35,state_ut,uts,2020,3,3,registered cases (CR),"Total cyber crimes (IT Act + IPC + SLL, NCRB definition)","NCRB 'Crime in India' via MHA reply, Lok Sabha USQ 438 (02.12.2025)",S01_LS_USQ438_2025-12-02_AnnexII_2014-2023.txt,Annexure-II 'State/UT-wise Cases Registered under Cyber Crimes during 2014-2023'; annexure page header 'L.S. US.Q. NO. 438 FOR 02.12.2025'; no printed page no.,https://www.mha.gov.in/MHA1/Par2017/pdfs/par2025-pdfs/LS02122025/438.pdf,
S01,S01,Lakshadweep,35,state_ut,uts,2021,1,1,registered cases (CR),"Total cyber crimes (IT Act + IPC + SLL, NCRB definition)","NCRB 'Crime in India' via MHA reply, Lok Sabha USQ 438 (02.12.2025)",S01_LS_USQ438_2025-12-02_AnnexII_2014-2023.txt,Annexure-II 'State/UT-wise Cases Registered under Cyber Crimes during 2014-2023'; annexure page header 'L.S. US.Q. NO. 438 FOR 02.12.2025'; no printed page no.,https://www.mha.gov.in/MHA1/Par2017/pdfs/par2025-pdfs/LS02122025/438.pdf,
S01,S01,Lakshadweep,35,state_ut,uts,2022,1,1,registered cases (CR),"Total cyber crimes (IT Act + IPC + SLL, NCRB definition)","NCRB 'Crime in India' via MHA reply, Lok Sabha USQ 438 (02.12.2025)",S01_LS_USQ438_2025-12-02_AnnexII_2014-2023.txt,Annexure-II 'State/UT-wise Cases Registered under Cyber Crimes during 2014-2023'; annexure page header 'L.S. US.Q. NO. 438 FOR 02.12.2025'; no printed page no.,https://www.mha.gov.in/MHA1/Par2017/pdfs/par2025-pdfs/LS02122025/438.pdf,
S01,S01,Lakshadweep,35,state_ut,uts,2023,1,1,registered cases (CR),"Total cyber crimes (IT Act + IPC + SLL, NCRB definition)","NCRB 'Crime in India' via MHA reply, Lok Sabha USQ 438 (02.12.2025)",S01_LS_USQ438_2025-12-02_AnnexII_2014-2023.txt,Annexure-II 'State/UT-wise Cases Registered under Cyber Crimes during 2014-2023'; annexure page header 'L.S. US.Q. NO. 438 FOR 02.12.2025'; no printed page no.,https://www.mha.gov.in/MHA1/Par2017/pdfs/par2025-pdfs/LS02122025/438.pdf,
S01,S01,Puducherry,36,state_ut,uts,2014,1,1,registered cases (CR),"Total cyber crimes (IT Act + IPC + SLL, NCRB definition)","NCRB 'Crime in India' via MHA reply, Lok Sabha USQ 438 (02.12.2025)",S01_LS_USQ438_2025-12-02_AnnexII_2014-2023.txt,Annexure-II 'State/UT-wise Cases Registered under Cyber Crimes during 2014-2023'; annexure page header 'L.S. US.Q. NO. 438 FOR 02.12.2025'; no printed page no.,https://www.mha.gov.in/MHA1/Par2017/pdfs/par2025-pdfs/LS02122025/438.pdf,
S01,S01,Puducherry,36,state_ut,uts,2015,0,0,registered cases (CR),"Total cyber crimes (IT Act + IPC + SLL, NCRB definition)","NCRB 'Crime in India' via MHA reply, Lok Sabha USQ 438 (02.12.2025)",S01_LS_USQ438_2025-12-02_AnnexII_2014-2023.txt,Annexure-II 'State/UT-wise Cases Registered under Cyber Crimes during 2014-2023'; annexure page header 'L.S. US.Q. NO. 438 FOR 02.12.2025'; no printed page no.,https://www.mha.gov.in/MHA1/Par2017/pdfs/par2025-pdfs/LS02122025/438.pdf,
S01,S01,Puducherry,36,state_ut,uts,2016,2,2,registered cases (CR),"Total cyber crimes (IT Act + IPC + SLL, NCRB definition)","NCRB 'Crime in India' via MHA reply, Lok Sabha USQ 438 (02.12.2025)",S01_LS_USQ438_2025-12-02_AnnexII_2014-2023.txt,Annexure-II 'State/UT-wise Cases Registered under Cyber Crimes during 2014-2023'; annexure page header 'L.S. US.Q. NO. 438 FOR 02.12.2025'; no printed page no.,https://www.mha.gov.in/MHA1/Par2017/pdfs/par2025-pdfs/LS02122025/438.pdf,
S01,S01,Puducherry,36,state_ut,uts,2017,5,5,registered cases (CR),"Total cyber crimes (IT Act + IPC + SLL, NCRB definition)","NCRB 'Crime in India' via MHA reply, Lok Sabha USQ 438 (02.12.2025)",S01_LS_USQ438_2025-12-02_AnnexII_2014-2023.txt,Annexure-II 'State/UT-wise Cases Registered under Cyber Crimes during 2014-2023'; annexure page header 'L.S. US.Q. NO. 438 FOR 02.12.2025'; no printed page no.,https://www.mha.gov.in/MHA1/Par2017/pdfs/par2025-pdfs/LS02122025/438.pdf,
S01,S01,Puducherry,36,state_ut,uts,2018,14,14,registered cases (CR),"Total cyber crimes (IT Act + IPC + SLL, NCRB definition)","NCRB 'Crime in India' via MHA reply, Lok Sabha USQ 438 (02.12.2025)",S01_LS_USQ438_2025-12-02_AnnexII_2014-2023.txt,Annexure-II 'State/UT-wise Cases Registered under Cyber Crimes during 2014-2023'; annexure page header 'L.S. US.Q. NO. 438 FOR 02.12.2025'; no printed page no.,https://www.mha.gov.in/MHA1/Par2017/pdfs/par2025-pdfs/LS02122025/438.pdf,
S01,S01,Puducherry,36,state_ut,uts,2019,4,4,registered cases (CR),"Total cyber crimes (IT Act + IPC + SLL, NCRB definition)","NCRB 'Crime in India' via MHA reply, Lok Sabha USQ 438 (02.12.2025)",S01_LS_USQ438_2025-12-02_AnnexII_2014-2023.txt,Annexure-II 'State/UT-wise Cases Registered under Cyber Crimes during 2014-2023'; annexure page header 'L.S. US.Q. NO. 438 FOR 02.12.2025'; no printed page no.,https://www.mha.gov.in/MHA1/Par2017/pdfs/par2025-pdfs/LS02122025/438.pdf,
S01,S01,Puducherry,36,state_ut,uts,2020,10,10,registered cases (CR),"Total cyber crimes (IT Act + IPC + SLL, NCRB definition)","NCRB 'Crime in India' via MHA reply, Lok Sabha USQ 438 (02.12.2025)",S01_LS_USQ438_2025-12-02_AnnexII_2014-2023.txt,Annexure-II 'State/UT-wise Cases Registered under Cyber Crimes during 2014-2023'; annexure page header 'L.S. US.Q. NO. 438 FOR 02.12.2025'; no printed page no.,https://www.mha.gov.in/MHA1/Par2017/pdfs/par2025-pdfs/LS02122025/438.pdf,
S01,S01,Puducherry,36,state_ut,uts,2021,0,0,registered cases (CR),"Total cyber crimes (IT Act + IPC + SLL, NCRB definition)","NCRB 'Crime in India' via MHA reply, Lok Sabha USQ 438 (02.12.2025)",S01_LS_USQ438_2025-12-02_AnnexII_2014-2023.txt,Annexure-II 'State/UT-wise Cases Registered under Cyber Crimes during 2014-2023'; annexure page header 'L.S. US.Q. NO. 438 FOR 02.12.2025'; no printed page no.,https://www.mha.gov.in/MHA1/Par2017/pdfs/par2025-pdfs/LS02122025/438.pdf,
S01,S01,Puducherry,36,state_ut,uts,2022,64,64,registered cases (CR),"Total cyber crimes (IT Act + IPC + SLL, NCRB definition)","NCRB 'Crime in India' via MHA reply, Lok Sabha USQ 438 (02.12.2025)",S01_LS_USQ438_2025-12-02_AnnexII_2014-2023.txt,Annexure-II 'State/UT-wise Cases Registered under Cyber Crimes during 2014-2023'; annexure page header 'L.S. US.Q. NO. 438 FOR 02.12.2025'; no printed page no.,https://www.mha.gov.in/MHA1/Par2017/pdfs/par2025-pdfs/LS02122025/438.pdf,
S01,S01,Puducherry,36,state_ut,uts,2023,147,147,registered cases (CR),"Total cyber crimes (IT Act + IPC + SLL, NCRB definition)","NCRB 'Crime in India' via MHA reply, Lok Sabha USQ 438 (02.12.2025)",S01_LS_USQ438_2025-12-02_AnnexII_2014-2023.txt,Annexure-II 'State/UT-wise Cases Registered under Cyber Crimes during 2014-2023'; annexure page header 'L.S. US.Q. NO. 438 FOR 02.12.2025'; no printed page no.,https://www.mha.gov.in/MHA1/Par2017/pdfs/par2025-pdfs/LS02122025/438.pdf,
S01,S01,TOTAL UT(S),,total_uts,uts,2014,337,337,registered cases (CR),"Total cyber crimes (IT Act + IPC + SLL, NCRB definition)","NCRB 'Crime in India' via MHA reply, Lok Sabha USQ 438 (02.12.2025)",S01_LS_USQ438_2025-12-02_AnnexII_2014-2023.txt,Annexure-II 'State/UT-wise Cases Registered under Cyber Crimes during 2014-2023'; annexure page header 'L.S. US.Q. NO. 438 FOR 02.12.2025'; no printed page no.,https://www.mha.gov.in/MHA1/Par2017/pdfs/par2025-pdfs/LS02122025/438.pdf,
S01,S01,TOTAL UT(S),,total_uts,uts,2015,295,295,registered cases (CR),"Total cyber crimes (IT Act + IPC + SLL, NCRB definition)","NCRB 'Crime in India' via MHA reply, Lok Sabha USQ 438 (02.12.2025)",S01_LS_USQ438_2025-12-02_AnnexII_2014-2023.txt,Annexure-II 'State/UT-wise Cases Registered under Cyber Crimes during 2014-2023'; annexure page header 'L.S. US.Q. NO. 438 FOR 02.12.2025'; no printed page no.,https://www.mha.gov.in/MHA1/Par2017/pdfs/par2025-pdfs/LS02122025/438.pdf,
S01,S01,TOTAL UT(S),,total_uts,uts,2016,158,158,registered cases (CR),"Total cyber crimes (IT Act + IPC + SLL, NCRB definition)","NCRB 'Crime in India' via MHA reply, Lok Sabha USQ 438 (02.12.2025)",S01_LS_USQ438_2025-12-02_AnnexII_2014-2023.txt,Annexure-II 'State/UT-wise Cases Registered under Cyber Crimes during 2014-2023'; annexure page header 'L.S. US.Q. NO. 438 FOR 02.12.2025'; no printed page no.,https://www.mha.gov.in/MHA1/Par2017/pdfs/par2025-pdfs/LS02122025/438.pdf,
S01,S01,TOTAL UT(S),,total_uts,uts,2017,266,266,registered cases (CR),"Total cyber crimes (IT Act + IPC + SLL, NCRB definition)","NCRB 'Crime in India' via MHA reply, Lok Sabha USQ 438 (02.12.2025)",S01_LS_USQ438_2025-12-02_AnnexII_2014-2023.txt,Annexure-II 'State/UT-wise Cases Registered under Cyber Crimes during 2014-2023'; annexure page header 'L.S. US.Q. NO. 438 FOR 02.12.2025'; no printed page no.,https://www.mha.gov.in/MHA1/Par2017/pdfs/par2025-pdfs/LS02122025/438.pdf,
S01,S01,TOTAL UT(S),,total_uts,uts,2018,317,317,registered cases (CR),"Total cyber crimes (IT Act + IPC + SLL, NCRB definition)","NCRB 'Crime in India' via MHA reply, Lok Sabha USQ 438 (02.12.2025)",S01_LS_USQ438_2025-12-02_AnnexII_2014-2023.txt,Annexure-II 'State/UT-wise Cases Registered under Cyber Crimes during 2014-2023'; annexure page header 'L.S. US.Q. NO. 438 FOR 02.12.2025'; no printed page no.,https://www.mha.gov.in/MHA1/Par2017/pdfs/par2025-pdfs/LS02122025/438.pdf,
S01,S01,TOTAL UT(S),,total_uts,uts,2019,224,224,registered cases (CR),"Total cyber crimes (IT Act + IPC + SLL, NCRB definition)","NCRB 'Crime in India' via MHA reply, Lok Sabha USQ 438 (02.12.2025)",S01_LS_USQ438_2025-12-02_AnnexII_2014-2023.txt,Annexure-II 'State/UT-wise Cases Registered under Cyber Crimes during 2014-2023'; annexure page header 'L.S. US.Q. NO. 438 FOR 02.12.2025'; no printed page no.,https://www.mha.gov.in/MHA1/Par2017/pdfs/par2025-pdfs/LS02122025/438.pdf,
S01,S01,TOTAL UT(S),,total_uts,uts,2020,327,327,registered cases (CR),"Total cyber crimes (IT Act + IPC + SLL, NCRB definition)","NCRB 'Crime in India' via MHA reply, Lok Sabha USQ 438 (02.12.2025)",S01_LS_USQ438_2025-12-02_AnnexII_2014-2023.txt,Annexure-II 'State/UT-wise Cases Registered under Cyber Crimes during 2014-2023'; annexure page header 'L.S. US.Q. NO. 438 FOR 02.12.2025'; no printed page no.,https://www.mha.gov.in/MHA1/Par2017/pdfs/par2025-pdfs/LS02122025/438.pdf,
S01,S01,TOTAL UT(S),,total_uts,uts,2021,544,544,registered cases (CR),"Total cyber crimes (IT Act + IPC + SLL, NCRB definition)","NCRB 'Crime in India' via MHA reply, Lok Sabha USQ 438 (02.12.2025)",S01_LS_USQ438_2025-12-02_AnnexII_2014-2023.txt,Annexure-II 'State/UT-wise Cases Registered under Cyber Crimes during 2014-2023'; annexure page header 'L.S. US.Q. NO. 438 FOR 02.12.2025'; no printed page no.,https://www.mha.gov.in/MHA1/Par2017/pdfs/par2025-pdfs/LS02122025/438.pdf,
S01,S01,TOTAL UT(S),,total_uts,uts,2022,986,986,registered cases (CR),"Total cyber crimes (IT Act + IPC + SLL, NCRB definition)","NCRB 'Crime in India' via MHA reply, Lok Sabha USQ 438 (02.12.2025)",S01_LS_USQ438_2025-12-02_AnnexII_2014-2023.txt,Annexure-II 'State/UT-wise Cases Registered under Cyber Crimes during 2014-2023'; annexure page header 'L.S. US.Q. NO. 438 FOR 02.12.2025'; no printed page no.,https://www.mha.gov.in/MHA1/Par2017/pdfs/par2025-pdfs/LS02122025/438.pdf,
S01,S01,TOTAL UT(S),,total_uts,uts,2023,817,817,registered cases (CR),"Total cyber crimes (IT Act + IPC + SLL, NCRB definition)","NCRB 'Crime in India' via MHA reply, Lok Sabha USQ 438 (02.12.2025)",S01_LS_USQ438_2025-12-02_AnnexII_2014-2023.txt,Annexure-II 'State/UT-wise Cases Registered under Cyber Crimes during 2014-2023'; annexure page header 'L.S. US.Q. NO. 438 FOR 02.12.2025'; no printed page no.,https://www.mha.gov.in/MHA1/Par2017/pdfs/par2025-pdfs/LS02122025/438.pdf,
S01,S01,TOTAL (ALL INDIA),,total_all_india,all_india,2014,9622,9622,registered cases (CR),"Total cyber crimes (IT Act + IPC + SLL, NCRB definition)","NCRB 'Crime in India' via MHA reply, Lok Sabha USQ 438 (02.12.2025)",S01_LS_USQ438_2025-12-02_AnnexII_2014-2023.txt,Annexure-II 'State/UT-wise Cases Registered under Cyber Crimes during 2014-2023'; annexure page header 'L.S. US.Q. NO. 438 FOR 02.12.2025'; no printed page no.,https://www.mha.gov.in/MHA1/Par2017/pdfs/par2025-pdfs/LS02122025/438.pdf,
S01,S01,TOTAL (ALL INDIA),,total_all_india,all_india,2015,11592,11592,registered cases (CR),"Total cyber crimes (IT Act + IPC + SLL, NCRB definition)","NCRB 'Crime in India' via MHA reply, Lok Sabha USQ 438 (02.12.2025)",S01_LS_USQ438_2025-12-02_AnnexII_2014-2023.txt,Annexure-II 'State/UT-wise Cases Registered under Cyber Crimes during 2014-2023'; annexure page header 'L.S. US.Q. NO. 438 FOR 02.12.2025'; no printed page no.,https://www.mha.gov.in/MHA1/Par2017/pdfs/par2025-pdfs/LS02122025/438.pdf,
S01,S01,TOTAL (ALL INDIA),,total_all_india,all_india,2016,12317,12317,registered cases (CR),"Total cyber crimes (IT Act + IPC + SLL, NCRB definition)","NCRB 'Crime in India' via MHA reply, Lok Sabha USQ 438 (02.12.2025)",S01_LS_USQ438_2025-12-02_AnnexII_2014-2023.txt,Annexure-II 'State/UT-wise Cases Registered under Cyber Crimes during 2014-2023'; annexure page header 'L.S. US.Q. NO. 438 FOR 02.12.2025'; no printed page no.,https://www.mha.gov.in/MHA1/Par2017/pdfs/par2025-pdfs/LS02122025/438.pdf,
S01,S01,TOTAL (ALL INDIA),,total_all_india,all_india,2017,21796,21796,registered cases (CR),"Total cyber crimes (IT Act + IPC + SLL, NCRB definition)","NCRB 'Crime in India' via MHA reply, Lok Sabha USQ 438 (02.12.2025)",S01_LS_USQ438_2025-12-02_AnnexII_2014-2023.txt,Annexure-II 'State/UT-wise Cases Registered under Cyber Crimes during 2014-2023'; annexure page header 'L.S. US.Q. NO. 438 FOR 02.12.2025'; no printed page no.,https://www.mha.gov.in/MHA1/Par2017/pdfs/par2025-pdfs/LS02122025/438.pdf,
S01,S01,TOTAL (ALL INDIA),,total_all_india,all_india,2018,27248,27248,registered cases (CR),"Total cyber crimes (IT Act + IPC + SLL, NCRB definition)","NCRB 'Crime in India' via MHA reply, Lok Sabha USQ 438 (02.12.2025)",S01_LS_USQ438_2025-12-02_AnnexII_2014-2023.txt,Annexure-II 'State/UT-wise Cases Registered under Cyber Crimes during 2014-2023'; annexure page header 'L.S. US.Q. NO. 438 FOR 02.12.2025'; no printed page no.,https://www.mha.gov.in/MHA1/Par2017/pdfs/par2025-pdfs/LS02122025/438.pdf,
S01,S01,TOTAL (ALL INDIA),,total_all_india,all_india,2019,44735,44735,registered cases (CR),"Total cyber crimes (IT Act + IPC + SLL, NCRB definition)","NCRB 'Crime in India' via MHA reply, Lok Sabha USQ 438 (02.12.2025)",S01_LS_USQ438_2025-12-02_AnnexII_2014-2023.txt,Annexure-II 'State/UT-wise Cases Registered under Cyber Crimes during 2014-2023'; annexure page header 'L.S. US.Q. NO. 438 FOR 02.12.2025'; no printed page no.,https://www.mha.gov.in/MHA1/Par2017/pdfs/par2025-pdfs/LS02122025/438.pdf,
S01,S01,TOTAL (ALL INDIA),,total_all_india,all_india,2020,50035,50035,registered cases (CR),"Total cyber crimes (IT Act + IPC + SLL, NCRB definition)","NCRB 'Crime in India' via MHA reply, Lok Sabha USQ 438 (02.12.2025)",S01_LS_USQ438_2025-12-02_AnnexII_2014-2023.txt,Annexure-II 'State/UT-wise Cases Registered under Cyber Crimes during 2014-2023'; annexure page header 'L.S. US.Q. NO. 438 FOR 02.12.2025'; no printed page no.,https://www.mha.gov.in/MHA1/Par2017/pdfs/par2025-pdfs/LS02122025/438.pdf,
S01,S01,TOTAL (ALL INDIA),,total_all_india,all_india,2021,52974,52974,registered cases (CR),"Total cyber crimes (IT Act + IPC + SLL, NCRB definition)","NCRB 'Crime in India' via MHA reply, Lok Sabha USQ 438 (02.12.2025)",S01_LS_USQ438_2025-12-02_AnnexII_2014-2023.txt,Annexure-II 'State/UT-wise Cases Registered under Cyber Crimes during 2014-2023'; annexure page header 'L.S. US.Q. NO. 438 FOR 02.12.2025'; no printed page no.,https://www.mha.gov.in/MHA1/Par2017/pdfs/par2025-pdfs/LS02122025/438.pdf,
S01,S01,TOTAL (ALL INDIA),,total_all_india,all_india,2022,65893,65893,registered cases (CR),"Total cyber crimes (IT Act + IPC + SLL, NCRB definition)","NCRB 'Crime in India' via MHA reply, Lok Sabha USQ 438 (02.12.2025)",S01_LS_USQ438_2025-12-02_AnnexII_2014-2023.txt,Annexure-II 'State/UT-wise Cases Registered under Cyber Crimes during 2014-2023'; annexure page header 'L.S. US.Q. NO. 438 FOR 02.12.2025'; no printed page no.,https://www.mha.gov.in/MHA1/Par2017/pdfs/par2025-pdfs/LS02122025/438.pdf,
S01,S01,TOTAL (ALL INDIA),,total_all_india,all_india,2023,86420,86420,registered cases (CR),"Total cyber crimes (IT Act + IPC + SLL, NCRB definition)","NCRB 'Crime in India' via MHA reply, Lok Sabha USQ 438 (02.12.2025)",S01_LS_USQ438_2025-12-02_AnnexII_2014-2023.txt,Annexure-II 'State/UT-wise Cases Registered under Cyber Crimes during 2014-2023'; annexure page header 'L.S. US.Q. NO. 438 FOR 02.12.2025'; no printed page no.,https://www.mha.gov.in/MHA1/Par2017/pdfs/par2025-pdfs/LS02122025/438.pdf,
